# Blender 4.3.2
# www.blender.org
mtllib sphere2.mtl
usemtl sphere2
o Sphere
v 0.000000 0.980785 0.195090
v 0.000000 0.956940 0.290285
v 0.000000 0.803208 0.595699
v 0.000000 0.740951 0.671559
v 0.000000 0.707107 0.707107
v 0.000000 0.671559 0.740951
v 0.000000 0.595699 0.803208
v 0.000000 0.555570 0.831470
v 0.000000 0.514103 0.857729
v 0.000000 0.471397 0.881921
v 0.000000 0.427555 0.903989
v 0.000000 0.382683 0.923880
v 0.000000 0.336890 0.941544
v 0.000000 0.290285 0.956940
v 0.000000 0.242980 0.970031
v 0.000000 0.146730 0.989177
v 0.000000 0.098017 0.995185
v 0.000000 0.049068 0.998795
v 0.000000 0.000000 1.000000
v 0.000000 -0.098017 0.995185
v 0.000000 -0.146730 0.989177
v 0.000000 -0.242980 0.970031
v 0.000000 -0.290285 0.956940
v 0.000000 -0.382683 0.923880
v 0.000000 -0.427555 0.903989
v 0.000000 -0.471397 0.881921
v 0.000000 -0.514103 0.857729
v 0.000000 -0.555570 0.831470
v 0.000000 -0.595699 0.803208
v 0.000000 -0.671559 0.740951
v 0.000000 -0.707107 0.707107
v 0.000000 -0.740951 0.671559
v 0.000000 -0.773010 0.634393
v 0.000000 -0.803208 0.595699
v 0.000000 -0.857729 0.514103
v 0.000000 -0.881921 0.471397
v 0.000000 -0.903989 0.427555
v 0.000000 -0.923880 0.382683
v 0.000000 -0.941544 0.336890
v 0.000000 -0.956940 0.290285
v 0.000000 -0.980785 0.195090
v -0.004809 0.998795 0.048831
v -0.009607 0.995185 0.097545
v -0.014382 0.989177 0.146024
v -0.019122 0.980785 0.194151
v -0.023816 0.970031 0.241810
v -0.028453 0.956940 0.288887
v -0.033021 0.941544 0.335268
v -0.037510 0.923880 0.380841
v -0.041908 0.903989 0.425496
v -0.046205 0.881921 0.469127
v -0.050391 0.857729 0.511627
v -0.054455 0.831470 0.552895
v -0.058389 0.803208 0.592831
v -0.062181 0.773010 0.631339
v -0.065824 0.740951 0.668325
v -0.069309 0.707107 0.703702
v -0.072626 0.671559 0.737383
v -0.075768 0.634393 0.769288
v -0.078728 0.595699 0.799340
v -0.081498 0.555570 0.827466
v -0.084072 0.514103 0.853598
v -0.086443 0.471397 0.877675
v -0.088606 0.427555 0.899636
v -0.090556 0.382683 0.919431
v -0.092287 0.336890 0.937010
v -0.093797 0.290285 0.952332
v -0.095080 0.242980 0.965360
v -0.096134 0.195090 0.976062
v -0.096956 0.146730 0.984413
v -0.097545 0.098017 0.990393
v -0.097899 0.049068 0.993986
v -0.098017 0.000000 0.995185
v -0.097899 -0.049068 0.993986
v -0.097545 -0.098017 0.990393
v -0.096956 -0.146730 0.984413
v -0.096134 -0.195090 0.976062
v -0.095080 -0.242980 0.965360
v -0.093797 -0.290285 0.952332
v -0.092287 -0.336890 0.937010
v -0.090556 -0.382683 0.919431
v -0.088606 -0.427555 0.899636
v -0.086443 -0.471397 0.877675
v -0.084072 -0.514103 0.853598
v -0.081498 -0.555570 0.827466
v -0.078728 -0.595699 0.799340
v -0.075768 -0.634393 0.769288
v -0.072626 -0.671559 0.737383
v -0.069309 -0.707107 0.703702
v -0.065824 -0.740951 0.668325
v -0.062181 -0.773010 0.631339
v -0.058389 -0.803208 0.592831
v -0.054455 -0.831470 0.552895
v -0.050391 -0.857729 0.511627
v -0.046205 -0.881921 0.469127
v -0.041908 -0.903989 0.425496
v -0.037510 -0.923880 0.380841
v -0.033021 -0.941544 0.335268
v -0.028453 -0.956940 0.288887
v -0.023816 -0.970031 0.241810
v -0.019122 -0.980785 0.194151
v -0.014382 -0.989177 0.146024
v -0.009607 -0.995185 0.097545
v -0.004809 -0.998795 0.048831
v -0.009573 0.998795 0.048125
v -0.019122 0.995185 0.096134
v -0.028626 0.989177 0.143911
v -0.038060 0.980785 0.191342
v -0.047403 0.970031 0.238311
v -0.056632 0.956940 0.284707
v -0.065724 0.941544 0.330417
v -0.074658 0.923880 0.375330
v -0.083412 0.903989 0.419340
v -0.091965 0.881921 0.462339
v -0.100296 0.857729 0.504224
v -0.108386 0.831470 0.544895
v -0.116215 0.803208 0.584253
v -0.123764 0.773010 0.622204
v -0.131015 0.740951 0.658655
v -0.137950 0.707107 0.693520
v -0.144552 0.671559 0.726714
v -0.150807 0.634393 0.758157
v -0.156698 0.595699 0.787774
v -0.162212 0.555570 0.815493
v -0.167335 0.514103 0.841248
v -0.172054 0.471397 0.864975
v -0.176360 0.427555 0.886619
v -0.180240 0.382683 0.906127
v -0.183686 0.336890 0.923452
v -0.186690 0.290285 0.938553
v -0.189244 0.242980 0.951392
v -0.191342 0.195090 0.961940
v -0.192979 0.146730 0.970170
v -0.194151 0.098017 0.976062
v -0.194855 0.049068 0.979604
v -0.195090 0.000000 0.980785
v -0.194855 -0.049068 0.979604
v -0.194151 -0.098017 0.976062
v -0.192979 -0.146730 0.970170
v -0.191342 -0.195090 0.961940
v -0.189244 -0.242980 0.951392
v -0.186690 -0.290285 0.938553
v -0.183686 -0.336890 0.923452
v -0.180240 -0.382683 0.906127
v -0.176360 -0.427555 0.886619
v -0.172054 -0.471397 0.864975
v -0.167335 -0.514103 0.841248
v -0.162212 -0.555570 0.815493
v -0.156698 -0.595699 0.787774
v -0.150807 -0.634393 0.758157
v -0.144552 -0.671559 0.726714
v -0.137950 -0.707107 0.693520
v -0.131015 -0.740951 0.658655
v -0.123764 -0.773010 0.622204
v -0.116215 -0.803208 0.584253
v -0.108386 -0.831470 0.544895
v -0.100296 -0.857729 0.504224
v -0.091965 -0.881921 0.462339
v -0.083412 -0.903989 0.419340
v -0.074658 -0.923880 0.375330
v -0.065724 -0.941544 0.330417
v -0.056632 -0.956940 0.284707
v -0.047403 -0.970031 0.238311
v -0.038060 -0.980785 0.191342
v -0.028626 -0.989177 0.143911
v -0.019122 -0.995185 0.096134
v -0.009573 -0.998795 0.048125
v -0.014244 0.998795 0.046955
v -0.028453 0.995185 0.093797
v -0.042594 0.989177 0.140412
v -0.056632 0.980785 0.186690
v -0.070533 0.970031 0.232518
v -0.084265 0.956940 0.277785
v -0.097794 0.941544 0.322383
v -0.111087 0.923880 0.366205
v -0.124113 0.903989 0.409145
v -0.136839 0.881921 0.451099
v -0.149236 0.857729 0.491966
v -0.161274 0.831470 0.531648
v -0.172922 0.803208 0.570049
v -0.184155 0.773010 0.607077
v -0.194943 0.740951 0.642642
v -0.205262 0.707107 0.676659
v -0.215087 0.671559 0.709046
v -0.224393 0.634393 0.739725
v -0.233159 0.595699 0.768622
v -0.241363 0.555570 0.795667
v -0.248985 0.514103 0.820795
v -0.256008 0.471397 0.843946
v -0.262414 0.427555 0.865064
v -0.268188 0.382683 0.884098
v -0.273316 0.336890 0.901001
v -0.277785 0.290285 0.915735
v -0.281585 0.242980 0.928262
v -0.284707 0.195090 0.938553
v -0.287143 0.146730 0.946583
v -0.288887 0.098017 0.952332
v -0.289935 0.049068 0.955788
v -0.290285 0.000000 0.956940
v -0.289935 -0.049068 0.955788
v -0.288887 -0.098017 0.952332
v -0.287143 -0.146730 0.946583
v -0.284707 -0.195090 0.938553
v -0.281585 -0.242980 0.928262
v -0.277785 -0.290285 0.915735
v -0.273316 -0.336890 0.901001
v -0.268188 -0.382683 0.884098
v -0.262414 -0.427555 0.865064
v -0.256008 -0.471397 0.843946
v -0.248985 -0.514103 0.820795
v -0.241363 -0.555570 0.795667
v -0.233159 -0.595699 0.768622
v -0.224393 -0.634393 0.739725
v -0.215087 -0.671559 0.709046
v -0.205262 -0.707107 0.676659
v -0.194943 -0.740951 0.642642
v -0.184155 -0.773010 0.607077
v -0.172922 -0.803208 0.570049
v -0.161274 -0.831470 0.531648
v -0.149236 -0.857729 0.491966
v -0.136839 -0.881921 0.451099
v -0.124113 -0.903989 0.409145
v -0.111087 -0.923880 0.366205
v -0.097794 -0.941544 0.322383
v -0.084265 -0.956940 0.277785
v -0.070533 -0.970031 0.232518
v -0.056632 -0.980785 0.186690
v -0.042594 -0.989177 0.140412
v -0.028453 -0.995185 0.093797
v -0.014244 -0.998795 0.046955
v -0.018777 0.998795 0.045333
v -0.037510 0.995185 0.090556
v -0.056151 0.989177 0.135561
v -0.074658 0.980785 0.180240
v -0.092984 0.970031 0.224484
v -0.111087 0.956940 0.268188
v -0.128922 0.941544 0.311246
v -0.146447 0.923880 0.353553
v -0.163618 0.903989 0.395009
v -0.180396 0.881921 0.435514
v -0.196739 0.857729 0.474969
v -0.212608 0.831470 0.513280
v -0.227964 0.803208 0.550354
v -0.242772 0.773010 0.586103
v -0.256994 0.740951 0.620440
v -0.270598 0.707107 0.653281
v -0.283550 0.671559 0.684550
v -0.295818 0.634393 0.714169
v -0.307374 0.595699 0.742067
v -0.318190 0.555570 0.768178
v -0.328239 0.514103 0.792438
v -0.337497 0.471397 0.814789
v -0.345942 0.427555 0.835177
v -0.353553 0.382683 0.853553
v -0.360313 0.336890 0.869873
v -0.366205 0.290285 0.884098
v -0.371215 0.242980 0.896192
v -0.375330 0.195090 0.906127
v -0.378541 0.146730 0.913880
v -0.380841 0.098017 0.919431
v -0.382222 0.049068 0.922767
v -0.382683 0.000000 0.923880
v -0.382222 -0.049068 0.922767
v -0.380841 -0.098017 0.919431
v -0.378541 -0.146730 0.913880
v -0.375330 -0.195090 0.906127
v -0.371215 -0.242980 0.896192
v -0.366205 -0.290285 0.884098
v -0.360313 -0.336890 0.869873
v -0.353553 -0.382683 0.853553
v -0.345942 -0.427555 0.835177
v -0.337497 -0.471397 0.814789
v -0.328239 -0.514103 0.792438
v -0.318190 -0.555570 0.768178
v -0.307374 -0.595699 0.742067
v -0.295818 -0.634393 0.714169
v -0.283550 -0.671559 0.684550
v -0.270598 -0.707107 0.653281
v -0.256994 -0.740951 0.620440
v -0.242772 -0.773010 0.586103
v -0.227964 -0.803208 0.550354
v -0.212608 -0.831470 0.513280
v -0.196739 -0.857729 0.474969
v -0.180396 -0.881921 0.435514
v -0.163618 -0.903989 0.395009
v -0.146447 -0.923880 0.353553
v -0.128922 -0.941544 0.311246
v -0.111087 -0.956940 0.268188
v -0.092984 -0.970031 0.224484
v -0.074658 -0.980785 0.180240
v -0.056151 -0.989177 0.135561
v -0.037510 -0.995185 0.090556
v -0.018777 -0.998795 0.045333
v -0.023130 0.998795 0.043274
v -0.046205 0.995185 0.086443
v -0.069168 0.989177 0.129405
v -0.091965 0.980785 0.172054
v -0.114540 0.970031 0.214289
v -0.136839 0.956940 0.256008
v -0.158809 0.941544 0.297110
v -0.180396 0.923880 0.337497
v -0.201548 0.903989 0.377070
v -0.222215 0.881921 0.415735
v -0.242346 0.857729 0.453398
v -0.261894 0.831470 0.489969
v -0.280811 0.803208 0.525360
v -0.299051 0.773010 0.559485
v -0.316571 0.740951 0.592262
v -0.333328 0.707107 0.623612
v -0.349282 0.671559 0.653461
v -0.364395 0.634393 0.681734
v -0.378629 0.595699 0.708366
v -0.391952 0.555570 0.733291
v -0.404330 0.514103 0.756449
v -0.415735 0.471397 0.777785
v -0.426138 0.427555 0.797247
v -0.435514 0.382683 0.814789
v -0.443841 0.336890 0.830368
v -0.451099 0.290285 0.843946
v -0.457270 0.242980 0.855491
v -0.462339 0.195090 0.864975
v -0.466295 0.146730 0.872376
v -0.469127 0.098017 0.877675
v -0.470829 0.049068 0.880859
v -0.471397 0.000000 0.881921
v -0.470829 -0.049068 0.880859
v -0.469127 -0.098017 0.877675
v -0.466295 -0.146730 0.872376
v -0.462339 -0.195090 0.864975
v -0.457270 -0.242980 0.855491
v -0.451099 -0.290285 0.843946
v -0.443841 -0.336890 0.830368
v -0.435514 -0.382683 0.814789
v -0.426138 -0.427555 0.797247
v -0.415735 -0.471397 0.777785
v -0.404330 -0.514103 0.756449
v -0.391952 -0.555570 0.733291
v -0.378629 -0.595699 0.708366
v -0.364395 -0.634393 0.681734
v -0.349282 -0.671559 0.653461
v -0.333328 -0.707107 0.623612
v -0.316571 -0.740951 0.592262
v -0.299051 -0.773010 0.559485
v -0.280811 -0.803208 0.525360
v -0.261894 -0.831470 0.489969
v -0.242346 -0.857729 0.453398
v -0.222215 -0.881921 0.415735
v -0.201548 -0.903989 0.377070
v -0.180396 -0.923880 0.337497
v -0.158809 -0.941544 0.297110
v -0.136839 -0.956940 0.256008
v -0.114540 -0.970031 0.214289
v -0.091965 -0.980785 0.172054
v -0.069168 -0.989177 0.129405
v -0.046205 -0.995185 0.086443
v -0.023130 -0.998795 0.043274
v -0.027261 0.998795 0.040798
v -0.054455 0.995185 0.081498
v -0.081519 0.989177 0.122002
v -0.108386 0.980785 0.162212
v -0.134993 0.970031 0.202031
v -0.161274 0.956940 0.241363
v -0.187166 0.941544 0.280114
v -0.212608 0.923880 0.318190
v -0.237537 0.903989 0.355499
v -0.261894 0.881921 0.391952
v -0.285620 0.857729 0.427461
v -0.308658 0.831470 0.461940
v -0.330953 0.803208 0.495306
v -0.352450 0.773010 0.527479
v -0.373098 0.740951 0.558381
v -0.392847 0.707107 0.587938
v -0.411650 0.671559 0.616078
v -0.429462 0.634393 0.642735
v -0.446238 0.595699 0.667843
v -0.461940 0.555570 0.691342
v -0.476528 0.514103 0.713175
v -0.489969 0.471397 0.733291
v -0.502230 0.427555 0.751640
v -0.513280 0.382683 0.768178
v -0.523094 0.336890 0.782865
v -0.531648 0.290285 0.795667
v -0.538920 0.242980 0.806551
v -0.544895 0.195090 0.815493
v -0.549557 0.146730 0.822470
v -0.552895 0.098017 0.827466
v -0.554901 0.049068 0.830468
v -0.555570 0.000000 0.831470
v -0.554901 -0.049068 0.830468
v -0.552895 -0.098017 0.827466
v -0.549557 -0.146730 0.822470
v -0.544895 -0.195090 0.815493
v -0.538920 -0.242980 0.806551
v -0.531648 -0.290285 0.795667
v -0.523094 -0.336890 0.782865
v -0.513280 -0.382683 0.768178
v -0.502230 -0.427555 0.751640
v -0.489969 -0.471397 0.733291
v -0.476528 -0.514103 0.713175
v -0.461940 -0.555570 0.691342
v -0.446238 -0.595699 0.667843
v -0.429462 -0.634393 0.642735
v -0.411650 -0.671559 0.616078
v -0.392847 -0.707107 0.587938
v -0.373098 -0.740951 0.558381
v -0.352450 -0.773010 0.527479
v -0.330953 -0.803208 0.495306
v -0.308658 -0.831470 0.461940
v -0.285620 -0.857729 0.427461
v -0.261894 -0.881921 0.391952
v -0.237537 -0.903989 0.355499
v -0.212608 -0.923880 0.318190
v -0.187166 -0.941544 0.280114
v -0.161274 -0.956940 0.241363
v -0.134993 -0.970031 0.202031
v -0.108386 -0.980785 0.162212
v -0.081519 -0.989177 0.122002
v -0.054455 -0.995185 0.081498
v -0.027261 -0.998795 0.040798
v -0.031128 0.998795 0.037930
v -0.062181 0.995185 0.075768
v -0.093085 0.989177 0.113424
v -0.123764 0.980785 0.150807
v -0.154145 0.970031 0.187826
v -0.184155 0.956940 0.224393
v -0.213721 0.941544 0.260419
v -0.242772 0.923880 0.295818
v -0.271238 0.903989 0.330505
v -0.299051 0.881921 0.364395
v -0.326143 0.857729 0.397407
v -0.352450 0.831470 0.429462
v -0.377908 0.803208 0.460482
v -0.402455 0.773010 0.490393
v -0.426032 0.740951 0.519122
v -0.448584 0.707107 0.546601
v -0.470054 0.671559 0.572763
v -0.490393 0.634393 0.597545
v -0.509549 0.595699 0.620888
v -0.527479 0.555570 0.642735
v -0.544137 0.514103 0.663033
v -0.559485 0.471397 0.681734
v -0.573485 0.427555 0.698793
v -0.586103 0.382683 0.714168
v -0.597309 0.336890 0.727823
v -0.607077 0.290285 0.739725
v -0.615381 0.242980 0.749844
v -0.622204 0.195090 0.758157
v -0.627527 0.146730 0.764644
v -0.631338 0.098017 0.769288
v -0.633629 0.049068 0.772079
v -0.634393 0.000000 0.773010
v -0.633629 -0.049068 0.772079
v -0.631338 -0.098017 0.769288
v -0.627527 -0.146730 0.764644
v -0.622204 -0.195090 0.758157
v -0.615381 -0.242980 0.749844
v -0.607077 -0.290285 0.739725
v -0.597309 -0.336890 0.727823
v -0.586103 -0.382683 0.714168
v -0.573485 -0.427555 0.698793
v -0.559485 -0.471397 0.681734
v -0.544137 -0.514103 0.663033
v -0.527479 -0.555570 0.642735
v -0.509549 -0.595699 0.620888
v -0.490393 -0.634393 0.597545
v -0.470054 -0.671559 0.572763
v -0.448584 -0.707107 0.546601
v -0.426032 -0.740951 0.519122
v -0.402455 -0.773010 0.490393
v -0.377908 -0.803208 0.460482
v -0.352450 -0.831470 0.429462
v -0.326143 -0.857729 0.397407
v -0.299051 -0.881921 0.364395
v -0.271238 -0.903989 0.330505
v -0.242772 -0.923880 0.295818
v -0.213721 -0.941544 0.260419
v -0.184155 -0.956940 0.224393
v -0.154145 -0.970031 0.187826
v -0.123764 -0.980785 0.150807
v -0.093085 -0.989177 0.113424
v -0.062181 -0.995185 0.075768
v -0.031128 -0.998795 0.037930
v -0.034696 0.998795 0.034696
v -0.069309 0.995185 0.069309
v -0.103754 0.989177 0.103754
v -0.137950 0.980785 0.137950
v -0.171813 0.970031 0.171813
v -0.205262 0.956940 0.205262
v -0.238217 0.941544 0.238217
v -0.270598 0.923880 0.270598
v -0.302327 0.903989 0.302327
v -0.333328 0.881921 0.333328
v -0.363526 0.857729 0.363525
v -0.392848 0.831470 0.392848
v -0.421223 0.803208 0.421223
v -0.448584 0.773010 0.448584
v -0.474864 0.740951 0.474864
v -0.500000 0.707107 0.500000
v -0.523932 0.671559 0.523932
v -0.546601 0.634393 0.546601
v -0.567953 0.595699 0.567953
v -0.587938 0.555570 0.587938
v -0.606506 0.514103 0.606506
v -0.623612 0.471397 0.623612
v -0.639217 0.427555 0.639217
v -0.653281 0.382683 0.653281
v -0.665772 0.336890 0.665772
v -0.676659 0.290285 0.676659
v -0.685916 0.242980 0.685916
v -0.693520 0.195090 0.693520
v -0.699453 0.146730 0.699453
v -0.703702 0.098017 0.703702
v -0.706255 0.049068 0.706255
v -0.707107 0.000000 0.707107
v -0.706255 -0.049068 0.706255
v -0.703702 -0.098017 0.703702
v -0.699453 -0.146730 0.699453
v -0.693520 -0.195090 0.693520
v -0.685916 -0.242980 0.685916
v -0.676659 -0.290285 0.676659
v -0.665772 -0.336890 0.665772
v -0.653281 -0.382683 0.653281
v -0.639217 -0.427555 0.639217
v -0.623612 -0.471397 0.623612
v -0.606506 -0.514103 0.606506
v -0.587938 -0.555570 0.587938
v -0.567953 -0.595699 0.567953
v -0.546601 -0.634393 0.546601
v -0.523932 -0.671559 0.523932
v -0.500000 -0.707107 0.500000
v -0.474864 -0.740951 0.474864
v -0.448584 -0.773010 0.448584
v -0.421223 -0.803208 0.421223
v -0.392848 -0.831470 0.392848
v -0.363526 -0.857729 0.363525
v -0.333328 -0.881921 0.333328
v -0.302327 -0.903989 0.302327
v -0.270598 -0.923880 0.270598
v -0.238217 -0.941544 0.238217
v -0.205262 -0.956940 0.205262
v -0.171813 -0.970031 0.171813
v -0.137950 -0.980785 0.137950
v -0.103754 -0.989177 0.103754
v -0.069309 -0.995185 0.069309
v -0.034696 -0.998795 0.034696
v -0.037930 0.998795 0.031128
v -0.075768 0.995185 0.062181
v -0.113424 0.989177 0.093085
v -0.150807 0.980785 0.123764
v -0.187826 0.970031 0.154145
v -0.224393 0.956940 0.184155
v -0.260419 0.941544 0.213721
v -0.295818 0.923880 0.242772
v -0.330505 0.903989 0.271238
v -0.364395 0.881921 0.299051
v -0.397407 0.857729 0.326143
v -0.429462 0.831470 0.352450
v -0.460482 0.803208 0.377908
v -0.490393 0.773010 0.402455
v -0.519122 0.740951 0.426033
v -0.546601 0.707107 0.448584
v -0.572763 0.671559 0.470054
v -0.597545 0.634393 0.490393
v -0.620888 0.595699 0.509549
v -0.642735 0.555570 0.527479
v -0.663033 0.514103 0.544137
v -0.681734 0.471397 0.559485
v -0.698793 0.427555 0.573485
v -0.714168 0.382683 0.586103
v -0.727823 0.336890 0.597309
v -0.739725 0.290285 0.607077
v -0.749844 0.242980 0.615381
v -0.758157 0.195090 0.622203
v -0.764644 0.146730 0.627527
v -0.769288 0.098017 0.631338
v -0.772079 0.049068 0.633629
v -0.773010 0.000000 0.634393
v -0.772079 -0.049068 0.633629
v -0.769288 -0.098017 0.631338
v -0.764644 -0.146730 0.627527
v -0.758157 -0.195090 0.622203
v -0.749844 -0.242980 0.615381
v -0.739725 -0.290285 0.607077
v -0.727823 -0.336890 0.597309
v -0.714168 -0.382683 0.586103
v -0.698793 -0.427555 0.573485
v -0.681734 -0.471397 0.559485
v -0.663033 -0.514103 0.544137
v -0.642735 -0.555570 0.527479
v -0.620888 -0.595699 0.509549
v -0.597545 -0.634393 0.490393
v -0.572763 -0.671559 0.470054
v -0.546601 -0.707107 0.448584
v -0.519122 -0.740951 0.426033
v -0.490393 -0.773010 0.402455
v -0.460482 -0.803208 0.377908
v -0.429462 -0.831470 0.352450
v -0.397407 -0.857729 0.326143
v -0.364395 -0.881921 0.299051
v -0.330505 -0.903989 0.271238
v -0.295818 -0.923880 0.242772
v -0.260419 -0.941544 0.213721
v -0.224393 -0.956940 0.184155
v -0.187826 -0.970031 0.154145
v -0.150807 -0.980785 0.123764
v -0.113424 -0.989177 0.093085
v -0.075768 -0.995185 0.062181
v -0.037930 -0.998795 0.031128
v -0.040798 0.998795 0.027261
v -0.081498 0.995185 0.054455
v -0.122002 0.989177 0.081519
v -0.162212 0.980785 0.108386
v -0.202031 0.970031 0.134993
v -0.241363 0.956940 0.161274
v -0.280114 0.941544 0.187166
v -0.318190 0.923880 0.212607
v -0.355499 0.903989 0.237537
v -0.391952 0.881921 0.261894
v -0.427461 0.857729 0.285620
v -0.461940 0.831470 0.308658
v -0.495306 0.803208 0.330953
v -0.527479 0.773010 0.352450
v -0.558381 0.740951 0.373098
v -0.587938 0.707107 0.392847
v -0.616078 0.671559 0.411650
v -0.642735 0.634393 0.429462
v -0.667843 0.595699 0.446238
v -0.691342 0.555570 0.461940
v -0.713175 0.514103 0.476528
v -0.733291 0.471397 0.489969
v -0.751640 0.427555 0.502230
v -0.768178 0.382683 0.513280
v -0.782865 0.336890 0.523094
v -0.795667 0.290285 0.531648
v -0.806551 0.242980 0.538920
v -0.815493 0.195090 0.544895
v -0.822470 0.146730 0.549557
v -0.827466 0.098017 0.552895
v -0.830468 0.049068 0.554901
v -0.831470 0.000000 0.555570
v -0.830468 -0.049068 0.554901
v -0.827466 -0.098017 0.552895
v -0.822470 -0.146730 0.549557
v -0.815493 -0.195090 0.544895
v -0.806551 -0.242980 0.538920
v -0.795667 -0.290285 0.531648
v -0.782865 -0.336890 0.523094
v -0.768178 -0.382683 0.513280
v -0.751640 -0.427555 0.502230
v -0.733291 -0.471397 0.489969
v -0.713175 -0.514103 0.476528
v -0.691342 -0.555570 0.461940
v -0.667843 -0.595699 0.446238
v -0.642735 -0.634393 0.429462
v -0.616078 -0.671559 0.411650
v -0.587938 -0.707107 0.392847
v -0.558381 -0.740951 0.373098
v -0.527479 -0.773010 0.352450
v -0.495306 -0.803208 0.330953
v -0.461940 -0.831470 0.308658
v -0.427461 -0.857729 0.285620
v -0.391952 -0.881921 0.261894
v -0.355499 -0.903989 0.237537
v -0.318190 -0.923880 0.212607
v -0.280114 -0.941544 0.187166
v -0.241363 -0.956940 0.161274
v -0.202031 -0.970031 0.134993
v -0.162212 -0.980785 0.108386
v -0.122002 -0.989177 0.081519
v -0.081498 -0.995185 0.054455
v -0.040798 -0.998795 0.027261
v -0.043274 0.998795 0.023130
v -0.086443 0.995185 0.046205
v -0.129405 0.989177 0.069168
v -0.172054 0.980785 0.091965
v -0.214289 0.970031 0.114540
v -0.256008 0.956940 0.136839
v -0.297110 0.941544 0.158809
v -0.337497 0.923880 0.180396
v -0.377070 0.903989 0.201548
v -0.415735 0.881921 0.222215
v -0.453398 0.857729 0.242346
v -0.489969 0.831470 0.261894
v -0.525360 0.803208 0.280811
v -0.559485 0.773010 0.299051
v -0.592262 0.740951 0.316571
v -0.623613 0.707107 0.333328
v -0.653461 0.671559 0.349282
v -0.681734 0.634393 0.364395
v -0.708366 0.595699 0.378629
v -0.733291 0.555570 0.391952
v -0.756449 0.514103 0.404330
v -0.777785 0.471397 0.415735
v -0.797247 0.427555 0.426138
v -0.814789 0.382683 0.435514
v -0.830368 0.336890 0.443841
v -0.843946 0.290285 0.451099
v -0.855491 0.242980 0.457269
v -0.864975 0.195090 0.462339
v -0.872376 0.146730 0.466294
v -0.877675 0.098017 0.469127
v -0.880859 0.049068 0.470829
v -0.881921 0.000000 0.471397
v -0.880859 -0.049068 0.470829
v -0.877675 -0.098017 0.469127
v -0.872376 -0.146730 0.466294
v -0.864975 -0.195090 0.462339
v -0.855491 -0.242980 0.457269
v -0.843946 -0.290285 0.451099
v -0.830368 -0.336890 0.443841
v -0.814789 -0.382683 0.435514
v -0.797247 -0.427555 0.426138
v -0.777785 -0.471397 0.415735
v -0.756449 -0.514103 0.404330
v -0.733291 -0.555570 0.391952
v -0.708366 -0.595699 0.378629
v -0.681734 -0.634393 0.364395
v -0.653461 -0.671559 0.349282
v -0.623613 -0.707107 0.333328
v -0.592262 -0.740951 0.316571
v -0.559485 -0.773010 0.299051
v -0.525360 -0.803208 0.280811
v -0.489969 -0.831470 0.261894
v -0.453398 -0.857729 0.242346
v -0.415735 -0.881921 0.222215
v -0.377070 -0.903989 0.201548
v -0.337497 -0.923880 0.180396
v -0.297110 -0.941544 0.158809
v -0.256008 -0.956940 0.136839
v -0.214289 -0.970031 0.114540
v -0.172054 -0.980785 0.091965
v -0.129405 -0.989177 0.069168
v -0.086443 -0.995185 0.046205
v -0.043274 -0.998795 0.023130
v -0.045333 0.998795 0.018777
v -0.090556 0.995185 0.037510
v -0.135561 0.989177 0.056151
v -0.180240 0.980785 0.074658
v -0.224484 0.970031 0.092984
v -0.268188 0.956940 0.111087
v -0.311246 0.941544 0.128922
v -0.353553 0.923880 0.146447
v -0.395009 0.903989 0.163618
v -0.435514 0.881921 0.180396
v -0.474969 0.857729 0.196739
v -0.513280 0.831470 0.212608
v -0.550354 0.803208 0.227964
v -0.586103 0.773010 0.242772
v -0.620440 0.740951 0.256995
v -0.653281 0.707107 0.270598
v -0.684550 0.671559 0.283550
v -0.714168 0.634393 0.295818
v -0.742067 0.595699 0.307374
v -0.768178 0.555570 0.318190
v -0.792438 0.514103 0.328238
v -0.814789 0.471397 0.337497
v -0.835177 0.427555 0.345942
v -0.853553 0.382683 0.353553
v -0.869873 0.336890 0.360313
v -0.884098 0.290285 0.366205
v -0.896192 0.242980 0.371215
v -0.906127 0.195090 0.375330
v -0.913880 0.146730 0.378541
v -0.919431 0.098017 0.380841
v -0.922767 0.049068 0.382222
v -0.923879 0.000000 0.382683
v -0.922767 -0.049068 0.382222
v -0.919431 -0.098017 0.380841
v -0.913880 -0.146730 0.378541
v -0.906127 -0.195090 0.375330
v -0.896192 -0.242980 0.371215
v -0.884098 -0.290285 0.366205
v -0.869873 -0.336890 0.360313
v -0.853553 -0.382683 0.353553
v -0.835177 -0.427555 0.345942
v -0.814789 -0.471397 0.337497
v -0.792438 -0.514103 0.328238
v -0.768178 -0.555570 0.318190
v -0.742067 -0.595699 0.307374
v -0.714168 -0.634393 0.295818
v -0.684550 -0.671559 0.283550
v -0.653281 -0.707107 0.270598
v -0.620440 -0.740951 0.256995
v -0.586103 -0.773010 0.242772
v -0.550354 -0.803208 0.227964
v -0.513280 -0.831470 0.212608
v -0.474969 -0.857729 0.196739
v -0.435514 -0.881921 0.180396
v -0.395009 -0.903989 0.163618
v -0.353553 -0.923880 0.146447
v -0.311246 -0.941544 0.128922
v -0.268188 -0.956940 0.111087
v -0.224484 -0.970031 0.092984
v -0.180240 -0.980785 0.074658
v -0.135561 -0.989177 0.056151
v -0.090556 -0.995185 0.037510
v -0.045333 -0.998795 0.018777
v -0.046955 0.998795 0.014244
v -0.093797 0.995185 0.028453
v -0.140412 0.989177 0.042594
v -0.186690 0.980785 0.056632
v -0.232517 0.970031 0.070533
v -0.277785 0.956940 0.084265
v -0.322383 0.941544 0.097794
v -0.366205 0.923880 0.111087
v -0.409145 0.903989 0.124113
v -0.451099 0.881921 0.136839
v -0.491966 0.857729 0.149236
v -0.531648 0.831470 0.161274
v -0.570049 0.803208 0.172922
v -0.607076 0.773010 0.184155
v -0.642642 0.740951 0.194943
v -0.676659 0.707107 0.205262
v -0.709046 0.671559 0.215087
v -0.739725 0.634393 0.224393
v -0.768622 0.595699 0.233159
v -0.795667 0.555570 0.241363
v -0.820795 0.514103 0.248985
v -0.843946 0.471397 0.256008
v -0.865064 0.427555 0.262414
v -0.884098 0.382683 0.268188
v -0.901001 0.336890 0.273316
v -0.915735 0.290285 0.277785
v -0.928262 0.242980 0.281585
v -0.938553 0.195090 0.284707
v -0.946583 0.146730 0.287143
v -0.952332 0.098017 0.288887
v -0.955788 0.049068 0.289935
v -0.956940 0.000000 0.290285
v -0.955788 -0.049068 0.289935
v -0.952332 -0.098017 0.288887
v -0.946583 -0.146730 0.287143
v -0.938553 -0.195090 0.284707
v -0.928262 -0.242980 0.281585
v -0.915735 -0.290285 0.277785
v -0.901001 -0.336890 0.273316
v -0.884098 -0.382683 0.268188
v -0.865064 -0.427555 0.262414
v -0.843946 -0.471397 0.256008
v -0.820795 -0.514103 0.248985
v -0.795667 -0.555570 0.241363
v -0.768622 -0.595699 0.233159
v -0.739725 -0.634393 0.224393
v -0.709046 -0.671559 0.215087
v -0.676659 -0.707107 0.205262
v -0.642642 -0.740951 0.194943
v -0.607076 -0.773010 0.184155
v -0.570049 -0.803208 0.172922
v -0.531648 -0.831470 0.161274
v -0.491966 -0.857729 0.149236
v -0.451099 -0.881921 0.136839
v -0.409145 -0.903989 0.124113
v -0.366205 -0.923880 0.111087
v -0.322383 -0.941544 0.097794
v -0.277785 -0.956940 0.084265
v -0.232517 -0.970031 0.070533
v -0.186690 -0.980785 0.056632
v -0.140412 -0.989177 0.042594
v -0.093797 -0.995185 0.028453
v -0.046955 -0.998795 0.014244
v -0.048125 0.998795 0.009573
v -0.096134 0.995185 0.019122
v -0.143911 0.989177 0.028626
v -0.191342 0.980785 0.038060
v -0.238311 0.970031 0.047403
v -0.284707 0.956940 0.056632
v -0.330417 0.941544 0.065724
v -0.375330 0.923880 0.074658
v -0.419340 0.903989 0.083412
v -0.462339 0.881921 0.091965
v -0.504224 0.857729 0.100296
v -0.544895 0.831470 0.108386
v -0.584253 0.803208 0.116215
v -0.622204 0.773010 0.123764
v -0.658655 0.740951 0.131015
v -0.693520 0.707107 0.137950
v -0.726714 0.671559 0.144552
v -0.758157 0.634393 0.150807
v -0.787774 0.595699 0.156698
v -0.815493 0.555570 0.162212
v -0.841247 0.514103 0.167334
v -0.864975 0.471397 0.172054
v -0.886619 0.427555 0.176360
v -0.906127 0.382683 0.180240
v -0.923452 0.336890 0.183686
v -0.938553 0.290285 0.186690
v -0.951392 0.242980 0.189244
v -0.961940 0.195090 0.191342
v -0.970169 0.146730 0.192979
v -0.976063 0.098017 0.194151
v -0.979604 0.049068 0.194855
v -0.980785 0.000000 0.195090
v -0.979604 -0.049068 0.194855
v -0.976063 -0.098017 0.194151
v -0.970169 -0.146730 0.192979
v -0.961940 -0.195090 0.191342
v -0.951392 -0.242980 0.189244
v -0.938553 -0.290285 0.186690
v -0.923452 -0.336890 0.183686
v -0.906127 -0.382683 0.180240
v -0.886619 -0.427555 0.176360
v -0.864975 -0.471397 0.172054
v -0.841247 -0.514103 0.167334
v -0.815493 -0.555570 0.162212
v -0.787774 -0.595699 0.156698
v -0.758157 -0.634393 0.150807
v -0.726714 -0.671559 0.144552
v -0.693520 -0.707107 0.137950
v -0.658655 -0.740951 0.131015
v -0.622204 -0.773010 0.123764
v -0.584253 -0.803208 0.116215
v -0.544895 -0.831470 0.108386
v -0.504224 -0.857729 0.100296
v -0.462339 -0.881921 0.091965
v -0.419340 -0.903989 0.083412
v -0.375330 -0.923880 0.074658
v -0.330417 -0.941544 0.065724
v -0.284707 -0.956940 0.056632
v -0.238311 -0.970031 0.047403
v -0.191342 -0.980785 0.038060
v -0.143911 -0.989177 0.028626
v -0.096134 -0.995185 0.019122
v -0.048125 -0.998795 0.009573
v -0.048831 0.998795 0.004809
v -0.097545 0.995185 0.009607
v -0.146024 0.989177 0.014382
v -0.194151 0.980785 0.019122
v -0.241810 0.970031 0.023816
v -0.288887 0.956940 0.028453
v -0.335268 0.941544 0.033021
v -0.380841 0.923880 0.037510
v -0.425496 0.903989 0.041908
v -0.469127 0.881921 0.046205
v -0.511627 0.857729 0.050391
v -0.552895 0.831470 0.054455
v -0.592831 0.803208 0.058389
v -0.631338 0.773010 0.062181
v -0.668325 0.740951 0.065824
v -0.703702 0.707107 0.069308
v -0.737383 0.671559 0.072626
v -0.769288 0.634393 0.075768
v -0.799340 0.595699 0.078728
v -0.827466 0.555570 0.081498
v -0.853598 0.514103 0.084072
v -0.877674 0.471397 0.086443
v -0.899636 0.427555 0.088606
v -0.919431 0.382683 0.090556
v -0.937010 0.336890 0.092287
v -0.952332 0.290285 0.093797
v -0.965360 0.242980 0.095080
v -0.976062 0.195090 0.096134
v -0.984413 0.146730 0.096956
v -0.990393 0.098017 0.097545
v -0.993986 0.049068 0.097899
v -0.995185 0.000000 0.098017
v -0.993986 -0.049068 0.097899
v -0.990393 -0.098017 0.097545
v -0.984413 -0.146730 0.096956
v -0.976062 -0.195090 0.096134
v -0.965360 -0.242980 0.095080
v -0.952332 -0.290285 0.093797
v -0.937010 -0.336890 0.092287
v -0.919431 -0.382683 0.090556
v -0.899636 -0.427555 0.088606
v -0.877674 -0.471397 0.086443
v -0.853598 -0.514103 0.084072
v -0.827466 -0.555570 0.081498
v -0.799340 -0.595699 0.078728
v -0.769288 -0.634393 0.075768
v -0.737383 -0.671559 0.072626
v -0.703702 -0.707107 0.069308
v -0.668325 -0.740951 0.065824
v -0.631338 -0.773010 0.062181
v -0.592831 -0.803208 0.058389
v -0.552895 -0.831470 0.054455
v -0.511627 -0.857729 0.050391
v -0.469127 -0.881921 0.046205
v -0.425496 -0.903989 0.041908
v -0.380841 -0.923880 0.037510
v -0.335268 -0.941544 0.033021
v -0.288887 -0.956940 0.028453
v -0.241810 -0.970031 0.023816
v -0.194151 -0.980785 0.019122
v -0.146024 -0.989177 0.014382
v -0.097545 -0.995185 0.009607
v -0.048831 -0.998795 0.004809
v -0.049068 0.998795 -0.000000
v -0.098017 0.995185 -0.000000
v -0.146730 0.989177 0.000000
v -0.195090 0.980785 0.000000
v -0.242980 0.970031 -0.000000
v -0.290285 0.956940 -0.000000
v -0.336890 0.941544 -0.000000
v -0.382683 0.923880 -0.000000
v -0.427555 0.903989 0.000000
v -0.471397 0.881921 -0.000000
v -0.514103 0.857729 -0.000000
v -0.555570 0.831470 0.000000
v -0.595699 0.803208 -0.000000
v -0.634393 0.773010 0.000000
v -0.671559 0.740951 0.000000
v -0.707107 0.707107 -0.000000
v -0.740951 0.671559 -0.000000
v -0.773010 0.634393 0.000000
v -0.803207 0.595699 -0.000000
v -0.831470 0.555570 0.000000
v -0.857728 0.514103 -0.000000
v -0.881921 0.471397 -0.000000
v -0.903989 0.427555 -0.000000
v -0.923879 0.382683 -0.000000
v -0.941544 0.336890 0.000000
v -0.956940 0.290285 0.000000
v -0.970031 0.242980 -0.000000
v -0.980785 0.195090 -0.000000
v -0.989176 0.146730 -0.000000
v -0.995185 0.098017 -0.000000
v -0.998795 0.049068 -0.000000
v -1.000000 0.000000 -0.000000
v -0.998795 -0.049068 -0.000000
v -0.995185 -0.098017 -0.000000
v -0.989176 -0.146730 -0.000000
v -0.980785 -0.195090 -0.000000
v -0.970031 -0.242980 -0.000000
v -0.956940 -0.290285 0.000000
v -0.941544 -0.336890 0.000000
v -0.923879 -0.382683 -0.000000
v -0.903989 -0.427555 -0.000000
v -0.881921 -0.471397 -0.000000
v -0.857728 -0.514103 -0.000000
v -0.831470 -0.555570 0.000000
v -0.803207 -0.595699 -0.000000
v -0.773010 -0.634393 0.000000
v -0.740951 -0.671559 -0.000000
v -0.707107 -0.707107 -0.000000
v -0.671559 -0.740951 0.000000
v -0.634393 -0.773010 0.000000
v -0.595699 -0.803208 -0.000000
v -0.555570 -0.831470 0.000000
v -0.514103 -0.857729 -0.000000
v -0.471397 -0.881921 -0.000000
v -0.427555 -0.903989 0.000000
v -0.382683 -0.923880 -0.000000
v -0.336890 -0.941544 -0.000000
v -0.290285 -0.956940 -0.000000
v -0.242980 -0.970031 -0.000000
v -0.195090 -0.980785 0.000000
v -0.146730 -0.989177 0.000000
v -0.098017 -0.995185 -0.000000
v -0.049068 -0.998795 -0.000000
v -0.048831 0.998795 -0.004809
v -0.097545 0.995185 -0.009607
v -0.146024 0.989177 -0.014382
v -0.194151 0.980785 -0.019122
v -0.241810 0.970031 -0.023816
v -0.288887 0.956940 -0.028453
v -0.335268 0.941544 -0.033021
v -0.380841 0.923880 -0.037510
v -0.425496 0.903989 -0.041908
v -0.469127 0.881921 -0.046205
v -0.511627 0.857729 -0.050391
v -0.552895 0.831470 -0.054455
v -0.592831 0.803208 -0.058389
v -0.631338 0.773010 -0.062181
v -0.668325 0.740951 -0.065824
v -0.703702 0.707107 -0.069309
v -0.737383 0.671559 -0.072626
v -0.769288 0.634393 -0.075768
v -0.799340 0.595699 -0.078728
v -0.827466 0.555570 -0.081498
v -0.853598 0.514103 -0.084072
v -0.877674 0.471397 -0.086443
v -0.899636 0.427555 -0.088606
v -0.919431 0.382683 -0.090556
v -0.937010 0.336890 -0.092287
v -0.952332 0.290285 -0.093797
v -0.965360 0.242980 -0.095080
v -0.976062 0.195090 -0.096134
v -0.984413 0.146730 -0.096956
v -0.990393 0.098017 -0.097545
v -0.993986 0.049068 -0.097899
v -0.995185 0.000000 -0.098017
v -0.993986 -0.049068 -0.097899
v -0.990393 -0.098017 -0.097545
v -0.984413 -0.146730 -0.096956
v -0.976062 -0.195090 -0.096134
v -0.965360 -0.242980 -0.095080
v -0.952332 -0.290285 -0.093797
v -0.937010 -0.336890 -0.092287
v -0.919431 -0.382683 -0.090556
v -0.899636 -0.427555 -0.088606
v -0.877674 -0.471397 -0.086443
v -0.853598 -0.514103 -0.084072
v -0.827466 -0.555570 -0.081498
v -0.799340 -0.595699 -0.078728
v -0.769288 -0.634393 -0.075768
v -0.737383 -0.671559 -0.072626
v -0.703702 -0.707107 -0.069309
v -0.668325 -0.740951 -0.065824
v -0.631338 -0.773010 -0.062181
v -0.592831 -0.803208 -0.058389
v -0.552895 -0.831470 -0.054455
v -0.511627 -0.857729 -0.050391
v -0.469127 -0.881921 -0.046205
v -0.425496 -0.903989 -0.041908
v -0.380841 -0.923880 -0.037510
v -0.335268 -0.941544 -0.033021
v -0.288887 -0.956940 -0.028453
v -0.241810 -0.970031 -0.023816
v -0.194151 -0.980785 -0.019122
v -0.146024 -0.989177 -0.014382
v -0.097545 -0.995185 -0.009607
v -0.048831 -0.998795 -0.004809
v -0.048125 0.998795 -0.009573
v -0.096134 0.995185 -0.019122
v -0.143911 0.989177 -0.028626
v -0.191342 0.980785 -0.038060
v -0.238311 0.970031 -0.047403
v -0.284707 0.956940 -0.056632
v -0.330417 0.941544 -0.065724
v -0.375330 0.923880 -0.074658
v -0.419340 0.903989 -0.083412
v -0.462339 0.881921 -0.091965
v -0.504224 0.857729 -0.100296
v -0.544895 0.831470 -0.108386
v -0.584253 0.803208 -0.116215
v -0.622204 0.773010 -0.123764
v -0.658655 0.740951 -0.131015
v -0.693520 0.707107 -0.137950
v -0.726714 0.671559 -0.144552
v -0.758157 0.634393 -0.150807
v -0.787774 0.595699 -0.156698
v -0.815493 0.555570 -0.162212
v -0.841247 0.514103 -0.167335
v -0.864975 0.471397 -0.172054
v -0.886619 0.427555 -0.176360
v -0.906127 0.382683 -0.180240
v -0.923452 0.336890 -0.183686
v -0.938553 0.290285 -0.186690
v -0.951392 0.242980 -0.189244
v -0.961940 0.195090 -0.191342
v -0.970169 0.146730 -0.192979
v -0.976062 0.098017 -0.194151
v -0.979604 0.049068 -0.194855
v -0.980785 0.000000 -0.195090
v -0.979604 -0.049068 -0.194855
v -0.976062 -0.098017 -0.194151
v -0.970169 -0.146730 -0.192979
v -0.961940 -0.195090 -0.191342
v -0.951392 -0.242980 -0.189244
v -0.938553 -0.290285 -0.186690
v -0.923452 -0.336890 -0.183686
v -0.906127 -0.382683 -0.180240
v -0.886619 -0.427555 -0.176360
v -0.864975 -0.471397 -0.172054
v -0.841247 -0.514103 -0.167335
v -0.815493 -0.555570 -0.162212
v -0.787774 -0.595699 -0.156698
v -0.758157 -0.634393 -0.150807
v -0.726714 -0.671559 -0.144552
v -0.693520 -0.707107 -0.137950
v -0.658655 -0.740951 -0.131015
v -0.622204 -0.773010 -0.123764
v -0.584253 -0.803208 -0.116215
v -0.544895 -0.831470 -0.108386
v -0.504224 -0.857729 -0.100296
v -0.462339 -0.881921 -0.091965
v -0.419340 -0.903989 -0.083412
v -0.375330 -0.923880 -0.074658
v -0.330417 -0.941544 -0.065724
v -0.284707 -0.956940 -0.056632
v -0.238311 -0.970031 -0.047403
v -0.191342 -0.980785 -0.038060
v -0.143911 -0.989177 -0.028626
v -0.096134 -0.995185 -0.019122
v -0.048125 -0.998795 -0.009573
v -0.046955 0.998795 -0.014244
v -0.093797 0.995185 -0.028453
v -0.140412 0.989177 -0.042594
v -0.186690 0.980785 -0.056632
v -0.232517 0.970031 -0.070533
v -0.277785 0.956940 -0.084265
v -0.322383 0.941544 -0.097794
v -0.366205 0.923880 -0.111087
v -0.409145 0.903989 -0.124113
v -0.451098 0.881921 -0.136839
v -0.491965 0.857729 -0.149236
v -0.531648 0.831470 -0.161274
v -0.570049 0.803208 -0.172922
v -0.607076 0.773010 -0.184155
v -0.642642 0.740951 -0.194943
v -0.676659 0.707107 -0.205262
v -0.709046 0.671559 -0.215087
v -0.739725 0.634393 -0.224393
v -0.768622 0.595699 -0.233159
v -0.795667 0.555570 -0.241363
v -0.820795 0.514103 -0.248985
v -0.843946 0.471397 -0.256008
v -0.865064 0.427555 -0.262414
v -0.884097 0.382683 -0.268188
v -0.901001 0.336890 -0.273316
v -0.915735 0.290285 -0.277785
v -0.928262 0.242980 -0.281585
v -0.938553 0.195090 -0.284707
v -0.946582 0.146730 -0.287143
v -0.952332 0.098017 -0.288887
v -0.955788 0.049068 -0.289935
v -0.956940 0.000000 -0.290285
v -0.955788 -0.049068 -0.289935
v -0.952332 -0.098017 -0.288887
v -0.946582 -0.146730 -0.287143
v -0.938553 -0.195090 -0.284707
v -0.928262 -0.242980 -0.281585
v -0.915735 -0.290285 -0.277785
v -0.901001 -0.336890 -0.273316
v -0.884097 -0.382683 -0.268188
v -0.865064 -0.427555 -0.262414
v -0.843946 -0.471397 -0.256008
v -0.820795 -0.514103 -0.248985
v -0.795667 -0.555570 -0.241363
v -0.768622 -0.595699 -0.233159
v -0.739725 -0.634393 -0.224393
v -0.709046 -0.671559 -0.215087
v -0.676659 -0.707107 -0.205262
v -0.642642 -0.740951 -0.194943
v -0.607076 -0.773010 -0.184155
v -0.570049 -0.803208 -0.172922
v -0.531648 -0.831470 -0.161274
v -0.491965 -0.857729 -0.149236
v -0.451098 -0.881921 -0.136839
v -0.409145 -0.903989 -0.124113
v -0.366205 -0.923880 -0.111087
v -0.322383 -0.941544 -0.097794
v -0.277785 -0.956940 -0.084265
v -0.232517 -0.970031 -0.070533
v -0.186690 -0.980785 -0.056632
v -0.140412 -0.989177 -0.042594
v -0.093797 -0.995185 -0.028453
v -0.046955 -0.998795 -0.014244
v -0.045333 0.998795 -0.018777
v -0.090556 0.995185 -0.037510
v -0.135561 0.989177 -0.056151
v -0.180240 0.980785 -0.074658
v -0.224484 0.970031 -0.092984
v -0.268188 0.956940 -0.111087
v -0.311246 0.941544 -0.128922
v -0.353553 0.923880 -0.146447
v -0.395009 0.903989 -0.163618
v -0.435514 0.881921 -0.180396
v -0.474969 0.857729 -0.196739
v -0.513280 0.831470 -0.212608
v -0.550354 0.803208 -0.227964
v -0.586103 0.773010 -0.242772
v -0.620440 0.740951 -0.256994
v -0.653281 0.707107 -0.270598
v -0.684549 0.671559 -0.283550
v -0.714169 0.634393 -0.295818
v -0.742067 0.595699 -0.307374
v -0.768178 0.555570 -0.318190
v -0.792438 0.514103 -0.328239
v -0.814789 0.471397 -0.337497
v -0.835177 0.427555 -0.345942
v -0.853553 0.382683 -0.353553
v -0.869873 0.336890 -0.360313
v -0.884098 0.290285 -0.366205
v -0.896192 0.242980 -0.371215
v -0.906127 0.195090 -0.375330
v -0.913880 0.146730 -0.378541
v -0.919431 0.098017 -0.380841
v -0.922767 0.049068 -0.382222
v -0.923879 0.000000 -0.382683
v -0.922767 -0.049068 -0.382222
v -0.919431 -0.098017 -0.380841
v -0.913880 -0.146730 -0.378541
v -0.906127 -0.195090 -0.375330
v -0.896192 -0.242980 -0.371215
v -0.884098 -0.290285 -0.366205
v -0.869873 -0.336890 -0.360313
v -0.853553 -0.382683 -0.353553
v -0.835177 -0.427555 -0.345942
v -0.814789 -0.471397 -0.337497
v -0.792438 -0.514103 -0.328239
v -0.768178 -0.555570 -0.318190
v -0.742067 -0.595699 -0.307374
v -0.714169 -0.634393 -0.295818
v -0.684549 -0.671559 -0.283550
v -0.653281 -0.707107 -0.270598
v -0.620440 -0.740951 -0.256994
v -0.586103 -0.773010 -0.242772
v -0.550354 -0.803208 -0.227964
v -0.513280 -0.831470 -0.212608
v -0.474969 -0.857729 -0.196739
v -0.435514 -0.881921 -0.180396
v -0.395009 -0.903989 -0.163618
v -0.353553 -0.923880 -0.146447
v -0.311246 -0.941544 -0.128922
v -0.268188 -0.956940 -0.111087
v -0.224484 -0.970031 -0.092984
v -0.180240 -0.980785 -0.074658
v -0.135561 -0.989177 -0.056151
v -0.090556 -0.995185 -0.037510
v -0.045333 -0.998795 -0.018777
v -0.043274 0.998795 -0.023130
v -0.086443 0.995185 -0.046205
v -0.129405 0.989177 -0.069168
v -0.172054 0.980785 -0.091965
v -0.214289 0.970031 -0.114540
v -0.256008 0.956940 -0.136839
v -0.297110 0.941544 -0.158809
v -0.337497 0.923880 -0.180396
v -0.377070 0.903989 -0.201548
v -0.415735 0.881921 -0.222215
v -0.453398 0.857729 -0.242346
v -0.489969 0.831470 -0.261894
v -0.525360 0.803208 -0.280811
v -0.559485 0.773010 -0.299051
v -0.592262 0.740951 -0.316571
v -0.623612 0.707107 -0.333328
v -0.653460 0.671559 -0.349282
v -0.681734 0.634393 -0.364395
v -0.708366 0.595699 -0.378629
v -0.733291 0.555570 -0.391952
v -0.756449 0.514103 -0.404330
v -0.777785 0.471397 -0.415735
v -0.797247 0.427555 -0.426138
v -0.814789 0.382683 -0.435514
v -0.830368 0.336890 -0.443841
v -0.843946 0.290285 -0.451099
v -0.855491 0.242980 -0.457269
v -0.864975 0.195090 -0.462339
v -0.872375 0.146730 -0.466294
v -0.877674 0.098017 -0.469127
v -0.880859 0.049068 -0.470829
v -0.881921 0.000000 -0.471397
v -0.880859 -0.049068 -0.470829
v -0.877674 -0.098017 -0.469127
v -0.872375 -0.146730 -0.466294
v -0.864975 -0.195090 -0.462339
v -0.855491 -0.242980 -0.457269
v -0.843946 -0.290285 -0.451099
v -0.830368 -0.336890 -0.443841
v -0.814789 -0.382683 -0.435514
v -0.797247 -0.427555 -0.426138
v -0.777785 -0.471397 -0.415735
v -0.756449 -0.514103 -0.404330
v -0.733291 -0.555570 -0.391952
v -0.708366 -0.595699 -0.378629
v -0.681734 -0.634393 -0.364395
v -0.653460 -0.671559 -0.349282
v -0.623612 -0.707107 -0.333328
v -0.592262 -0.740951 -0.316571
v -0.559485 -0.773010 -0.299051
v -0.525360 -0.803208 -0.280811
v -0.489969 -0.831470 -0.261894
v -0.453398 -0.857729 -0.242346
v -0.415735 -0.881921 -0.222215
v -0.377070 -0.903989 -0.201548
v -0.337497 -0.923880 -0.180396
v -0.297110 -0.941544 -0.158809
v -0.256008 -0.956940 -0.136839
v -0.214289 -0.970031 -0.114540
v -0.172054 -0.980785 -0.091965
v -0.129405 -0.989177 -0.069168
v -0.086443 -0.995185 -0.046205
v -0.043274 -0.998795 -0.023130
v -0.040798 0.998795 -0.027261
v -0.081498 0.995185 -0.054455
v -0.122002 0.989177 -0.081519
v -0.162212 0.980785 -0.108386
v -0.202031 0.970031 -0.134993
v -0.241363 0.956940 -0.161274
v -0.280114 0.941544 -0.187166
v -0.318190 0.923880 -0.212607
v -0.355499 0.903989 -0.237537
v -0.391952 0.881921 -0.261894
v -0.427461 0.857729 -0.285620
v -0.461940 0.831470 -0.308658
v -0.495306 0.803208 -0.330953
v -0.527479 0.773010 -0.352450
v -0.558381 0.740951 -0.373098
v -0.587938 0.707107 -0.392848
v -0.616078 0.671559 -0.411650
v -0.642735 0.634393 -0.429462
v -0.667842 0.595699 -0.446238
v -0.691342 0.555570 -0.461940
v -0.713175 0.514103 -0.476528
v -0.733290 0.471397 -0.489969
v -0.751640 0.427555 -0.502230
v -0.768178 0.382683 -0.513280
v -0.782865 0.336890 -0.523094
v -0.795667 0.290285 -0.531648
v -0.806551 0.242980 -0.538920
v -0.815493 0.195090 -0.544895
v -0.822470 0.146730 -0.549557
v -0.827466 0.098017 -0.552895
v -0.830468 0.049068 -0.554901
v -0.831469 0.000000 -0.555570
v -0.830468 -0.049068 -0.554901
v -0.827466 -0.098017 -0.552895
v -0.822470 -0.146730 -0.549557
v -0.815493 -0.195090 -0.544895
v -0.806551 -0.242980 -0.538920
v -0.795667 -0.290285 -0.531648
v -0.782865 -0.336890 -0.523094
v -0.768178 -0.382683 -0.513280
v -0.751640 -0.427555 -0.502230
v -0.733290 -0.471397 -0.489969
v -0.713175 -0.514103 -0.476528
v -0.691342 -0.555570 -0.461940
v -0.667842 -0.595699 -0.446238
v -0.642735 -0.634393 -0.429462
v -0.616078 -0.671559 -0.411650
v -0.587938 -0.707107 -0.392848
v -0.558381 -0.740951 -0.373098
v -0.527479 -0.773010 -0.352450
v -0.495306 -0.803208 -0.330953
v -0.461940 -0.831470 -0.308658
v -0.427461 -0.857729 -0.285620
v -0.391952 -0.881921 -0.261894
v -0.355499 -0.903989 -0.237537
v -0.318190 -0.923880 -0.212607
v -0.280114 -0.941544 -0.187166
v -0.241363 -0.956940 -0.161274
v -0.202031 -0.970031 -0.134993
v -0.162212 -0.980785 -0.108386
v -0.122002 -0.989177 -0.081519
v -0.081498 -0.995185 -0.054455
v -0.040798 -0.998795 -0.027261
v -0.037930 0.998795 -0.031128
v -0.075768 0.995185 -0.062181
v -0.113424 0.989177 -0.093085
v -0.150807 0.980785 -0.123764
v -0.187826 0.970031 -0.154145
v -0.224393 0.956940 -0.184155
v -0.260419 0.941544 -0.213721
v -0.295818 0.923880 -0.242772
v -0.330505 0.903989 -0.271238
v -0.364394 0.881921 -0.299051
v -0.397407 0.857729 -0.326143
v -0.429462 0.831470 -0.352450
v -0.460482 0.803208 -0.377908
v -0.490393 0.773010 -0.402455
v -0.519122 0.740951 -0.426032
v -0.546601 0.707107 -0.448584
v -0.572763 0.671559 -0.470054
v -0.597545 0.634393 -0.490393
v -0.620888 0.595699 -0.509549
v -0.642735 0.555570 -0.527479
v -0.663033 0.514103 -0.544137
v -0.681734 0.471397 -0.559485
v -0.698793 0.427555 -0.573485
v -0.714168 0.382683 -0.586103
v -0.727823 0.336890 -0.597309
v -0.739725 0.290285 -0.607076
v -0.749844 0.242980 -0.615381
v -0.758157 0.195090 -0.622204
v -0.764643 0.146730 -0.627527
v -0.769288 0.098017 -0.631338
v -0.772079 0.049068 -0.633629
v -0.773010 0.000000 -0.634393
v -0.772079 -0.049068 -0.633629
v -0.769288 -0.098017 -0.631338
v -0.764643 -0.146730 -0.627527
v -0.758157 -0.195090 -0.622204
v -0.749844 -0.242980 -0.615381
v -0.739725 -0.290285 -0.607076
v -0.727823 -0.336890 -0.597309
v -0.714168 -0.382683 -0.586103
v -0.698793 -0.427555 -0.573485
v -0.681734 -0.471397 -0.559485
v -0.663033 -0.514103 -0.544137
v -0.642735 -0.555570 -0.527479
v -0.620888 -0.595699 -0.509549
v -0.597545 -0.634393 -0.490393
v -0.572763 -0.671559 -0.470054
v -0.546601 -0.707107 -0.448584
v -0.519122 -0.740951 -0.426032
v -0.490393 -0.773010 -0.402455
v -0.460482 -0.803208 -0.377908
v -0.429462 -0.831470 -0.352450
v -0.397407 -0.857729 -0.326143
v -0.364394 -0.881921 -0.299051
v -0.330505 -0.903989 -0.271238
v -0.295818 -0.923880 -0.242772
v -0.260419 -0.941544 -0.213721
v -0.224393 -0.956940 -0.184155
v -0.187826 -0.970031 -0.154145
v -0.150807 -0.980785 -0.123764
v -0.113424 -0.989177 -0.093085
v -0.075768 -0.995185 -0.062181
v -0.037930 -0.998795 -0.031128
v -0.034696 0.998795 -0.034696
v -0.069309 0.995185 -0.069309
v -0.103754 0.989177 -0.103754
v -0.137950 0.980785 -0.137950
v -0.171813 0.970031 -0.171813
v -0.205262 0.956940 -0.205262
v -0.238217 0.941544 -0.238217
v -0.270598 0.923880 -0.270598
v -0.302327 0.903989 -0.302327
v -0.333328 0.881921 -0.333328
v -0.363525 0.857729 -0.363525
v -0.392848 0.831470 -0.392848
v -0.421223 0.803208 -0.421223
v -0.448584 0.773010 -0.448584
v -0.474864 0.740951 -0.474864
v -0.500000 0.707107 -0.500000
v -0.523931 0.671559 -0.523931
v -0.546601 0.634393 -0.546601
v -0.567953 0.595699 -0.567953
v -0.587938 0.555570 -0.587938
v -0.606506 0.514103 -0.606506
v -0.623612 0.471397 -0.623612
v -0.639217 0.427555 -0.639217
v -0.653281 0.382683 -0.653281
v -0.665772 0.336890 -0.665772
v -0.676659 0.290285 -0.676659
v -0.685915 0.242980 -0.685915
v -0.693520 0.195090 -0.693520
v -0.699453 0.146730 -0.699453
v -0.703702 0.098017 -0.703702
v -0.706255 0.049068 -0.706255
v -0.707107 0.000000 -0.707107
v -0.706255 -0.049068 -0.706255
v -0.703702 -0.098017 -0.703702
v -0.699453 -0.146730 -0.699453
v -0.693520 -0.195090 -0.693520
v -0.685915 -0.242980 -0.685915
v -0.676659 -0.290285 -0.676659
v -0.665772 -0.336890 -0.665772
v -0.653281 -0.382683 -0.653281
v -0.639217 -0.427555 -0.639217
v -0.623612 -0.471397 -0.623612
v -0.606506 -0.514103 -0.606506
v -0.587938 -0.555570 -0.587938
v -0.567953 -0.595699 -0.567953
v -0.546601 -0.634393 -0.546601
v -0.523931 -0.671559 -0.523931
v -0.500000 -0.707107 -0.500000
v -0.474864 -0.740951 -0.474864
v -0.448584 -0.773010 -0.448584
v -0.421223 -0.803208 -0.421223
v -0.392848 -0.831470 -0.392848
v -0.363525 -0.857729 -0.363525
v -0.333328 -0.881921 -0.333328
v -0.302327 -0.903989 -0.302327
v -0.270598 -0.923880 -0.270598
v -0.238217 -0.941544 -0.238217
v -0.205262 -0.956940 -0.205262
v -0.171813 -0.970031 -0.171813
v -0.137950 -0.980785 -0.137950
v -0.103754 -0.989177 -0.103754
v -0.069309 -0.995185 -0.069309
v -0.034696 -0.998795 -0.034696
v -0.031128 0.998795 -0.037930
v -0.062181 0.995185 -0.075768
v -0.093085 0.989177 -0.113424
v -0.123764 0.980785 -0.150807
v -0.154145 0.970031 -0.187826
v -0.184155 0.956940 -0.224393
v -0.213721 0.941544 -0.260419
v -0.242772 0.923880 -0.295818
v -0.271238 0.903989 -0.330505
v -0.299051 0.881921 -0.364395
v -0.326143 0.857729 -0.397407
v -0.352450 0.831470 -0.429462
v -0.377907 0.803208 -0.460482
v -0.402455 0.773010 -0.490393
v -0.426032 0.740951 -0.519122
v -0.448584 0.707107 -0.546601
v -0.470054 0.671559 -0.572763
v -0.490393 0.634393 -0.597545
v -0.509549 0.595699 -0.620888
v -0.527479 0.555570 -0.642735
v -0.544137 0.514103 -0.663033
v -0.559485 0.471397 -0.681734
v -0.573485 0.427555 -0.698793
v -0.586103 0.382683 -0.714168
v -0.597309 0.336890 -0.727823
v -0.607076 0.290285 -0.739725
v -0.615381 0.242980 -0.749844
v -0.622203 0.195090 -0.758157
v -0.627527 0.146730 -0.764643
v -0.631338 0.098017 -0.769288
v -0.633629 0.049068 -0.772079
v -0.634393 0.000000 -0.773010
v -0.633629 -0.049068 -0.772079
v -0.631338 -0.098017 -0.769288
v -0.627527 -0.146730 -0.764643
v -0.622203 -0.195090 -0.758157
v -0.615381 -0.242980 -0.749844
v -0.607076 -0.290285 -0.739725
v -0.597309 -0.336890 -0.727823
v -0.586103 -0.382683 -0.714168
v -0.573485 -0.427555 -0.698793
v -0.559485 -0.471397 -0.681734
v -0.544137 -0.514103 -0.663033
v -0.527479 -0.555570 -0.642735
v -0.509549 -0.595699 -0.620888
v -0.490393 -0.634393 -0.597545
v -0.470054 -0.671559 -0.572763
v -0.448584 -0.707107 -0.546601
v -0.426032 -0.740951 -0.519122
v -0.402455 -0.773010 -0.490393
v -0.377907 -0.803208 -0.460482
v -0.352450 -0.831470 -0.429462
v -0.326143 -0.857729 -0.397407
v -0.299051 -0.881921 -0.364395
v -0.271238 -0.903989 -0.330505
v -0.242772 -0.923880 -0.295818
v -0.213721 -0.941544 -0.260419
v -0.184155 -0.956940 -0.224393
v -0.154145 -0.970031 -0.187826
v -0.123764 -0.980785 -0.150807
v -0.093085 -0.989177 -0.113424
v -0.062181 -0.995185 -0.075768
v -0.031128 -0.998795 -0.037930
v -0.027261 0.998795 -0.040798
v -0.054455 0.995185 -0.081498
v -0.081519 0.989177 -0.122002
v -0.108386 0.980785 -0.162212
v -0.134992 0.970031 -0.202031
v -0.161274 0.956940 -0.241363
v -0.187166 0.941544 -0.280114
v -0.212607 0.923880 -0.318190
v -0.237537 0.903989 -0.355499
v -0.261894 0.881921 -0.391952
v -0.285620 0.857729 -0.427461
v -0.308658 0.831470 -0.461940
v -0.330953 0.803208 -0.495306
v -0.352450 0.773010 -0.527479
v -0.373098 0.740951 -0.558381
v -0.392847 0.707107 -0.587938
v -0.411650 0.671559 -0.616078
v -0.429462 0.634393 -0.642735
v -0.446238 0.595699 -0.667843
v -0.461940 0.555570 -0.691342
v -0.476528 0.514103 -0.713175
v -0.489969 0.471397 -0.733291
v -0.502230 0.427555 -0.751640
v -0.513280 0.382683 -0.768178
v -0.523094 0.336890 -0.782865
v -0.531647 0.290285 -0.795667
v -0.538920 0.242980 -0.806551
v -0.544895 0.195090 -0.815493
v -0.549557 0.146730 -0.822470
v -0.552895 0.098017 -0.827466
v -0.554901 0.049068 -0.830468
v -0.555570 0.000000 -0.831470
v -0.554901 -0.049068 -0.830468
v -0.552895 -0.098017 -0.827466
v -0.549557 -0.146730 -0.822470
v -0.544895 -0.195090 -0.815493
v -0.538920 -0.242980 -0.806551
v -0.531647 -0.290285 -0.795667
v -0.523094 -0.336890 -0.782865
v -0.513280 -0.382683 -0.768178
v -0.502230 -0.427555 -0.751640
v -0.489969 -0.471397 -0.733291
v -0.476528 -0.514103 -0.713175
v -0.461940 -0.555570 -0.691342
v -0.446238 -0.595699 -0.667843
v -0.429462 -0.634393 -0.642735
v -0.411650 -0.671559 -0.616078
v -0.392847 -0.707107 -0.587938
v -0.373098 -0.740951 -0.558381
v -0.352450 -0.773010 -0.527479
v -0.330953 -0.803208 -0.495306
v -0.308658 -0.831470 -0.461940
v -0.285620 -0.857729 -0.427461
v -0.261894 -0.881921 -0.391952
v -0.237537 -0.903989 -0.355499
v -0.212607 -0.923880 -0.318190
v -0.187166 -0.941544 -0.280114
v -0.161274 -0.956940 -0.241363
v -0.134992 -0.970031 -0.202031
v -0.108386 -0.980785 -0.162212
v -0.081519 -0.989177 -0.122002
v -0.054455 -0.995185 -0.081498
v -0.027261 -0.998795 -0.040798
v -0.023130 0.998795 -0.043274
v -0.046205 0.995185 -0.086443
v -0.069168 0.989177 -0.129405
v -0.091965 0.980785 -0.172054
v -0.114540 0.970031 -0.214289
v -0.136839 0.956940 -0.256008
v -0.158809 0.941544 -0.297110
v -0.180396 0.923880 -0.337497
v -0.201548 0.903989 -0.377070
v -0.222215 0.881921 -0.415735
v -0.242346 0.857729 -0.453398
v -0.261894 0.831470 -0.489969
v -0.280811 0.803208 -0.525360
v -0.299051 0.773010 -0.559485
v -0.316571 0.740951 -0.592262
v -0.333328 0.707107 -0.623612
v -0.349282 0.671559 -0.653460
v -0.364395 0.634393 -0.681734
v -0.378629 0.595699 -0.708366
v -0.391952 0.555570 -0.733291
v -0.404330 0.514103 -0.756449
v -0.415735 0.471397 -0.777785
v -0.426138 0.427555 -0.797247
v -0.435514 0.382683 -0.814789
v -0.443841 0.336890 -0.830367
v -0.451098 0.290285 -0.843946
v -0.457269 0.242980 -0.855491
v -0.462339 0.195090 -0.864975
v -0.466294 0.146730 -0.872375
v -0.469127 0.098017 -0.877674
v -0.470829 0.049068 -0.880859
v -0.471397 0.000000 -0.881921
v -0.470829 -0.049068 -0.880859
v -0.469127 -0.098017 -0.877674
v -0.466294 -0.146730 -0.872375
v -0.462339 -0.195090 -0.864975
v -0.457269 -0.242980 -0.855491
v -0.451098 -0.290285 -0.843946
v -0.443841 -0.336890 -0.830367
v -0.435514 -0.382683 -0.814789
v -0.426138 -0.427555 -0.797247
v -0.415735 -0.471397 -0.777785
v -0.404330 -0.514103 -0.756449
v -0.391952 -0.555570 -0.733291
v -0.378629 -0.595699 -0.708366
v -0.364395 -0.634393 -0.681734
v -0.349282 -0.671559 -0.653460
v -0.333328 -0.707107 -0.623612
v -0.316571 -0.740951 -0.592262
v -0.299051 -0.773010 -0.559485
v -0.280811 -0.803208 -0.525360
v -0.261894 -0.831470 -0.489969
v -0.242346 -0.857729 -0.453398
v -0.222215 -0.881921 -0.415735
v -0.201548 -0.903989 -0.377070
v -0.180396 -0.923880 -0.337497
v -0.158809 -0.941544 -0.297110
v -0.136839 -0.956940 -0.256008
v -0.114540 -0.970031 -0.214289
v -0.091965 -0.980785 -0.172054
v -0.069168 -0.989177 -0.129405
v -0.046205 -0.995185 -0.086443
v -0.023130 -0.998795 -0.043274
v -0.018777 0.998795 -0.045333
v -0.037510 0.995185 -0.090556
v -0.056151 0.989177 -0.135561
v -0.074658 0.980785 -0.180240
v -0.092984 0.970031 -0.224484
v -0.111087 0.956940 -0.268188
v -0.128922 0.941544 -0.311246
v -0.146447 0.923880 -0.353553
v -0.163618 0.903989 -0.395009
v -0.180396 0.881921 -0.435514
v -0.196738 0.857729 -0.474969
v -0.212608 0.831470 -0.513280
v -0.227964 0.803208 -0.550354
v -0.242772 0.773010 -0.586103
v -0.256994 0.740951 -0.620439
v -0.270598 0.707107 -0.653281
v -0.283550 0.671559 -0.684549
v -0.295818 0.634393 -0.714168
v -0.307374 0.595699 -0.742067
v -0.318190 0.555570 -0.768178
v -0.328238 0.514103 -0.792438
v -0.337497 0.471397 -0.814789
v -0.345942 0.427555 -0.835177
v -0.353553 0.382683 -0.853553
v -0.360313 0.336890 -0.869873
v -0.366205 0.290285 -0.884097
v -0.371215 0.242980 -0.896192
v -0.375330 0.195090 -0.906127
v -0.378541 0.146730 -0.913879
v -0.380841 0.098017 -0.919431
v -0.382222 0.049068 -0.922767
v -0.382683 0.000000 -0.923879
v -0.382222 -0.049068 -0.922767
v -0.380841 -0.098017 -0.919431
v -0.378541 -0.146730 -0.913879
v -0.375330 -0.195090 -0.906127
v -0.371215 -0.242980 -0.896192
v -0.366205 -0.290285 -0.884097
v -0.360313 -0.336890 -0.869873
v -0.353553 -0.382683 -0.853553
v -0.345942 -0.427555 -0.835177
v -0.337497 -0.471397 -0.814789
v -0.328238 -0.514103 -0.792438
v -0.318190 -0.555570 -0.768178
v -0.307374 -0.595699 -0.742067
v -0.295818 -0.634393 -0.714168
v -0.283550 -0.671559 -0.684549
v -0.270598 -0.707107 -0.653281
v -0.256994 -0.740951 -0.620439
v -0.242772 -0.773010 -0.586103
v -0.227964 -0.803208 -0.550354
v -0.212608 -0.831470 -0.513280
v -0.196738 -0.857729 -0.474969
v -0.180396 -0.881921 -0.435514
v -0.163618 -0.903989 -0.395009
v -0.146447 -0.923880 -0.353553
v -0.128922 -0.941544 -0.311246
v -0.111087 -0.956940 -0.268188
v -0.092984 -0.970031 -0.224484
v -0.074658 -0.980785 -0.180240
v -0.056151 -0.989177 -0.135561
v -0.037510 -0.995185 -0.090556
v -0.018777 -0.998795 -0.045333
v -0.014244 0.998795 -0.046955
v -0.028453 0.995185 -0.093797
v -0.042594 0.989177 -0.140412
v -0.056632 0.980785 -0.186690
v -0.070533 0.970031 -0.232517
v -0.084265 0.956940 -0.277785
v -0.097794 0.941544 -0.322383
v -0.111087 0.923880 -0.366205
v -0.124113 0.903989 -0.409145
v -0.136839 0.881921 -0.451098
v -0.149236 0.857729 -0.491965
v -0.161274 0.831470 -0.531648
v -0.172922 0.803208 -0.570049
v -0.184155 0.773010 -0.607076
v -0.194943 0.740951 -0.642642
v -0.205262 0.707107 -0.676659
v -0.215087 0.671559 -0.709046
v -0.224393 0.634393 -0.739725
v -0.233159 0.595699 -0.768622
v -0.241363 0.555570 -0.795667
v -0.248985 0.514103 -0.820795
v -0.256008 0.471397 -0.843946
v -0.262414 0.427555 -0.865064
v -0.268188 0.382683 -0.884097
v -0.273316 0.336890 -0.901001
v -0.277785 0.290285 -0.915735
v -0.281585 0.242980 -0.928262
v -0.284707 0.195090 -0.938553
v -0.287143 0.146730 -0.946582
v -0.288887 0.098017 -0.952332
v -0.289935 0.049068 -0.955787
v -0.290284 0.000000 -0.956940
v -0.289935 -0.049068 -0.955787
v -0.288887 -0.098017 -0.952332
v -0.287143 -0.146730 -0.946582
v -0.284707 -0.195090 -0.938553
v -0.281585 -0.242980 -0.928262
v -0.277785 -0.290285 -0.915735
v -0.273316 -0.336890 -0.901001
v -0.268188 -0.382683 -0.884097
v -0.262414 -0.427555 -0.865064
v -0.256008 -0.471397 -0.843946
v -0.248985 -0.514103 -0.820795
v -0.241363 -0.555570 -0.795667
v -0.233159 -0.595699 -0.768622
v -0.224393 -0.634393 -0.739725
v -0.215087 -0.671559 -0.709046
v -0.205262 -0.707107 -0.676659
v -0.194943 -0.740951 -0.642642
v -0.184155 -0.773010 -0.607076
v -0.172922 -0.803208 -0.570049
v -0.161274 -0.831470 -0.531648
v -0.149236 -0.857729 -0.491965
v -0.136839 -0.881921 -0.451098
v -0.124113 -0.903989 -0.409145
v -0.111087 -0.923880 -0.366205
v -0.097794 -0.941544 -0.322383
v -0.084265 -0.956940 -0.277785
v -0.070533 -0.970031 -0.232517
v -0.056632 -0.980785 -0.186690
v -0.042594 -0.989177 -0.140412
v -0.028453 -0.995185 -0.093797
v -0.014244 -0.998795 -0.046955
v -0.009573 0.998795 -0.048125
v -0.019122 0.995185 -0.096134
v -0.028626 0.989177 -0.143911
v -0.038060 0.980785 -0.191342
v -0.047403 0.970031 -0.238311
v -0.056632 0.956940 -0.284707
v -0.065724 0.941544 -0.330417
v -0.074658 0.923880 -0.375330
v -0.083412 0.903989 -0.419340
v -0.091965 0.881921 -0.462339
v -0.100296 0.857729 -0.504224
v -0.108386 0.831470 -0.544895
v -0.116215 0.803208 -0.584253
v -0.123764 0.773010 -0.622204
v -0.131015 0.740951 -0.658655
v -0.137950 0.707107 -0.693520
v -0.144552 0.671559 -0.726714
v -0.150807 0.634393 -0.758157
v -0.156698 0.595699 -0.787774
v -0.162212 0.555570 -0.815493
v -0.167334 0.514103 -0.841247
v -0.172054 0.471397 -0.864975
v -0.176360 0.427555 -0.886619
v -0.180240 0.382683 -0.906127
v -0.183686 0.336890 -0.923452
v -0.186690 0.290285 -0.938553
v -0.189243 0.242980 -0.951392
v -0.191342 0.195090 -0.961940
v -0.192979 0.146730 -0.970169
v -0.194151 0.098017 -0.976062
v -0.194855 0.049068 -0.979604
v -0.195090 0.000000 -0.980785
v -0.194855 -0.049068 -0.979604
v -0.194151 -0.098017 -0.976062
v -0.192979 -0.146730 -0.970169
v -0.191342 -0.195090 -0.961940
v -0.189243 -0.242980 -0.951392
v -0.186690 -0.290285 -0.938553
v -0.183686 -0.336890 -0.923452
v -0.180240 -0.382683 -0.906127
v -0.176360 -0.427555 -0.886619
v -0.172054 -0.471397 -0.864975
v -0.167334 -0.514103 -0.841247
v -0.162212 -0.555570 -0.815493
v -0.156698 -0.595699 -0.787774
v -0.150807 -0.634393 -0.758157
v -0.144552 -0.671559 -0.726714
v -0.137950 -0.707107 -0.693520
v -0.131015 -0.740951 -0.658655
v -0.123764 -0.773010 -0.622204
v -0.116215 -0.803208 -0.584253
v -0.108386 -0.831470 -0.544895
v -0.100296 -0.857729 -0.504224
v -0.091965 -0.881921 -0.462339
v -0.083412 -0.903989 -0.419340
v -0.074658 -0.923880 -0.375330
v -0.065724 -0.941544 -0.330417
v -0.056632 -0.956940 -0.284707
v -0.047403 -0.970031 -0.238311
v -0.038060 -0.980785 -0.191342
v -0.028626 -0.989177 -0.143911
v -0.019122 -0.995185 -0.096134
v -0.009573 -0.998795 -0.048125
v -0.004809 0.998795 -0.048831
v -0.009607 0.995185 -0.097545
v -0.014382 0.989177 -0.146024
v -0.019122 0.980785 -0.194151
v -0.023816 0.970031 -0.241810
v -0.028453 0.956940 -0.288887
v -0.033021 0.941544 -0.335268
v -0.037510 0.923880 -0.380841
v -0.041908 0.903989 -0.425496
v -0.046205 0.881921 -0.469127
v -0.050391 0.857729 -0.511627
v -0.054455 0.831470 -0.552895
v -0.058389 0.803208 -0.592831
v -0.062181 0.773010 -0.631338
v -0.065824 0.740951 -0.668325
v -0.069308 0.707107 -0.703702
v -0.072626 0.671559 -0.737383
v -0.075768 0.634393 -0.769288
v -0.078728 0.595699 -0.799340
v -0.081498 0.555570 -0.827466
v -0.084072 0.514103 -0.853598
v -0.086443 0.471397 -0.877674
v -0.088606 0.427555 -0.899636
v -0.090556 0.382683 -0.919430
v -0.092288 0.336890 -0.937010
v -0.093796 0.290285 -0.952332
v -0.095080 0.242980 -0.965360
v -0.096134 0.195090 -0.976062
v -0.096956 0.146730 -0.984413
v -0.097545 0.098017 -0.990392
v -0.097899 0.049068 -0.993986
v -0.098017 0.000000 -0.995185
v -0.097899 -0.049068 -0.993986
v -0.097545 -0.098017 -0.990392
v -0.096956 -0.146730 -0.984413
v -0.096134 -0.195090 -0.976062
v -0.095080 -0.242980 -0.965360
v -0.093796 -0.290285 -0.952332
v -0.092288 -0.336890 -0.937010
v -0.090556 -0.382683 -0.919430
v -0.088606 -0.427555 -0.899636
v -0.086443 -0.471397 -0.877674
v -0.084072 -0.514103 -0.853598
v -0.081498 -0.555570 -0.827466
v -0.078728 -0.595699 -0.799340
v -0.075768 -0.634393 -0.769288
v -0.072626 -0.671559 -0.737383
v -0.069308 -0.707107 -0.703702
v -0.065824 -0.740951 -0.668325
v -0.062181 -0.773010 -0.631338
v -0.058389 -0.803208 -0.592831
v -0.054455 -0.831470 -0.552895
v -0.050391 -0.857729 -0.511627
v -0.046205 -0.881921 -0.469127
v -0.041908 -0.903989 -0.425496
v -0.037510 -0.923880 -0.380841
v -0.033021 -0.941544 -0.335268
v -0.028453 -0.956940 -0.288887
v -0.023816 -0.970031 -0.241810
v -0.019122 -0.980785 -0.194151
v -0.014382 -0.989177 -0.146024
v -0.009607 -0.995185 -0.097545
v -0.004809 -0.998795 -0.048831
v 0.000000 0.998795 -0.049068
v 0.000000 0.995185 -0.098017
v -0.000000 0.989177 -0.146730
v -0.000000 0.980785 -0.195090
v 0.000000 0.970031 -0.242980
v 0.000000 0.956940 -0.290285
v 0.000000 0.941544 -0.336890
v 0.000000 0.923880 -0.382683
v -0.000000 0.903989 -0.427555
v 0.000000 0.881921 -0.471397
v 0.000000 0.857729 -0.514102
v -0.000000 0.831470 -0.555571
v 0.000000 0.803208 -0.595699
v -0.000000 0.773010 -0.634393
v -0.000000 0.740951 -0.671559
v 0.000000 0.707107 -0.707107
v 0.000000 0.671559 -0.740951
v -0.000000 0.634393 -0.773010
v 0.000000 0.595699 -0.803207
v -0.000000 0.555570 -0.831470
v 0.000000 0.514103 -0.857728
v 0.000000 0.471397 -0.881921
v 0.000000 0.427555 -0.903989
v 0.000000 0.382683 -0.923879
v -0.000000 0.336890 -0.941544
v 0.000000 0.290285 -0.956940
v 0.000000 0.242980 -0.970031
v 0.000000 0.195090 -0.980785
v -0.000000 0.146730 -0.989176
v 0.000000 0.098017 -0.995184
v 0.000000 0.049068 -0.998795
v 0.000000 0.000000 -1.000000
v 0.000000 -0.049068 -0.998795
v 0.000000 -0.098017 -0.995184
v -0.000000 -0.146730 -0.989176
v 0.000000 -0.195090 -0.980785
v 0.000000 -0.242980 -0.970031
v 0.000000 -0.290285 -0.956940
v -0.000000 -0.336890 -0.941544
v 0.000000 -0.382683 -0.923879
v 0.000000 -0.427555 -0.903989
v 0.000000 -0.471397 -0.881921
v 0.000000 -0.514103 -0.857728
v -0.000000 -0.555570 -0.831470
v 0.000000 -0.595699 -0.803207
v -0.000000 -0.634393 -0.773010
v 0.000000 -0.671559 -0.740951
v 0.000000 -0.707107 -0.707107
v -0.000000 -0.740951 -0.671559
v -0.000000 -0.773010 -0.634393
v 0.000000 -0.803208 -0.595699
v -0.000000 -0.831470 -0.555571
v 0.000000 -0.857729 -0.514102
v 0.000000 -0.881921 -0.471397
v -0.000000 -0.903989 -0.427555
v 0.000000 -0.923880 -0.382683
v 0.000000 -0.941544 -0.336890
v 0.000000 -0.956940 -0.290285
v 0.000000 -0.970031 -0.242980
v -0.000000 -0.980785 -0.195090
v -0.000000 -0.989177 -0.146730
v 0.000000 -0.995185 -0.098017
v 0.000000 -0.998795 -0.049068
v 0.000000 1.000000 0.000000
v 0.004809 0.998795 -0.048831
v 0.009607 0.995185 -0.097545
v 0.014382 0.989177 -0.146024
v 0.019122 0.980785 -0.194151
v 0.023816 0.970031 -0.241810
v 0.028453 0.956940 -0.288887
v 0.033021 0.941544 -0.335268
v 0.037510 0.923880 -0.380840
v 0.041908 0.903989 -0.425496
v 0.046205 0.881921 -0.469127
v 0.050391 0.857729 -0.511627
v 0.054455 0.831470 -0.552895
v 0.058389 0.803208 -0.592831
v 0.062181 0.773010 -0.631338
v 0.065824 0.740951 -0.668325
v 0.069309 0.707107 -0.703702
v 0.072626 0.671559 -0.737383
v 0.075768 0.634393 -0.769288
v 0.078728 0.595699 -0.799340
v 0.081498 0.555570 -0.827466
v 0.084072 0.514103 -0.853598
v 0.086443 0.471397 -0.877674
v 0.088606 0.427555 -0.899636
v 0.090556 0.382683 -0.919430
v 0.092287 0.336890 -0.937010
v 0.093797 0.290285 -0.952332
v 0.095080 0.242980 -0.965360
v 0.096134 0.195090 -0.976062
v 0.096956 0.146730 -0.984413
v 0.097545 0.098017 -0.990392
v 0.097899 0.049068 -0.993986
v 0.098017 0.000000 -0.995184
v 0.097899 -0.049068 -0.993986
v 0.097545 -0.098017 -0.990392
v 0.096956 -0.146730 -0.984413
v 0.096134 -0.195090 -0.976062
v 0.095080 -0.242980 -0.965360
v 0.093797 -0.290285 -0.952332
v 0.092287 -0.336890 -0.937010
v 0.090556 -0.382683 -0.919430
v 0.088606 -0.427555 -0.899636
v 0.086443 -0.471397 -0.877674
v 0.084072 -0.514103 -0.853598
v 0.081498 -0.555570 -0.827466
v 0.078728 -0.595699 -0.799340
v 0.075768 -0.634393 -0.769288
v 0.072626 -0.671559 -0.737383
v 0.069309 -0.707107 -0.703702
v 0.065824 -0.740951 -0.668325
v 0.062181 -0.773010 -0.631338
v 0.058389 -0.803208 -0.592831
v 0.054455 -0.831470 -0.552895
v 0.050391 -0.857729 -0.511627
v 0.046205 -0.881921 -0.469127
v 0.041908 -0.903989 -0.425496
v 0.037510 -0.923880 -0.380840
v 0.033021 -0.941544 -0.335268
v 0.028453 -0.956940 -0.288887
v 0.023816 -0.970031 -0.241810
v 0.019122 -0.980785 -0.194151
v 0.014382 -0.989177 -0.146024
v 0.009607 -0.995185 -0.097545
v 0.004809 -0.998795 -0.048831
v 0.009573 0.998795 -0.048125
v 0.019122 0.995185 -0.096134
v 0.028626 0.989177 -0.143911
v 0.038060 0.980785 -0.191342
v 0.047403 0.970031 -0.238311
v 0.056632 0.956940 -0.284707
v 0.065724 0.941544 -0.330417
v 0.074658 0.923880 -0.375330
v 0.083412 0.903989 -0.419340
v 0.091965 0.881921 -0.462339
v 0.100296 0.857729 -0.504224
v 0.108386 0.831470 -0.544895
v 0.116215 0.803208 -0.584253
v 0.123764 0.773010 -0.622204
v 0.131015 0.740951 -0.658655
v 0.137950 0.707107 -0.693520
v 0.144552 0.671559 -0.726714
v 0.150807 0.634393 -0.758157
v 0.156698 0.595699 -0.787774
v 0.162212 0.555570 -0.815493
v 0.167335 0.514103 -0.841247
v 0.172054 0.471397 -0.864975
v 0.176360 0.427555 -0.886619
v 0.180240 0.382683 -0.906127
v 0.183686 0.336890 -0.923452
v 0.186690 0.290285 -0.938553
v 0.189244 0.242980 -0.951392
v 0.191342 0.195090 -0.961940
v 0.192979 0.146730 -0.970169
v 0.194151 0.098017 -0.976062
v 0.194855 0.049068 -0.979604
v 0.195090 0.000000 -0.980785
v 0.194855 -0.049068 -0.979604
v 0.194151 -0.098017 -0.976062
v 0.192979 -0.146730 -0.970169
v 0.191342 -0.195090 -0.961940
v 0.189244 -0.242980 -0.951392
v 0.186690 -0.290285 -0.938553
v 0.183686 -0.336890 -0.923452
v 0.180240 -0.382683 -0.906127
v 0.176360 -0.427555 -0.886619
v 0.172054 -0.471397 -0.864975
v 0.167335 -0.514103 -0.841247
v 0.162212 -0.555570 -0.815493
v 0.156698 -0.595699 -0.787774
v 0.150807 -0.634393 -0.758157
v 0.144552 -0.671559 -0.726714
v 0.137950 -0.707107 -0.693520
v 0.131015 -0.740951 -0.658655
v 0.123764 -0.773010 -0.622204
v 0.116215 -0.803208 -0.584253
v 0.108386 -0.831470 -0.544895
v 0.100296 -0.857729 -0.504224
v 0.091965 -0.881921 -0.462339
v 0.083412 -0.903989 -0.419340
v 0.074658 -0.923880 -0.375330
v 0.065724 -0.941544 -0.330417
v 0.056632 -0.956940 -0.284707
v 0.047403 -0.970031 -0.238311
v 0.038060 -0.980785 -0.191342
v 0.028626 -0.989177 -0.143911
v 0.019122 -0.995185 -0.096134
v 0.009573 -0.998795 -0.048125
v 0.014244 0.998795 -0.046955
v 0.028453 0.995185 -0.093797
v 0.042594 0.989177 -0.140412
v 0.056632 0.980785 -0.186690
v 0.070533 0.970031 -0.232517
v 0.084265 0.956940 -0.277785
v 0.097794 0.941544 -0.322383
v 0.111087 0.923880 -0.366205
v 0.124113 0.903989 -0.409145
v 0.136839 0.881921 -0.451098
v 0.149236 0.857729 -0.491965
v 0.161274 0.831470 -0.531648
v 0.172922 0.803208 -0.570048
v 0.184155 0.773010 -0.607076
v 0.194943 0.740951 -0.642642
v 0.205262 0.707107 -0.676659
v 0.215087 0.671559 -0.709046
v 0.224393 0.634393 -0.739725
v 0.233159 0.595699 -0.768621
v 0.241363 0.555570 -0.795667
v 0.248985 0.514103 -0.820795
v 0.256008 0.471397 -0.843946
v 0.262414 0.427555 -0.865064
v 0.268188 0.382683 -0.884097
v 0.273316 0.336890 -0.901001
v 0.277785 0.290285 -0.915735
v 0.281585 0.242980 -0.928261
v 0.284707 0.195090 -0.938553
v 0.287143 0.146730 -0.946582
v 0.288887 0.098017 -0.952332
v 0.289935 0.049068 -0.955787
v 0.290285 0.000000 -0.956940
v 0.289935 -0.049068 -0.955787
v 0.288887 -0.098017 -0.952332
v 0.287143 -0.146730 -0.946582
v 0.284707 -0.195090 -0.938553
v 0.281585 -0.242980 -0.928261
v 0.277785 -0.290285 -0.915735
v 0.273316 -0.336890 -0.901001
v 0.268188 -0.382683 -0.884097
v 0.262414 -0.427555 -0.865064
v 0.256008 -0.471397 -0.843946
v 0.248985 -0.514103 -0.820795
v 0.241363 -0.555570 -0.795667
v 0.233159 -0.595699 -0.768621
v 0.224393 -0.634393 -0.739725
v 0.215087 -0.671559 -0.709046
v 0.205262 -0.707107 -0.676659
v 0.194943 -0.740951 -0.642642
v 0.184155 -0.773010 -0.607076
v 0.172922 -0.803208 -0.570048
v 0.161274 -0.831470 -0.531648
v 0.149236 -0.857729 -0.491965
v 0.136839 -0.881921 -0.451098
v 0.124113 -0.903989 -0.409145
v 0.111087 -0.923880 -0.366205
v 0.097794 -0.941544 -0.322383
v 0.084265 -0.956940 -0.277785
v 0.070533 -0.970031 -0.232517
v 0.056632 -0.980785 -0.186690
v 0.042594 -0.989177 -0.140412
v 0.028453 -0.995185 -0.093797
v 0.014244 -0.998795 -0.046955
v 0.018777 0.998795 -0.045333
v 0.037510 0.995185 -0.090556
v 0.056151 0.989177 -0.135561
v 0.074658 0.980785 -0.180240
v 0.092984 0.970031 -0.224484
v 0.111087 0.956940 -0.268188
v 0.128922 0.941544 -0.311246
v 0.146447 0.923880 -0.353553
v 0.163618 0.903989 -0.395010
v 0.180396 0.881921 -0.435514
v 0.196739 0.857729 -0.474969
v 0.212608 0.831470 -0.513280
v 0.227964 0.803208 -0.550354
v 0.242772 0.773010 -0.586103
v 0.256994 0.740951 -0.620439
v 0.270598 0.707107 -0.653281
v 0.283550 0.671559 -0.684549
v 0.295818 0.634393 -0.714168
v 0.307374 0.595699 -0.742067
v 0.318190 0.555570 -0.768178
v 0.328238 0.514103 -0.792438
v 0.337497 0.471397 -0.814789
v 0.345942 0.427555 -0.835177
v 0.353553 0.382683 -0.853553
v 0.360313 0.336890 -0.869873
v 0.366205 0.290285 -0.884097
v 0.371215 0.242980 -0.896191
v 0.375330 0.195090 -0.906127
v 0.378541 0.146730 -0.913879
v 0.380841 0.098017 -0.919430
v 0.382222 0.049068 -0.922766
v 0.382684 0.000000 -0.923879
v 0.382222 -0.049068 -0.922766
v 0.380841 -0.098017 -0.919430
v 0.378541 -0.146730 -0.913879
v 0.375330 -0.195090 -0.906127
v 0.371215 -0.242980 -0.896191
v 0.366205 -0.290285 -0.884097
v 0.360313 -0.336890 -0.869873
v 0.353553 -0.382683 -0.853553
v 0.345942 -0.427555 -0.835177
v 0.337497 -0.471397 -0.814789
v 0.328238 -0.514103 -0.792438
v 0.318190 -0.555570 -0.768178
v 0.307374 -0.595699 -0.742067
v 0.295818 -0.634393 -0.714168
v 0.283550 -0.671559 -0.684549
v 0.270598 -0.707107 -0.653281
v 0.256994 -0.740951 -0.620439
v 0.242772 -0.773010 -0.586103
v 0.227964 -0.803208 -0.550354
v 0.212608 -0.831470 -0.513280
v 0.196739 -0.857729 -0.474969
v 0.180396 -0.881921 -0.435514
v 0.163618 -0.903989 -0.395010
v 0.146447 -0.923880 -0.353553
v 0.128922 -0.941544 -0.311246
v 0.111087 -0.956940 -0.268188
v 0.092984 -0.970031 -0.224484
v 0.074658 -0.980785 -0.180240
v 0.056151 -0.989177 -0.135561
v 0.037510 -0.995185 -0.090556
v 0.018777 -0.998795 -0.045333
v 0.023130 0.998795 -0.043274
v 0.046205 0.995185 -0.086443
v 0.069168 0.989177 -0.129405
v 0.091965 0.980785 -0.172054
v 0.114540 0.970031 -0.214289
v 0.136839 0.956940 -0.256008
v 0.158809 0.941544 -0.297110
v 0.180396 0.923880 -0.337496
v 0.201548 0.903989 -0.377070
v 0.222215 0.881921 -0.415735
v 0.242346 0.857729 -0.453398
v 0.261894 0.831470 -0.489970
v 0.280811 0.803208 -0.525360
v 0.299051 0.773010 -0.559485
v 0.316571 0.740951 -0.592262
v 0.333328 0.707107 -0.623612
v 0.349282 0.671559 -0.653460
v 0.364394 0.634393 -0.681734
v 0.378629 0.595699 -0.708365
v 0.391952 0.555570 -0.733291
v 0.404330 0.514103 -0.756449
v 0.415735 0.471397 -0.777785
v 0.426138 0.427555 -0.797247
v 0.435514 0.382683 -0.814789
v 0.443841 0.336890 -0.830368
v 0.451099 0.290285 -0.843946
v 0.457269 0.242980 -0.855491
v 0.462339 0.195090 -0.864975
v 0.466294 0.146730 -0.872375
v 0.469127 0.098017 -0.877674
v 0.470829 0.049068 -0.880859
v 0.471397 0.000000 -0.881921
v 0.470829 -0.049068 -0.880859
v 0.469127 -0.098017 -0.877674
v 0.466294 -0.146730 -0.872375
v 0.462339 -0.195090 -0.864975
v 0.457269 -0.242980 -0.855491
v 0.451099 -0.290285 -0.843946
v 0.443841 -0.336890 -0.830368
v 0.435514 -0.382683 -0.814789
v 0.426138 -0.427555 -0.797247
v 0.415735 -0.471397 -0.777785
v 0.404330 -0.514103 -0.756449
v 0.391952 -0.555570 -0.733291
v 0.378629 -0.595699 -0.708365
v 0.364394 -0.634393 -0.681734
v 0.349282 -0.671559 -0.653460
v 0.333328 -0.707107 -0.623612
v 0.316571 -0.740951 -0.592262
v 0.299051 -0.773010 -0.559485
v 0.280811 -0.803208 -0.525360
v 0.261894 -0.831470 -0.489970
v 0.242346 -0.857729 -0.453398
v 0.222215 -0.881921 -0.415735
v 0.201548 -0.903989 -0.377070
v 0.180396 -0.923880 -0.337496
v 0.158809 -0.941544 -0.297110
v 0.136839 -0.956940 -0.256008
v 0.114540 -0.970031 -0.214289
v 0.091965 -0.980785 -0.172054
v 0.069168 -0.989177 -0.129405
v 0.046205 -0.995185 -0.086443
v 0.023130 -0.998795 -0.043274
v 0.027261 0.998795 -0.040798
v 0.054455 0.995185 -0.081498
v 0.081519 0.989177 -0.122002
v 0.108386 0.980785 -0.162212
v 0.134993 0.970031 -0.202031
v 0.161274 0.956940 -0.241363
v 0.187166 0.941544 -0.280114
v 0.212607 0.923880 -0.318189
v 0.237537 0.903989 -0.355499
v 0.261894 0.881921 -0.391952
v 0.285620 0.857729 -0.427460
v 0.308658 0.831470 -0.461940
v 0.330953 0.803208 -0.495306
v 0.352450 0.773010 -0.527479
v 0.373098 0.740951 -0.558381
v 0.392848 0.707107 -0.587938
v 0.411650 0.671559 -0.616078
v 0.429461 0.634393 -0.642735
v 0.446238 0.595699 -0.667842
v 0.461940 0.555570 -0.691342
v 0.476528 0.514103 -0.713175
v 0.489969 0.471397 -0.733290
v 0.502230 0.427555 -0.751640
v 0.513280 0.382683 -0.768177
v 0.523094 0.336890 -0.782865
v 0.531648 0.290285 -0.795667
v 0.538920 0.242980 -0.806551
v 0.544895 0.195090 -0.815493
v 0.549557 0.146730 -0.822469
v 0.552895 0.098017 -0.827466
v 0.554901 0.049068 -0.830468
v 0.555570 0.000000 -0.831469
v 0.554901 -0.049068 -0.830468
v 0.552895 -0.098017 -0.827466
v 0.549557 -0.146730 -0.822469
v 0.544895 -0.195090 -0.815493
v 0.538920 -0.242980 -0.806551
v 0.531648 -0.290285 -0.795667
v 0.523094 -0.336890 -0.782865
v 0.513280 -0.382683 -0.768177
v 0.502230 -0.427555 -0.751640
v 0.489969 -0.471397 -0.733290
v 0.476528 -0.514103 -0.713175
v 0.461940 -0.555570 -0.691342
v 0.446238 -0.595699 -0.667842
v 0.429461 -0.634393 -0.642735
v 0.411650 -0.671559 -0.616078
v 0.392848 -0.707107 -0.587938
v 0.373098 -0.740951 -0.558381
v 0.352450 -0.773010 -0.527479
v 0.330953 -0.803208 -0.495306
v 0.308658 -0.831470 -0.461940
v 0.285620 -0.857729 -0.427460
v 0.261894 -0.881921 -0.391952
v 0.237537 -0.903989 -0.355499
v 0.212607 -0.923880 -0.318189
v 0.187166 -0.941544 -0.280114
v 0.161274 -0.956940 -0.241363
v 0.134993 -0.970031 -0.202031
v 0.108386 -0.980785 -0.162212
v 0.081519 -0.989177 -0.122002
v 0.054455 -0.995185 -0.081498
v 0.027261 -0.998795 -0.040798
v 0.031128 0.998795 -0.037930
v 0.062181 0.995185 -0.075768
v 0.093085 0.989177 -0.113424
v 0.123764 0.980785 -0.150807
v 0.154145 0.970031 -0.187826
v 0.184155 0.956940 -0.224393
v 0.213721 0.941544 -0.260419
v 0.242772 0.923880 -0.295818
v 0.271238 0.903989 -0.330505
v 0.299051 0.881921 -0.364394
v 0.326143 0.857729 -0.397406
v 0.352450 0.831470 -0.429462
v 0.377908 0.803208 -0.460482
v 0.402455 0.773010 -0.490393
v 0.426032 0.740951 -0.519122
v 0.448584 0.707107 -0.546601
v 0.470054 0.671559 -0.572763
v 0.490392 0.634393 -0.597545
v 0.509549 0.595699 -0.620888
v 0.527479 0.555570 -0.642735
v 0.544137 0.514103 -0.663033
v 0.559485 0.471397 -0.681734
v 0.573485 0.427555 -0.698793
v 0.586103 0.382683 -0.714168
v 0.597309 0.336890 -0.727823
v 0.607077 0.290285 -0.739725
v 0.615381 0.242980 -0.749844
v 0.622204 0.195090 -0.758157
v 0.627526 0.146730 -0.764643
v 0.631338 0.098017 -0.769288
v 0.633629 0.049068 -0.772079
v 0.634393 0.000000 -0.773010
v 0.633629 -0.049068 -0.772079
v 0.631338 -0.098017 -0.769288
v 0.627526 -0.146730 -0.764643
v 0.622204 -0.195090 -0.758157
v 0.615381 -0.242980 -0.749844
v 0.607077 -0.290285 -0.739725
v 0.597309 -0.336890 -0.727823
v 0.586103 -0.382683 -0.714168
v 0.573485 -0.427555 -0.698793
v 0.559485 -0.471397 -0.681734
v 0.544137 -0.514103 -0.663033
v 0.527479 -0.555570 -0.642735
v 0.509549 -0.595699 -0.620888
v 0.490392 -0.634393 -0.597545
v 0.470054 -0.671559 -0.572763
v 0.448584 -0.707107 -0.546601
v 0.426032 -0.740951 -0.519122
v 0.402455 -0.773010 -0.490393
v 0.377908 -0.803208 -0.460482
v 0.352450 -0.831470 -0.429462
v 0.326143 -0.857729 -0.397406
v 0.299051 -0.881921 -0.364394
v 0.271238 -0.903989 -0.330505
v 0.242772 -0.923880 -0.295818
v 0.213721 -0.941544 -0.260419
v 0.184155 -0.956940 -0.224393
v 0.154145 -0.970031 -0.187826
v 0.123764 -0.980785 -0.150807
v 0.093085 -0.989177 -0.113424
v 0.062181 -0.995185 -0.075768
v 0.031128 -0.998795 -0.037930
v 0.034696 0.998795 -0.034696
v 0.069309 0.995185 -0.069309
v 0.103754 0.989177 -0.103754
v 0.137950 0.980785 -0.137950
v 0.171813 0.970031 -0.171813
v 0.205262 0.956940 -0.205262
v 0.238217 0.941544 -0.238217
v 0.270598 0.923880 -0.270598
v 0.302327 0.903989 -0.302327
v 0.333328 0.881921 -0.333328
v 0.363525 0.857729 -0.363525
v 0.392848 0.831470 -0.392848
v 0.421223 0.803208 -0.421223
v 0.448584 0.773010 -0.448584
v 0.474864 0.740951 -0.474864
v 0.500000 0.707107 -0.500000
v 0.523931 0.671559 -0.523931
v 0.546601 0.634393 -0.546601
v 0.567953 0.595699 -0.567953
v 0.587938 0.555570 -0.587938
v 0.606506 0.514103 -0.606506
v 0.623612 0.471397 -0.623612
v 0.639217 0.427555 -0.639217
v 0.653281 0.382683 -0.653281
v 0.665772 0.336890 -0.665772
v 0.676659 0.290285 -0.676659
v 0.685915 0.242980 -0.685915
v 0.693520 0.195090 -0.693520
v 0.699453 0.146730 -0.699453
v 0.703702 0.098017 -0.703702
v 0.706255 0.049068 -0.706255
v 0.707107 0.000000 -0.707106
v 0.706255 -0.049068 -0.706255
v 0.703702 -0.098017 -0.703702
v 0.699453 -0.146730 -0.699453
v 0.693520 -0.195090 -0.693520
v 0.685915 -0.242980 -0.685915
v 0.676659 -0.290285 -0.676659
v 0.665772 -0.336890 -0.665772
v 0.653281 -0.382683 -0.653281
v 0.639217 -0.427555 -0.639217
v 0.623612 -0.471397 -0.623612
v 0.606506 -0.514103 -0.606506
v 0.587938 -0.555570 -0.587938
v 0.567953 -0.595699 -0.567953
v 0.546601 -0.634393 -0.546601
v 0.523931 -0.671559 -0.523931
v 0.500000 -0.707107 -0.500000
v 0.474864 -0.740951 -0.474864
v 0.448584 -0.773010 -0.448584
v 0.421223 -0.803208 -0.421223
v 0.392848 -0.831470 -0.392848
v 0.363525 -0.857729 -0.363525
v 0.333328 -0.881921 -0.333328
v 0.302327 -0.903989 -0.302327
v 0.270598 -0.923880 -0.270598
v 0.238217 -0.941544 -0.238217
v 0.205262 -0.956940 -0.205262
v 0.171813 -0.970031 -0.171813
v 0.137950 -0.980785 -0.137950
v 0.103754 -0.989177 -0.103754
v 0.069309 -0.995185 -0.069309
v 0.034696 -0.998795 -0.034696
v 0.037930 0.998795 -0.031128
v 0.075768 0.995185 -0.062181
v 0.113424 0.989177 -0.093085
v 0.150807 0.980785 -0.123764
v 0.187826 0.970031 -0.154145
v 0.224393 0.956940 -0.184155
v 0.260419 0.941544 -0.213721
v 0.295818 0.923880 -0.242772
v 0.330505 0.903989 -0.271238
v 0.364394 0.881921 -0.299051
v 0.397407 0.857729 -0.326143
v 0.429462 0.831470 -0.352450
v 0.460482 0.803208 -0.377907
v 0.490393 0.773010 -0.402455
v 0.519122 0.740951 -0.426032
v 0.546601 0.707107 -0.448584
v 0.572763 0.671559 -0.470054
v 0.597545 0.634393 -0.490393
v 0.620888 0.595699 -0.509549
v 0.642735 0.555570 -0.527479
v 0.663033 0.514103 -0.544137
v 0.681734 0.471397 -0.559485
v 0.698793 0.427555 -0.573485
v 0.714168 0.382683 -0.586103
v 0.727823 0.336890 -0.597309
v 0.739725 0.290285 -0.607076
v 0.749844 0.242980 -0.615381
v 0.758157 0.195090 -0.622203
v 0.764643 0.146730 -0.627526
v 0.769288 0.098017 -0.631338
v 0.772079 0.049068 -0.633629
v 0.773010 0.000000 -0.634393
v 0.772079 -0.049068 -0.633629
v 0.769288 -0.098017 -0.631338
v 0.764643 -0.146730 -0.627526
v 0.758157 -0.195090 -0.622203
v 0.749844 -0.242980 -0.615381
v 0.739725 -0.290285 -0.607076
v 0.727823 -0.336890 -0.597309
v 0.714168 -0.382683 -0.586103
v 0.698793 -0.427555 -0.573485
v 0.681734 -0.471397 -0.559485
v 0.663033 -0.514103 -0.544137
v 0.642735 -0.555570 -0.527479
v 0.620888 -0.595699 -0.509549
v 0.597545 -0.634393 -0.490393
v 0.572763 -0.671559 -0.470054
v 0.546601 -0.707107 -0.448584
v 0.519122 -0.740951 -0.426032
v 0.490393 -0.773010 -0.402455
v 0.460482 -0.803208 -0.377907
v 0.429462 -0.831470 -0.352450
v 0.397407 -0.857729 -0.326143
v 0.364394 -0.881921 -0.299051
v 0.330505 -0.903989 -0.271238
v 0.295818 -0.923880 -0.242772
v 0.260419 -0.941544 -0.213721
v 0.224393 -0.956940 -0.184155
v 0.187826 -0.970031 -0.154145
v 0.150807 -0.980785 -0.123764
v 0.113424 -0.989177 -0.093085
v 0.075768 -0.995185 -0.062181
v 0.037930 -0.998795 -0.031128
v 0.040798 0.998795 -0.027261
v 0.081498 0.995185 -0.054455
v 0.122002 0.989177 -0.081519
v 0.162212 0.980785 -0.108386
v 0.202031 0.970031 -0.134992
v 0.241363 0.956940 -0.161274
v 0.280114 0.941544 -0.187166
v 0.318189 0.923880 -0.212607
v 0.355499 0.903989 -0.237537
v 0.391952 0.881921 -0.261894
v 0.427460 0.857729 -0.285620
v 0.461940 0.831470 -0.308659
v 0.495306 0.803208 -0.330953
v 0.527479 0.773010 -0.352450
v 0.558381 0.740951 -0.373098
v 0.587938 0.707107 -0.392847
v 0.616078 0.671559 -0.411650
v 0.642734 0.634393 -0.429462
v 0.667842 0.595699 -0.446238
v 0.691342 0.555570 -0.461940
v 0.713175 0.514103 -0.476528
v 0.733290 0.471397 -0.489969
v 0.751640 0.427555 -0.502230
v 0.768177 0.382683 -0.513280
v 0.782865 0.336890 -0.523094
v 0.795667 0.290285 -0.531647
v 0.806551 0.242980 -0.538920
v 0.815493 0.195090 -0.544895
v 0.822470 0.146730 -0.549556
v 0.827466 0.098017 -0.552895
v 0.830468 0.049068 -0.554901
v 0.831470 0.000000 -0.555570
v 0.830468 -0.049068 -0.554901
v 0.827466 -0.098017 -0.552895
v 0.822470 -0.146730 -0.549556
v 0.815493 -0.195090 -0.544895
v 0.806551 -0.242980 -0.538920
v 0.795667 -0.290285 -0.531647
v 0.782865 -0.336890 -0.523094
v 0.768177 -0.382683 -0.513280
v 0.751640 -0.427555 -0.502230
v 0.733290 -0.471397 -0.489969
v 0.713175 -0.514103 -0.476528
v 0.691342 -0.555570 -0.461940
v 0.667842 -0.595699 -0.446238
v 0.642734 -0.634393 -0.429462
v 0.616078 -0.671559 -0.411650
v 0.587938 -0.707107 -0.392847
v 0.558381 -0.740951 -0.373098
v 0.527479 -0.773010 -0.352450
v 0.495306 -0.803208 -0.330953
v 0.461940 -0.831470 -0.308659
v 0.427460 -0.857729 -0.285620
v 0.391952 -0.881921 -0.261894
v 0.355499 -0.903989 -0.237537
v 0.318189 -0.923880 -0.212607
v 0.280114 -0.941544 -0.187166
v 0.241363 -0.956940 -0.161274
v 0.202031 -0.970031 -0.134992
v 0.162212 -0.980785 -0.108386
v 0.122002 -0.989177 -0.081519
v 0.081498 -0.995185 -0.054455
v 0.040798 -0.998795 -0.027261
v 0.043274 0.998795 -0.023130
v 0.086443 0.995185 -0.046205
v 0.129405 0.989177 -0.069168
v 0.172054 0.980785 -0.091965
v 0.214289 0.970031 -0.114540
v 0.256008 0.956940 -0.136839
v 0.297110 0.941544 -0.158809
v 0.337496 0.923880 -0.180396
v 0.377070 0.903989 -0.201548
v 0.415735 0.881921 -0.222215
v 0.453398 0.857729 -0.242346
v 0.489969 0.831470 -0.261894
v 0.525360 0.803208 -0.280810
v 0.559485 0.773010 -0.299051
v 0.592262 0.740951 -0.316571
v 0.623612 0.707107 -0.333328
v 0.653460 0.671559 -0.349282
v 0.681734 0.634393 -0.364395
v 0.708365 0.595699 -0.378629
v 0.733291 0.555570 -0.391952
v 0.756449 0.514103 -0.404330
v 0.777785 0.471397 -0.415735
v 0.797247 0.427555 -0.426138
v 0.814789 0.382683 -0.435513
v 0.830367 0.336890 -0.443841
v 0.843946 0.290285 -0.451098
v 0.855491 0.242980 -0.457269
v 0.864975 0.195090 -0.462339
v 0.872375 0.146730 -0.466294
v 0.877674 0.098017 -0.469127
v 0.880859 0.049068 -0.470829
v 0.881921 0.000000 -0.471396
v 0.880859 -0.049068 -0.470829
v 0.877674 -0.098017 -0.469127
v 0.872375 -0.146730 -0.466294
v 0.864975 -0.195090 -0.462339
v 0.855491 -0.242980 -0.457269
v 0.843946 -0.290285 -0.451098
v 0.830367 -0.336890 -0.443841
v 0.814789 -0.382683 -0.435513
v 0.797247 -0.427555 -0.426138
v 0.777785 -0.471397 -0.415735
v 0.756449 -0.514103 -0.404330
v 0.733291 -0.555570 -0.391952
v 0.708365 -0.595699 -0.378629
v 0.681734 -0.634393 -0.364395
v 0.653460 -0.671559 -0.349282
v 0.623612 -0.707107 -0.333328
v 0.592262 -0.740951 -0.316571
v 0.559485 -0.773010 -0.299051
v 0.525360 -0.803208 -0.280810
v 0.489969 -0.831470 -0.261894
v 0.453398 -0.857729 -0.242346
v 0.415735 -0.881921 -0.222215
v 0.377070 -0.903989 -0.201548
v 0.337496 -0.923880 -0.180396
v 0.297110 -0.941544 -0.158809
v 0.256008 -0.956940 -0.136839
v 0.214289 -0.970031 -0.114540
v 0.172054 -0.980785 -0.091965
v 0.129405 -0.989177 -0.069168
v 0.086443 -0.995185 -0.046205
v 0.043274 -0.998795 -0.023130
v 0.000000 -1.000000 0.000000
v 0.045333 0.998795 -0.018777
v 0.090556 0.995185 -0.037509
v 0.135561 0.989177 -0.056151
v 0.180240 0.980785 -0.074658
v 0.224484 0.970031 -0.092984
v 0.268188 0.956940 -0.111087
v 0.311246 0.941544 -0.128922
v 0.353553 0.923880 -0.146446
v 0.395010 0.903989 -0.163618
v 0.435514 0.881921 -0.180396
v 0.474969 0.857729 -0.196738
v 0.513280 0.831470 -0.212608
v 0.550354 0.803208 -0.227964
v 0.586103 0.773010 -0.242772
v 0.620439 0.740951 -0.256994
v 0.653281 0.707107 -0.270598
v 0.684549 0.671559 -0.283550
v 0.714168 0.634393 -0.295818
v 0.742067 0.595699 -0.307374
v 0.768178 0.555570 -0.318190
v 0.792438 0.514103 -0.328238
v 0.814789 0.471397 -0.337496
v 0.835177 0.427555 -0.345942
v 0.853553 0.382683 -0.353553
v 0.869873 0.336890 -0.360313
v 0.884098 0.290285 -0.366205
v 0.896191 0.242980 -0.371214
v 0.906127 0.195090 -0.375330
v 0.913879 0.146730 -0.378541
v 0.919431 0.098017 -0.380840
v 0.922766 0.049068 -0.382222
v 0.923879 0.000000 -0.382683
v 0.922766 -0.049068 -0.382222
v 0.919431 -0.098017 -0.380840
v 0.913879 -0.146730 -0.378541
v 0.906127 -0.195090 -0.375330
v 0.896191 -0.242980 -0.371214
v 0.884098 -0.290285 -0.366205
v 0.869873 -0.336890 -0.360313
v 0.853553 -0.382683 -0.353553
v 0.835177 -0.427555 -0.345942
v 0.814789 -0.471397 -0.337496
v 0.792438 -0.514103 -0.328238
v 0.768178 -0.555570 -0.318190
v 0.742067 -0.595699 -0.307374
v 0.714168 -0.634393 -0.295818
v 0.684549 -0.671559 -0.283550
v 0.653281 -0.707107 -0.270598
v 0.620439 -0.740951 -0.256994
v 0.586103 -0.773010 -0.242772
v 0.550354 -0.803208 -0.227964
v 0.513280 -0.831470 -0.212608
v 0.474969 -0.857729 -0.196738
v 0.435514 -0.881921 -0.180396
v 0.395010 -0.903989 -0.163618
v 0.353553 -0.923880 -0.146446
v 0.311246 -0.941544 -0.128922
v 0.268188 -0.956940 -0.111087
v 0.224484 -0.970031 -0.092984
v 0.180240 -0.980785 -0.074658
v 0.135561 -0.989177 -0.056151
v 0.090556 -0.995185 -0.037509
v 0.045333 -0.998795 -0.018777
v 0.046955 0.998795 -0.014244
v 0.093796 0.995185 -0.028453
v 0.140412 0.989177 -0.042594
v 0.186690 0.980785 -0.056632
v 0.232517 0.970031 -0.070533
v 0.277785 0.956940 -0.084265
v 0.322383 0.941544 -0.097794
v 0.366205 0.923880 -0.111087
v 0.409145 0.903989 -0.124113
v 0.451098 0.881921 -0.136839
v 0.491965 0.857729 -0.149236
v 0.531648 0.831470 -0.161274
v 0.570048 0.803208 -0.172922
v 0.607076 0.773010 -0.184155
v 0.642642 0.740951 -0.194943
v 0.676659 0.707107 -0.205262
v 0.709046 0.671559 -0.215087
v 0.739725 0.634393 -0.224393
v 0.768621 0.595699 -0.233159
v 0.795667 0.555570 -0.241363
v 0.820795 0.514103 -0.248985
v 0.843946 0.471397 -0.256008
v 0.865064 0.427555 -0.262414
v 0.884097 0.382683 -0.268188
v 0.901001 0.336890 -0.273316
v 0.915735 0.290285 -0.277785
v 0.928261 0.242980 -0.281585
v 0.938553 0.195090 -0.284707
v 0.946582 0.146730 -0.287142
v 0.952332 0.098017 -0.288887
v 0.955787 0.049068 -0.289935
v 0.956940 0.000000 -0.290284
v 0.955787 -0.049068 -0.289935
v 0.952332 -0.098017 -0.288887
v 0.946582 -0.146730 -0.287142
v 0.938553 -0.195090 -0.284707
v 0.928261 -0.242980 -0.281585
v 0.915735 -0.290285 -0.277785
v 0.901001 -0.336890 -0.273316
v 0.884097 -0.382683 -0.268188
v 0.865064 -0.427555 -0.262414
v 0.843946 -0.471397 -0.256008
v 0.820795 -0.514103 -0.248985
v 0.795667 -0.555570 -0.241363
v 0.768621 -0.595699 -0.233159
v 0.739725 -0.634393 -0.224393
v 0.709046 -0.671559 -0.215087
v 0.676659 -0.707107 -0.205262
v 0.642642 -0.740951 -0.194943
v 0.607076 -0.773010 -0.184155
v 0.570048 -0.803208 -0.172922
v 0.531648 -0.831470 -0.161274
v 0.491965 -0.857729 -0.149236
v 0.451098 -0.881921 -0.136839
v 0.409145 -0.903989 -0.124113
v 0.366205 -0.923880 -0.111087
v 0.322383 -0.941544 -0.097794
v 0.277785 -0.956940 -0.084265
v 0.232517 -0.970031 -0.070533
v 0.186690 -0.980785 -0.056632
v 0.140412 -0.989177 -0.042594
v 0.093796 -0.995185 -0.028453
v 0.046955 -0.998795 -0.014244
v 0.048125 0.998795 -0.009573
v 0.096134 0.995185 -0.019122
v 0.143911 0.989177 -0.028626
v 0.191342 0.980785 -0.038060
v 0.238311 0.970031 -0.047403
v 0.284707 0.956940 -0.056632
v 0.330417 0.941544 -0.065724
v 0.375330 0.923880 -0.074658
v 0.419340 0.903989 -0.083412
v 0.462339 0.881921 -0.091965
v 0.504224 0.857729 -0.100296
v 0.544895 0.831470 -0.108386
v 0.584253 0.803208 -0.116215
v 0.622204 0.773010 -0.123764
v 0.658655 0.740951 -0.131015
v 0.693520 0.707107 -0.137949
v 0.726714 0.671559 -0.144552
v 0.758157 0.634393 -0.150807
v 0.787774 0.595699 -0.156698
v 0.815493 0.555570 -0.162212
v 0.841247 0.514103 -0.167334
v 0.864975 0.471397 -0.172054
v 0.886619 0.427555 -0.176360
v 0.906127 0.382683 -0.180240
v 0.923452 0.336890 -0.183686
v 0.938553 0.290285 -0.186690
v 0.951392 0.242980 -0.189243
v 0.961940 0.195090 -0.191342
v 0.970169 0.146730 -0.192978
v 0.976062 0.098017 -0.194151
v 0.979603 0.049068 -0.194855
v 0.980785 0.000000 -0.195090
v 0.979603 -0.049068 -0.194855
v 0.976062 -0.098017 -0.194151
v 0.970169 -0.146730 -0.192978
v 0.961940 -0.195090 -0.191342
v 0.951392 -0.242980 -0.189243
v 0.938553 -0.290285 -0.186690
v 0.923452 -0.336890 -0.183686
v 0.906127 -0.382683 -0.180240
v 0.886619 -0.427555 -0.176360
v 0.864975 -0.471397 -0.172054
v 0.841247 -0.514103 -0.167334
v 0.815493 -0.555570 -0.162212
v 0.787774 -0.595699 -0.156698
v 0.758157 -0.634393 -0.150807
v 0.726714 -0.671559 -0.144552
v 0.693520 -0.707107 -0.137949
v 0.658655 -0.740951 -0.131015
v 0.622204 -0.773010 -0.123764
v 0.584253 -0.803208 -0.116215
v 0.544895 -0.831470 -0.108386
v 0.504224 -0.857729 -0.100296
v 0.462339 -0.881921 -0.091965
v 0.419340 -0.903989 -0.083412
v 0.375330 -0.923880 -0.074658
v 0.330417 -0.941544 -0.065724
v 0.284707 -0.956940 -0.056632
v 0.238311 -0.970031 -0.047403
v 0.191342 -0.980785 -0.038060
v 0.143911 -0.989177 -0.028626
v 0.096134 -0.995185 -0.019122
v 0.048125 -0.998795 -0.009573
v 0.048831 0.998795 -0.004809
v 0.097545 0.995185 -0.009607
v 0.146024 0.989177 -0.014382
v 0.194151 0.980785 -0.019122
v 0.241810 0.970031 -0.023816
v 0.288887 0.956940 -0.028453
v 0.335268 0.941544 -0.033021
v 0.380840 0.923880 -0.037509
v 0.425496 0.903989 -0.041908
v 0.469127 0.881921 -0.046205
v 0.511627 0.857729 -0.050391
v 0.552895 0.831470 -0.054455
v 0.592831 0.803208 -0.058389
v 0.631338 0.773010 -0.062181
v 0.668325 0.740951 -0.065824
v 0.703702 0.707107 -0.069308
v 0.737383 0.671559 -0.072626
v 0.769288 0.634393 -0.075768
v 0.799339 0.595699 -0.078728
v 0.827466 0.555570 -0.081498
v 0.853598 0.514103 -0.084072
v 0.877674 0.471397 -0.086443
v 0.899636 0.427555 -0.088606
v 0.919430 0.382683 -0.090556
v 0.937010 0.336890 -0.092288
v 0.952332 0.290285 -0.093796
v 0.965359 0.242980 -0.095079
v 0.976062 0.195090 -0.096134
v 0.984412 0.146730 -0.096956
v 0.990392 0.098017 -0.097545
v 0.993986 0.049068 -0.097899
v 0.995184 0.000000 -0.098017
v 0.993986 -0.049068 -0.097899
v 0.990392 -0.098017 -0.097545
v 0.984412 -0.146730 -0.096956
v 0.976062 -0.195090 -0.096134
v 0.965359 -0.242980 -0.095079
v 0.952332 -0.290285 -0.093796
v 0.937010 -0.336890 -0.092288
v 0.919430 -0.382683 -0.090556
v 0.899636 -0.427555 -0.088606
v 0.877674 -0.471397 -0.086443
v 0.853598 -0.514103 -0.084072
v 0.827466 -0.555570 -0.081498
v 0.799339 -0.595699 -0.078728
v 0.769288 -0.634393 -0.075768
v 0.737383 -0.671559 -0.072626
v 0.703702 -0.707107 -0.069308
v 0.668325 -0.740951 -0.065824
v 0.631338 -0.773010 -0.062181
v 0.592831 -0.803208 -0.058389
v 0.552895 -0.831470 -0.054455
v 0.511627 -0.857729 -0.050391
v 0.469127 -0.881921 -0.046205
v 0.425496 -0.903989 -0.041908
v 0.380840 -0.923880 -0.037509
v 0.335268 -0.941544 -0.033021
v 0.288887 -0.956940 -0.028453
v 0.241810 -0.970031 -0.023816
v 0.194151 -0.980785 -0.019122
v 0.146024 -0.989177 -0.014382
v 0.097545 -0.995185 -0.009607
v 0.048831 -0.998795 -0.004809
v 0.049068 0.998795 0.000000
v 0.098017 0.995185 0.000000
v 0.146730 0.989177 -0.000000
v 0.195090 0.980785 -0.000000
v 0.242980 0.970031 0.000000
v 0.290285 0.956940 0.000000
v 0.336890 0.941544 0.000000
v 0.382683 0.923880 0.000000
v 0.427555 0.903989 0.000000
v 0.471396 0.881921 0.000000
v 0.514102 0.857729 0.000000
v 0.555571 0.831470 -0.000000
v 0.595699 0.803208 0.000000
v 0.634393 0.773010 -0.000000
v 0.671559 0.740951 0.000000
v 0.707107 0.707107 0.000000
v 0.740951 0.671559 0.000000
v 0.773010 0.634393 -0.000000
v 0.803207 0.595699 0.000000
v 0.831470 0.555570 -0.000000
v 0.857728 0.514103 0.000000
v 0.881921 0.471397 0.000000
v 0.903989 0.427555 0.000000
v 0.923879 0.382683 0.000000
v 0.941544 0.336890 -0.000000
v 0.956940 0.290285 0.000000
v 0.970030 0.242980 0.000000
v 0.980785 0.195090 0.000000
v 0.989175 0.146730 0.000000
v 0.995184 0.098017 0.000000
v 0.998795 0.049068 0.000000
v 1.000000 0.000000 0.000000
v 0.998795 -0.049068 0.000000
v 0.995184 -0.098017 0.000000
v 0.989175 -0.146730 0.000000
v 0.980785 -0.195090 0.000000
v 0.970030 -0.242980 0.000000
v 0.956940 -0.290285 0.000000
v 0.941544 -0.336890 -0.000000
v 0.923879 -0.382683 0.000000
v 0.903989 -0.427555 0.000000
v 0.881921 -0.471397 0.000000
v 0.857728 -0.514103 0.000000
v 0.831470 -0.555570 -0.000000
v 0.803207 -0.595699 0.000000
v 0.773010 -0.634393 -0.000000
v 0.740951 -0.671559 0.000000
v 0.707107 -0.707107 0.000000
v 0.671559 -0.740951 0.000000
v 0.634393 -0.773010 -0.000000
v 0.595699 -0.803208 0.000000
v 0.555571 -0.831470 -0.000000
v 0.514102 -0.857729 0.000000
v 0.471396 -0.881921 0.000000
v 0.427555 -0.903989 0.000000
v 0.382683 -0.923880 0.000000
v 0.336890 -0.941544 0.000000
v 0.290285 -0.956940 0.000000
v 0.242980 -0.970031 0.000000
v 0.195090 -0.980785 -0.000000
v 0.146730 -0.989177 -0.000000
v 0.098017 -0.995185 0.000000
v 0.049068 -0.998795 0.000000
v 0.048831 0.998795 0.004809
v 0.097545 0.995185 0.009607
v 0.146024 0.989177 0.014382
v 0.194151 0.980785 0.019122
v 0.241810 0.970031 0.023816
v 0.288887 0.956940 0.028453
v 0.335268 0.941544 0.033021
v 0.380840 0.923880 0.037510
v 0.425496 0.903989 0.041908
v 0.469127 0.881921 0.046205
v 0.511627 0.857729 0.050391
v 0.552895 0.831470 0.054455
v 0.592830 0.803208 0.058389
v 0.631338 0.773010 0.062181
v 0.668325 0.740951 0.065824
v 0.703702 0.707107 0.069309
v 0.737383 0.671559 0.072626
v 0.769288 0.634393 0.075768
v 0.799339 0.595699 0.078728
v 0.827466 0.555570 0.081498
v 0.853598 0.514103 0.084072
v 0.877674 0.471397 0.086443
v 0.899636 0.427555 0.088606
v 0.919430 0.382683 0.090556
v 0.937010 0.336890 0.092287
v 0.952332 0.290285 0.093797
v 0.965359 0.242980 0.095080
v 0.976062 0.195090 0.096134
v 0.984412 0.146730 0.096956
v 0.990392 0.098017 0.097545
v 0.993986 0.049068 0.097899
v 0.995184 0.000000 0.098017
v 0.993986 -0.049068 0.097899
v 0.990392 -0.098017 0.097545
v 0.984412 -0.146730 0.096956
v 0.976062 -0.195090 0.096134
v 0.965359 -0.242980 0.095080
v 0.952332 -0.290285 0.093797
v 0.937010 -0.336890 0.092287
v 0.919430 -0.382683 0.090556
v 0.899636 -0.427555 0.088606
v 0.877674 -0.471397 0.086443
v 0.853598 -0.514103 0.084072
v 0.827466 -0.555570 0.081498
v 0.799339 -0.595699 0.078728
v 0.769288 -0.634393 0.075768
v 0.737383 -0.671559 0.072626
v 0.703702 -0.707107 0.069309
v 0.668325 -0.740951 0.065824
v 0.631338 -0.773010 0.062181
v 0.592830 -0.803208 0.058389
v 0.552895 -0.831470 0.054455
v 0.511627 -0.857729 0.050391
v 0.469127 -0.881921 0.046205
v 0.425496 -0.903989 0.041908
v 0.380840 -0.923880 0.037510
v 0.335268 -0.941544 0.033021
v 0.288887 -0.956940 0.028453
v 0.241810 -0.970031 0.023816
v 0.194151 -0.980785 0.019122
v 0.146024 -0.989177 0.014382
v 0.097545 -0.995185 0.009607
v 0.048831 -0.998795 0.004809
v 0.048125 0.998795 0.009573
v 0.096134 0.995185 0.019122
v 0.143911 0.989177 0.028626
v 0.191342 0.980785 0.038060
v 0.238311 0.970031 0.047403
v 0.284707 0.956940 0.056632
v 0.330416 0.941544 0.065724
v 0.375330 0.923880 0.074658
v 0.419340 0.903989 0.083412
v 0.462339 0.881921 0.091965
v 0.504224 0.857729 0.100296
v 0.544896 0.831470 0.108386
v 0.584253 0.803208 0.116215
v 0.622204 0.773010 0.123764
v 0.658655 0.740951 0.131015
v 0.693520 0.707107 0.137950
v 0.726714 0.671559 0.144552
v 0.758157 0.634393 0.150807
v 0.787774 0.595699 0.156698
v 0.815493 0.555570 0.162212
v 0.841247 0.514103 0.167335
v 0.864975 0.471397 0.172054
v 0.886619 0.427555 0.176360
v 0.906127 0.382683 0.180240
v 0.923452 0.336890 0.183686
v 0.938553 0.290285 0.186690
v 0.951392 0.242980 0.189244
v 0.961940 0.195090 0.191342
v 0.970169 0.146730 0.192979
v 0.976062 0.098017 0.194151
v 0.979603 0.049068 0.194855
v 0.980785 0.000000 0.195091
v 0.979603 -0.049068 0.194855
v 0.976062 -0.098017 0.194151
v 0.970169 -0.146730 0.192979
v 0.961940 -0.195090 0.191342
v 0.951392 -0.242980 0.189244
v 0.938553 -0.290285 0.186690
v 0.923452 -0.336890 0.183686
v 0.906127 -0.382683 0.180240
v 0.886619 -0.427555 0.176360
v 0.864975 -0.471397 0.172054
v 0.841247 -0.514103 0.167335
v 0.815493 -0.555570 0.162212
v 0.787774 -0.595699 0.156698
v 0.758157 -0.634393 0.150807
v 0.726714 -0.671559 0.144552
v 0.693520 -0.707107 0.137950
v 0.658655 -0.740951 0.131015
v 0.622204 -0.773010 0.123764
v 0.584253 -0.803208 0.116215
v 0.544896 -0.831470 0.108386
v 0.504224 -0.857729 0.100296
v 0.462339 -0.881921 0.091965
v 0.419340 -0.903989 0.083412
v 0.375330 -0.923880 0.074658
v 0.330416 -0.941544 0.065724
v 0.284707 -0.956940 0.056632
v 0.238311 -0.970031 0.047403
v 0.191342 -0.980785 0.038060
v 0.143911 -0.989177 0.028626
v 0.096134 -0.995185 0.019122
v 0.048125 -0.998795 0.009573
v 0.046955 0.998795 0.014244
v 0.093796 0.995185 0.028453
v 0.140412 0.989177 0.042594
v 0.186690 0.980785 0.056632
v 0.232517 0.970031 0.070533
v 0.277785 0.956940 0.084265
v 0.322383 0.941544 0.097794
v 0.366205 0.923880 0.111087
v 0.409145 0.903989 0.124113
v 0.451098 0.881921 0.136839
v 0.491965 0.857729 0.149236
v 0.531648 0.831470 0.161274
v 0.570048 0.803208 0.172922
v 0.607076 0.773010 0.184155
v 0.642642 0.740951 0.194943
v 0.676659 0.707107 0.205262
v 0.709046 0.671559 0.215087
v 0.739725 0.634393 0.224393
v 0.768621 0.595699 0.233159
v 0.795667 0.555570 0.241363
v 0.820795 0.514103 0.248985
v 0.843946 0.471397 0.256008
v 0.865064 0.427555 0.262414
v 0.884097 0.382683 0.268188
v 0.901001 0.336890 0.273316
v 0.915735 0.290285 0.277785
v 0.928261 0.242980 0.281585
v 0.938553 0.195090 0.284707
v 0.946582 0.146730 0.287143
v 0.952332 0.098017 0.288887
v 0.955787 0.049068 0.289935
v 0.956940 0.000000 0.290285
v 0.955787 -0.049068 0.289935
v 0.952332 -0.098017 0.288887
v 0.946582 -0.146730 0.287143
v 0.938553 -0.195090 0.284707
v 0.928261 -0.242980 0.281585
v 0.915735 -0.290285 0.277785
v 0.901001 -0.336890 0.273316
v 0.884097 -0.382683 0.268188
v 0.865064 -0.427555 0.262414
v 0.843946 -0.471397 0.256008
v 0.820795 -0.514103 0.248985
v 0.795667 -0.555570 0.241363
v 0.768621 -0.595699 0.233159
v 0.739725 -0.634393 0.224393
v 0.709046 -0.671559 0.215087
v 0.676659 -0.707107 0.205262
v 0.642642 -0.740951 0.194943
v 0.607076 -0.773010 0.184155
v 0.570048 -0.803208 0.172922
v 0.531648 -0.831470 0.161274
v 0.491965 -0.857729 0.149236
v 0.451098 -0.881921 0.136839
v 0.409145 -0.903989 0.124113
v 0.366205 -0.923880 0.111087
v 0.322383 -0.941544 0.097794
v 0.277785 -0.956940 0.084265
v 0.232517 -0.970031 0.070533
v 0.186690 -0.980785 0.056632
v 0.140412 -0.989177 0.042594
v 0.093796 -0.995185 0.028453
v 0.046955 -0.998795 0.014244
v 0.045333 0.998795 0.018777
v 0.090556 0.995185 0.037510
v 0.135561 0.989177 0.056151
v 0.180240 0.980785 0.074658
v 0.224484 0.970031 0.092984
v 0.268188 0.956940 0.111087
v 0.311245 0.941544 0.128922
v 0.353553 0.923880 0.146446
v 0.395010 0.903989 0.163618
v 0.435514 0.881921 0.180396
v 0.474968 0.857729 0.196738
v 0.513280 0.831470 0.212608
v 0.550354 0.803208 0.227964
v 0.586103 0.773010 0.242772
v 0.620439 0.740951 0.256994
v 0.653281 0.707107 0.270598
v 0.684549 0.671559 0.283550
v 0.714168 0.634393 0.295818
v 0.742067 0.595699 0.307374
v 0.768178 0.555570 0.318190
v 0.792437 0.514103 0.328238
v 0.814789 0.471397 0.337497
v 0.835177 0.427555 0.345942
v 0.853553 0.382683 0.353553
v 0.869873 0.336890 0.360313
v 0.884098 0.290285 0.366205
v 0.896191 0.242980 0.371215
v 0.906127 0.195090 0.375330
v 0.913879 0.146730 0.378541
v 0.919430 0.098017 0.380841
v 0.922766 0.049068 0.382222
v 0.923879 0.000000 0.382684
v 0.922766 -0.049068 0.382222
v 0.919430 -0.098017 0.380841
v 0.913879 -0.146730 0.378541
v 0.906127 -0.195090 0.375330
v 0.896191 -0.242980 0.371215
v 0.884098 -0.290285 0.366205
v 0.869873 -0.336890 0.360313
v 0.853553 -0.382683 0.353553
v 0.835177 -0.427555 0.345942
v 0.814789 -0.471397 0.337497
v 0.792437 -0.514103 0.328238
v 0.768178 -0.555570 0.318190
v 0.742067 -0.595699 0.307374
v 0.714168 -0.634393 0.295818
v 0.684549 -0.671559 0.283550
v 0.653281 -0.707107 0.270598
v 0.620439 -0.740951 0.256994
v 0.586103 -0.773010 0.242772
v 0.550354 -0.803208 0.227964
v 0.513280 -0.831470 0.212608
v 0.474968 -0.857729 0.196738
v 0.435514 -0.881921 0.180396
v 0.395010 -0.903989 0.163618
v 0.353553 -0.923880 0.146446
v 0.311245 -0.941544 0.128922
v 0.268188 -0.956940 0.111087
v 0.224484 -0.970031 0.092984
v 0.180240 -0.980785 0.074658
v 0.135561 -0.989177 0.056151
v 0.090556 -0.995185 0.037510
v 0.045333 -0.998795 0.018777
v 0.043274 0.998795 0.023130
v 0.086443 0.995185 0.046205
v 0.129405 0.989177 0.069168
v 0.172054 0.980785 0.091965
v 0.214289 0.970031 0.114540
v 0.256008 0.956940 0.136839
v 0.297110 0.941544 0.158809
v 0.337496 0.923880 0.180396
v 0.377070 0.903989 0.201548
v 0.415735 0.881921 0.222215
v 0.453398 0.857729 0.242346
v 0.489970 0.831470 0.261894
v 0.525360 0.803208 0.280811
v 0.559485 0.773010 0.299051
v 0.592262 0.740951 0.316571
v 0.623612 0.707107 0.333328
v 0.653460 0.671559 0.349282
v 0.681734 0.634393 0.364394
v 0.708365 0.595699 0.378629
v 0.733291 0.555570 0.391952
v 0.756449 0.514103 0.404330
v 0.777785 0.471397 0.415735
v 0.797247 0.427555 0.426138
v 0.814788 0.382683 0.435514
v 0.830368 0.336890 0.443841
v 0.843946 0.290285 0.451099
v 0.855490 0.242980 0.457269
v 0.864975 0.195090 0.462339
v 0.872375 0.146730 0.466294
v 0.877674 0.098017 0.469127
v 0.880858 0.049068 0.470829
v 0.881921 0.000000 0.471397
v 0.880858 -0.049068 0.470829
v 0.877674 -0.098017 0.469127
v 0.872375 -0.146730 0.466294
v 0.864975 -0.195090 0.462339
v 0.855490 -0.242980 0.457269
v 0.843946 -0.290285 0.451099
v 0.830368 -0.336890 0.443841
v 0.814788 -0.382683 0.435514
v 0.797247 -0.427555 0.426138
v 0.777785 -0.471397 0.415735
v 0.756449 -0.514103 0.404330
v 0.733291 -0.555570 0.391952
v 0.708365 -0.595699 0.378629
v 0.681734 -0.634393 0.364394
v 0.653460 -0.671559 0.349282
v 0.623612 -0.707107 0.333328
v 0.592262 -0.740951 0.316571
v 0.559485 -0.773010 0.299051
v 0.525360 -0.803208 0.280811
v 0.489970 -0.831470 0.261894
v 0.453398 -0.857729 0.242346
v 0.415735 -0.881921 0.222215
v 0.377070 -0.903989 0.201548
v 0.337496 -0.923880 0.180396
v 0.297110 -0.941544 0.158809
v 0.256008 -0.956940 0.136839
v 0.214289 -0.970031 0.114540
v 0.172054 -0.980785 0.091965
v 0.129405 -0.989177 0.069168
v 0.086443 -0.995185 0.046205
v 0.043274 -0.998795 0.023130
v 0.040798 0.998795 0.027261
v 0.081498 0.995185 0.054455
v 0.122002 0.989177 0.081519
v 0.162212 0.980785 0.108386
v 0.202030 0.970031 0.134992
v 0.241363 0.956940 0.161274
v 0.280114 0.941544 0.187166
v 0.318189 0.923880 0.212607
v 0.355499 0.903989 0.237537
v 0.391952 0.881921 0.261894
v 0.427460 0.857729 0.285620
v 0.461940 0.831470 0.308659
v 0.495306 0.803208 0.330953
v 0.527479 0.773010 0.352450
v 0.558381 0.740951 0.373098
v 0.587938 0.707107 0.392847
v 0.616078 0.671559 0.411650
v 0.642735 0.634393 0.429461
v 0.667842 0.595699 0.446238
v 0.691342 0.555570 0.461940
v 0.713175 0.514103 0.476528
v 0.733290 0.471397 0.489969
v 0.751640 0.427555 0.502230
v 0.768177 0.382683 0.513280
v 0.782865 0.336890 0.523094
v 0.795667 0.290285 0.531648
v 0.806551 0.242980 0.538920
v 0.815493 0.195090 0.544895
v 0.822469 0.146730 0.549557
v 0.827465 0.098017 0.552895
v 0.830468 0.049068 0.554901
v 0.831469 0.000000 0.555570
v 0.830468 -0.049068 0.554901
v 0.827465 -0.098017 0.552895
v 0.822469 -0.146730 0.549557
v 0.815493 -0.195090 0.544895
v 0.806551 -0.242980 0.538920
v 0.795667 -0.290285 0.531648
v 0.782865 -0.336890 0.523094
v 0.768177 -0.382683 0.513280
v 0.751640 -0.427555 0.502230
v 0.733290 -0.471397 0.489969
v 0.713175 -0.514103 0.476528
v 0.691342 -0.555570 0.461940
v 0.667842 -0.595699 0.446238
v 0.642735 -0.634393 0.429461
v 0.616078 -0.671559 0.411650
v 0.587938 -0.707107 0.392847
v 0.558381 -0.740951 0.373098
v 0.527479 -0.773010 0.352450
v 0.495306 -0.803208 0.330953
v 0.461940 -0.831470 0.308659
v 0.427460 -0.857729 0.285620
v 0.391952 -0.881921 0.261894
v 0.355499 -0.903989 0.237537
v 0.318189 -0.923880 0.212607
v 0.280114 -0.941544 0.187166
v 0.241363 -0.956940 0.161274
v 0.202030 -0.970031 0.134992
v 0.162212 -0.980785 0.108386
v 0.122002 -0.989177 0.081519
v 0.081498 -0.995185 0.054455
v 0.040798 -0.998795 0.027261
v 0.037930 0.998795 0.031128
v 0.075768 0.995185 0.062181
v 0.113424 0.989177 0.093085
v 0.150807 0.980785 0.123764
v 0.187826 0.970031 0.154145
v 0.224393 0.956940 0.184155
v 0.260419 0.941544 0.213721
v 0.295818 0.923880 0.242772
v 0.330505 0.903989 0.271238
v 0.364394 0.881921 0.299051
v 0.397406 0.857729 0.326143
v 0.429462 0.831470 0.352450
v 0.460481 0.803208 0.377908
v 0.490393 0.773010 0.402455
v 0.519122 0.740951 0.426032
v 0.546601 0.707107 0.448584
v 0.572763 0.671559 0.470054
v 0.597545 0.634393 0.490392
v 0.620887 0.595699 0.509549
v 0.642735 0.555570 0.527479
v 0.663033 0.514103 0.544137
v 0.681734 0.471397 0.559485
v 0.698793 0.427555 0.573485
v 0.714168 0.382683 0.586103
v 0.727823 0.336890 0.597309
v 0.739725 0.290285 0.607077
v 0.749843 0.242980 0.615381
v 0.758157 0.195090 0.622204
v 0.764643 0.146730 0.627526
v 0.769288 0.098017 0.631338
v 0.772079 0.049068 0.633629
v 0.773010 0.000000 0.634393
v 0.772079 -0.049068 0.633629
v 0.769288 -0.098017 0.631338
v 0.764643 -0.146730 0.627526
v 0.758157 -0.195090 0.622204
v 0.749843 -0.242980 0.615381
v 0.739725 -0.290285 0.607077
v 0.727823 -0.336890 0.597309
v 0.714168 -0.382683 0.586103
v 0.698793 -0.427555 0.573485
v 0.681734 -0.471397 0.559485
v 0.663033 -0.514103 0.544137
v 0.642735 -0.555570 0.527479
v 0.620887 -0.595699 0.509549
v 0.597545 -0.634393 0.490392
v 0.572763 -0.671559 0.470054
v 0.546601 -0.707107 0.448584
v 0.519122 -0.740951 0.426032
v 0.490393 -0.773010 0.402455
v 0.460481 -0.803208 0.377908
v 0.429462 -0.831470 0.352450
v 0.397406 -0.857729 0.326143
v 0.364394 -0.881921 0.299051
v 0.330505 -0.903989 0.271238
v 0.295818 -0.923880 0.242772
v 0.260419 -0.941544 0.213721
v 0.224393 -0.956940 0.184155
v 0.187826 -0.970031 0.154145
v 0.150807 -0.980785 0.123764
v 0.113424 -0.989177 0.093085
v 0.075768 -0.995185 0.062181
v 0.037930 -0.998795 0.031128
v 0.034696 0.998795 0.034696
v 0.069309 0.995185 0.069309
v 0.103754 0.989177 0.103754
v 0.137950 0.980785 0.137950
v 0.171813 0.970031 0.171813
v 0.205262 0.956940 0.205262
v 0.238217 0.941544 0.238217
v 0.270598 0.923880 0.270598
v 0.302327 0.903989 0.302327
v 0.333328 0.881921 0.333328
v 0.363525 0.857729 0.363525
v 0.392848 0.831470 0.392848
v 0.421223 0.803208 0.421223
v 0.448584 0.773010 0.448584
v 0.474864 0.740951 0.474864
v 0.500000 0.707107 0.500000
v 0.523931 0.671559 0.523931
v 0.546601 0.634393 0.546601
v 0.567953 0.595699 0.567953
v 0.587938 0.555570 0.587938
v 0.606505 0.514103 0.606505
v 0.623612 0.471397 0.623612
v 0.639217 0.427555 0.639217
v 0.653281 0.382683 0.653281
v 0.665772 0.336890 0.665772
v 0.676659 0.290285 0.676659
v 0.685915 0.242980 0.685915
v 0.693520 0.195090 0.693520
v 0.699452 0.146730 0.699453
v 0.703702 0.098017 0.703702
v 0.706255 0.049068 0.706255
v 0.707106 0.000000 0.707107
v 0.706255 -0.049068 0.706255
v 0.703702 -0.098017 0.703702
v 0.699452 -0.146730 0.699453
v 0.693520 -0.195090 0.693520
v 0.685915 -0.242980 0.685915
v 0.676659 -0.290285 0.676659
v 0.665772 -0.336890 0.665772
v 0.653281 -0.382683 0.653281
v 0.639217 -0.427555 0.639217
v 0.623612 -0.471397 0.623612
v 0.606505 -0.514103 0.606505
v 0.587938 -0.555570 0.587938
v 0.567953 -0.595699 0.567953
v 0.546601 -0.634393 0.546601
v 0.523931 -0.671559 0.523931
v 0.500000 -0.707107 0.500000
v 0.474864 -0.740951 0.474864
v 0.448584 -0.773010 0.448584
v 0.421223 -0.803208 0.421223
v 0.392848 -0.831470 0.392848
v 0.363525 -0.857729 0.363525
v 0.333328 -0.881921 0.333328
v 0.302327 -0.903989 0.302327
v 0.270598 -0.923880 0.270598
v 0.238217 -0.941544 0.238217
v 0.205262 -0.956940 0.205262
v 0.171813 -0.970031 0.171813
v 0.137950 -0.980785 0.137950
v 0.103754 -0.989177 0.103754
v 0.069309 -0.995185 0.069309
v 0.034696 -0.998795 0.034696
v 0.031128 0.998795 0.037930
v 0.062181 0.995185 0.075768
v 0.093085 0.989177 0.113424
v 0.123764 0.980785 0.150807
v 0.154145 0.970031 0.187826
v 0.184155 0.956940 0.224393
v 0.213721 0.941544 0.260419
v 0.242772 0.923880 0.295818
v 0.271238 0.903989 0.330505
v 0.299051 0.881921 0.364394
v 0.326143 0.857729 0.397406
v 0.352450 0.831470 0.429462
v 0.377907 0.803208 0.460482
v 0.402455 0.773010 0.490393
v 0.426032 0.740951 0.519122
v 0.448584 0.707107 0.546601
v 0.470054 0.671559 0.572763
v 0.490393 0.634393 0.597545
v 0.509549 0.595699 0.620887
v 0.527479 0.555570 0.642735
v 0.544137 0.514103 0.663033
v 0.559485 0.471397 0.681734
v 0.573485 0.427555 0.698793
v 0.586102 0.382683 0.714168
v 0.597309 0.336890 0.727823
v 0.607076 0.290285 0.739725
v 0.615381 0.242980 0.749844
v 0.622203 0.195090 0.758157
v 0.627526 0.146730 0.764643
v 0.631338 0.098017 0.769288
v 0.633629 0.049068 0.772079
v 0.634393 0.000000 0.773010
v 0.633629 -0.049068 0.772079
v 0.631338 -0.098017 0.769288
v 0.627526 -0.146730 0.764643
v 0.622203 -0.195090 0.758157
v 0.615381 -0.242980 0.749844
v 0.607076 -0.290285 0.739725
v 0.597309 -0.336890 0.727823
v 0.586102 -0.382683 0.714168
v 0.573485 -0.427555 0.698793
v 0.559485 -0.471397 0.681734
v 0.544137 -0.514103 0.663033
v 0.527479 -0.555570 0.642735
v 0.509549 -0.595699 0.620887
v 0.490393 -0.634393 0.597545
v 0.470054 -0.671559 0.572763
v 0.448584 -0.707107 0.546601
v 0.426032 -0.740951 0.519122
v 0.402455 -0.773010 0.490393
v 0.377907 -0.803208 0.460482
v 0.352450 -0.831470 0.429462
v 0.326143 -0.857729 0.397406
v 0.299051 -0.881921 0.364394
v 0.271238 -0.903989 0.330505
v 0.242772 -0.923880 0.295818
v 0.213721 -0.941544 0.260419
v 0.184155 -0.956940 0.224393
v 0.154145 -0.970031 0.187826
v 0.123764 -0.980785 0.150807
v 0.093085 -0.989177 0.113424
v 0.062181 -0.995185 0.075768
v 0.031128 -0.998795 0.037930
v 0.027261 0.998795 0.040798
v 0.054455 0.995185 0.081498
v 0.081519 0.989177 0.122002
v 0.108386 0.980785 0.162212
v 0.134992 0.970031 0.202030
v 0.161274 0.956940 0.241363
v 0.187166 0.941544 0.280114
v 0.212607 0.923880 0.318189
v 0.237537 0.903989 0.355499
v 0.261894 0.881921 0.391952
v 0.285620 0.857729 0.427460
v 0.308659 0.831470 0.461940
v 0.330952 0.803208 0.495306
v 0.352450 0.773010 0.527479
v 0.373098 0.740951 0.558381
v 0.392847 0.707107 0.587938
v 0.411650 0.671559 0.616078
v 0.429461 0.634393 0.642734
v 0.446238 0.595699 0.667842
v 0.461940 0.555570 0.691342
v 0.476528 0.514103 0.713175
v 0.489969 0.471397 0.733290
v 0.502230 0.427555 0.751640
v 0.513280 0.382683 0.768177
v 0.523094 0.336890 0.782865
v 0.531647 0.290285 0.795667
v 0.538920 0.242980 0.806551
v 0.544895 0.195090 0.815493
v 0.549556 0.146730 0.822469
v 0.552895 0.098017 0.827466
v 0.554901 0.049068 0.830468
v 0.555570 0.000000 0.831469
v 0.554901 -0.049068 0.830468
v 0.552895 -0.098017 0.827466
v 0.549556 -0.146730 0.822469
v 0.544895 -0.195090 0.815493
v 0.538920 -0.242980 0.806551
v 0.531647 -0.290285 0.795667
v 0.523094 -0.336890 0.782865
v 0.513280 -0.382683 0.768177
v 0.502230 -0.427555 0.751640
v 0.489969 -0.471397 0.733290
v 0.476528 -0.514103 0.713175
v 0.461940 -0.555570 0.691342
v 0.446238 -0.595699 0.667842
v 0.429461 -0.634393 0.642734
v 0.411650 -0.671559 0.616078
v 0.392847 -0.707107 0.587938
v 0.373098 -0.740951 0.558381
v 0.352450 -0.773010 0.527479
v 0.330952 -0.803208 0.495306
v 0.308659 -0.831470 0.461940
v 0.285620 -0.857729 0.427460
v 0.261894 -0.881921 0.391952
v 0.237537 -0.903989 0.355499
v 0.212607 -0.923880 0.318189
v 0.187166 -0.941544 0.280114
v 0.161274 -0.956940 0.241363
v 0.134992 -0.970031 0.202030
v 0.108386 -0.980785 0.162212
v 0.081519 -0.989177 0.122002
v 0.054455 -0.995185 0.081498
v 0.027261 -0.998795 0.040798
v 0.023130 0.998795 0.043274
v 0.046205 0.995185 0.086443
v 0.069168 0.989177 0.129405
v 0.091965 0.980785 0.172054
v 0.114540 0.970031 0.214289
v 0.136839 0.956940 0.256008
v 0.158809 0.941544 0.297110
v 0.180396 0.923880 0.337496
v 0.201548 0.903989 0.377070
v 0.222215 0.881921 0.415735
v 0.242346 0.857729 0.453398
v 0.261894 0.831470 0.489970
v 0.280810 0.803208 0.525360
v 0.299051 0.773010 0.559485
v 0.316571 0.740951 0.592262
v 0.333328 0.707107 0.623612
v 0.349282 0.671559 0.653460
v 0.364395 0.634393 0.681734
v 0.378629 0.595699 0.708365
v 0.391952 0.555570 0.733291
v 0.404330 0.514103 0.756449
v 0.415735 0.471397 0.777785
v 0.426138 0.427555 0.797247
v 0.435513 0.382683 0.814789
v 0.443841 0.336890 0.830367
v 0.451098 0.290285 0.843946
v 0.457269 0.242980 0.855490
v 0.462339 0.195090 0.864975
v 0.466294 0.146730 0.872375
v 0.469127 0.098017 0.877674
v 0.470829 0.049068 0.880859
v 0.471396 0.000000 0.881921
v 0.470829 -0.049068 0.880859
v 0.469127 -0.098017 0.877674
v 0.466294 -0.146730 0.872375
v 0.462339 -0.195090 0.864975
v 0.457269 -0.242980 0.855490
v 0.451098 -0.290285 0.843946
v 0.443841 -0.336890 0.830367
v 0.435513 -0.382683 0.814789
v 0.426138 -0.427555 0.797247
v 0.415735 -0.471397 0.777785
v 0.404330 -0.514103 0.756449
v 0.391952 -0.555570 0.733291
v 0.378629 -0.595699 0.708365
v 0.364395 -0.634393 0.681734
v 0.349282 -0.671559 0.653460
v 0.333328 -0.707107 0.623612
v 0.316571 -0.740951 0.592262
v 0.299051 -0.773010 0.559485
v 0.280810 -0.803208 0.525360
v 0.261894 -0.831470 0.489970
v 0.242346 -0.857729 0.453398
v 0.222215 -0.881921 0.415735
v 0.201548 -0.903989 0.377070
v 0.180396 -0.923880 0.337496
v 0.158809 -0.941544 0.297110
v 0.136839 -0.956940 0.256008
v 0.114540 -0.970031 0.214289
v 0.091965 -0.980785 0.172054
v 0.069168 -0.989177 0.129405
v 0.046205 -0.995185 0.086443
v 0.023130 -0.998795 0.043274
v 0.018777 0.998795 0.045333
v 0.037509 0.995185 0.090556
v 0.056151 0.989177 0.135561
v 0.074658 0.980785 0.180240
v 0.092984 0.970031 0.224484
v 0.111087 0.956940 0.268188
v 0.128922 0.941544 0.311246
v 0.146446 0.923880 0.353553
v 0.163618 0.903989 0.395010
v 0.180396 0.881921 0.435514
v 0.196738 0.857729 0.474968
v 0.212608 0.831470 0.513280
v 0.227964 0.803208 0.550354
v 0.242772 0.773010 0.586103
v 0.256994 0.740951 0.620439
v 0.270598 0.707107 0.653281
v 0.283549 0.671559 0.684549
v 0.295818 0.634393 0.714168
v 0.307374 0.595699 0.742066
v 0.318190 0.555570 0.768178
v 0.328238 0.514103 0.792438
v 0.337496 0.471397 0.814789
v 0.345942 0.427555 0.835177
v 0.353553 0.382683 0.853553
v 0.360313 0.336890 0.869873
v 0.366205 0.290285 0.884098
v 0.371214 0.242980 0.896191
v 0.375330 0.195090 0.906127
v 0.378541 0.146730 0.913879
v 0.380840 0.098017 0.919430
v 0.382222 0.049068 0.922766
v 0.382683 0.000000 0.923879
v 0.382222 -0.049068 0.922766
v 0.380840 -0.098017 0.919430
v 0.378541 -0.146730 0.913879
v 0.375330 -0.195090 0.906127
v 0.371214 -0.242980 0.896191
v 0.366205 -0.290285 0.884098
v 0.360313 -0.336890 0.869873
v 0.353553 -0.382683 0.853553
v 0.345942 -0.427555 0.835177
v 0.337496 -0.471397 0.814789
v 0.328238 -0.514103 0.792438
v 0.318190 -0.555570 0.768178
v 0.307374 -0.595699 0.742066
v 0.295818 -0.634393 0.714168
v 0.283549 -0.671559 0.684549
v 0.270598 -0.707107 0.653281
v 0.256994 -0.740951 0.620439
v 0.242772 -0.773010 0.586103
v 0.227964 -0.803208 0.550354
v 0.212608 -0.831470 0.513280
v 0.196738 -0.857729 0.474968
v 0.180396 -0.881921 0.435514
v 0.163618 -0.903989 0.395010
v 0.146446 -0.923880 0.353553
v 0.128922 -0.941544 0.311246
v 0.111087 -0.956940 0.268188
v 0.092984 -0.970031 0.224484
v 0.074658 -0.980785 0.180240
v 0.056151 -0.989177 0.135561
v 0.037509 -0.995185 0.090556
v 0.018777 -0.998795 0.045333
v 0.014244 0.998795 0.046955
v 0.028453 0.995185 0.093796
v 0.042594 0.989177 0.140412
v 0.056632 0.980785 0.186690
v 0.070533 0.970031 0.232517
v 0.084265 0.956940 0.277785
v 0.097794 0.941544 0.322383
v 0.111087 0.923880 0.366205
v 0.124113 0.903989 0.409145
v 0.136839 0.881921 0.451098
v 0.149236 0.857729 0.491965
v 0.161274 0.831470 0.531648
v 0.172922 0.803208 0.570048
v 0.184155 0.773010 0.607076
v 0.194943 0.740951 0.642642
v 0.205262 0.707107 0.676659
v 0.215087 0.671559 0.709046
v 0.224393 0.634393 0.739724
v 0.233159 0.595699 0.768621
v 0.241363 0.555570 0.795667
v 0.248985 0.514103 0.820795
v 0.256008 0.471397 0.843946
v 0.262414 0.427555 0.865064
v 0.268188 0.382683 0.884097
v 0.273316 0.336890 0.901001
v 0.277785 0.290285 0.915735
v 0.281585 0.242980 0.928261
v 0.284707 0.195090 0.938553
v 0.287142 0.146730 0.946582
v 0.288887 0.098017 0.952332
v 0.289935 0.049068 0.955787
v 0.290284 0.000000 0.956940
v 0.289935 -0.049068 0.955787
v 0.288887 -0.098017 0.952332
v 0.287142 -0.146730 0.946582
v 0.284707 -0.195090 0.938553
v 0.281585 -0.242980 0.928261
v 0.277785 -0.290285 0.915735
v 0.273316 -0.336890 0.901001
v 0.268188 -0.382683 0.884097
v 0.262414 -0.427555 0.865064
v 0.256008 -0.471397 0.843946
v 0.248985 -0.514103 0.820795
v 0.241363 -0.555570 0.795667
v 0.233159 -0.595699 0.768621
v 0.224393 -0.634393 0.739724
v 0.215087 -0.671559 0.709046
v 0.205262 -0.707107 0.676659
v 0.194943 -0.740951 0.642642
v 0.184155 -0.773010 0.607076
v 0.172922 -0.803208 0.570048
v 0.161274 -0.831470 0.531648
v 0.149236 -0.857729 0.491965
v 0.136839 -0.881921 0.451098
v 0.124113 -0.903989 0.409145
v 0.111087 -0.923880 0.366205
v 0.097794 -0.941544 0.322383
v 0.084265 -0.956940 0.277785
v 0.070533 -0.970031 0.232517
v 0.056632 -0.980785 0.186690
v 0.042594 -0.989177 0.140412
v 0.028453 -0.995185 0.093796
v 0.014244 -0.998795 0.046955
v 0.009573 0.998795 0.048125
v 0.019122 0.995185 0.096134
v 0.028626 0.989177 0.143911
v 0.038060 0.980785 0.191342
v 0.047403 0.970031 0.238311
v 0.056632 0.956940 0.284707
v 0.065724 0.941544 0.330416
v 0.074658 0.923880 0.375330
v 0.083412 0.903989 0.419340
v 0.091965 0.881921 0.462339
v 0.100296 0.857729 0.504224
v 0.108386 0.831470 0.544896
v 0.116215 0.803208 0.584253
v 0.123764 0.773010 0.622204
v 0.131014 0.740951 0.658655
v 0.137950 0.707107 0.693520
v 0.144552 0.671559 0.726713
v 0.150807 0.634393 0.758157
v 0.156698 0.595699 0.787773
v 0.162212 0.555570 0.815493
v 0.167334 0.514103 0.841247
v 0.172054 0.471397 0.864975
v 0.176360 0.427555 0.886619
v 0.180240 0.382683 0.906127
v 0.183686 0.336890 0.923452
v 0.186690 0.290285 0.938553
v 0.189243 0.242980 0.951391
v 0.191342 0.195090 0.961940
v 0.192978 0.146730 0.970168
v 0.194151 0.098017 0.976062
v 0.194855 0.049068 0.979603
v 0.195090 0.000000 0.980785
v 0.194855 -0.049068 0.979603
v 0.194151 -0.098017 0.976062
v 0.192978 -0.146730 0.970168
v 0.191342 -0.195090 0.961940
v 0.189243 -0.242980 0.951391
v 0.186690 -0.290285 0.938553
v 0.183686 -0.336890 0.923452
v 0.180240 -0.382683 0.906127
v 0.176360 -0.427555 0.886619
v 0.172054 -0.471397 0.864975
v 0.167334 -0.514103 0.841247
v 0.162212 -0.555570 0.815493
v 0.156698 -0.595699 0.787773
v 0.150807 -0.634393 0.758157
v 0.144552 -0.671559 0.726713
v 0.137950 -0.707107 0.693520
v 0.131014 -0.740951 0.658655
v 0.123764 -0.773010 0.622204
v 0.116215 -0.803208 0.584253
v 0.108386 -0.831470 0.544896
v 0.100296 -0.857729 0.504224
v 0.091965 -0.881921 0.462339
v 0.083412 -0.903989 0.419340
v 0.074658 -0.923880 0.375330
v 0.065724 -0.941544 0.330416
v 0.056632 -0.956940 0.284707
v 0.047403 -0.970031 0.238311
v 0.038060 -0.980785 0.191342
v 0.028626 -0.989177 0.143911
v 0.019122 -0.995185 0.096134
v 0.009573 -0.998795 0.048125
v 0.004809 0.998795 0.048831
v 0.009607 0.995185 0.097545
v 0.014382 0.989177 0.146024
v 0.019122 0.980785 0.194151
v 0.023816 0.970031 0.241810
v 0.028453 0.956940 0.288887
v 0.033021 0.941544 0.335267
v 0.037509 0.923880 0.380840
v 0.041908 0.903989 0.425496
v 0.046205 0.881921 0.469127
v 0.050391 0.857729 0.511627
v 0.054455 0.831470 0.552896
v 0.058389 0.803208 0.592830
v 0.062181 0.773010 0.631338
v 0.065824 0.740951 0.668325
v 0.069308 0.707107 0.703702
v 0.072626 0.671559 0.737383
v 0.075768 0.634393 0.769288
v 0.078728 0.595699 0.799339
v 0.081499 0.555570 0.827466
v 0.084072 0.514103 0.853598
v 0.086443 0.471397 0.877674
v 0.088606 0.427555 0.899636
v 0.090556 0.382683 0.919430
v 0.092288 0.336890 0.937010
v 0.093796 0.290285 0.952332
v 0.095079 0.242980 0.965359
v 0.096134 0.195090 0.976062
v 0.096956 0.146730 0.984412
v 0.097545 0.098017 0.990392
v 0.097899 0.049068 0.993985
v 0.098017 0.000000 0.995184
v 0.097899 -0.049068 0.993985
v 0.097545 -0.098017 0.990392
v 0.096956 -0.146730 0.984412
v 0.096134 -0.195090 0.976062
v 0.095079 -0.242980 0.965359
v 0.093796 -0.290285 0.952332
v 0.092288 -0.336890 0.937010
v 0.090556 -0.382683 0.919430
v 0.088606 -0.427555 0.899636
v 0.086443 -0.471397 0.877674
v 0.084072 -0.514103 0.853598
v 0.081499 -0.555570 0.827466
v 0.078728 -0.595699 0.799339
v 0.075768 -0.634393 0.769288
v 0.072626 -0.671559 0.737383
v 0.069308 -0.707107 0.703702
v 0.065824 -0.740951 0.668325
v 0.062181 -0.773010 0.631338
v 0.058389 -0.803208 0.592830
v 0.054455 -0.831470 0.552896
v 0.050391 -0.857729 0.511627
v 0.046205 -0.881921 0.469127
v 0.041908 -0.903989 0.425496
v 0.037509 -0.923880 0.380840
v 0.033021 -0.941544 0.335267
v 0.028453 -0.956940 0.288887
v 0.023816 -0.970031 0.241810
v 0.019122 -0.980785 0.194151
v 0.014382 -0.989177 0.146024
v 0.009607 -0.995185 0.097545
v 0.004809 -0.998795 0.048831
v -0.000000 0.998795 0.049068
v -0.000000 0.995185 0.098017
v -0.000000 0.989177 0.146730
v -0.000000 0.970031 0.242980
v -0.000000 0.941544 0.336890
v -0.000000 0.923880 0.382683
v -0.000000 0.903989 0.427555
v -0.000000 0.881921 0.471396
v -0.000000 0.857729 0.514102
v 0.000000 0.831470 0.555571
v 0.000000 0.773010 0.634393
v 0.000000 0.634393 0.773010
v -0.000000 0.195090 0.980785
v -0.000000 -0.049068 0.998795
v -0.000000 -0.195090 0.980785
v 0.000000 -0.336890 0.941544
v 0.000000 -0.634393 0.773010
v 0.000000 -0.831470 0.555571
v -0.000000 -0.970031 0.242980
v -0.000000 -0.989177 0.146730
v -0.000000 -0.995185 0.098017
v -0.000000 -0.998795 0.049068
vn -0.0283 -0.8173 0.5756
vn -0.0466 0.3133 0.9485
vn -0.0263 -0.8446 0.5348
vn -0.0473 0.2664 0.9627
vn -0.0012 0.9997 0.0245
vn -0.0242 -0.8698 0.4928
vn -0.0479 0.2188 0.9746
vn -0.0036 0.9973 0.0736
vn -0.0221 -0.8930 0.4495
vn -0.0483 0.1708 0.9841
vn -0.0060 0.9925 0.1224
vn -0.0199 -0.9140 0.4052
vn -0.0487 0.1223 0.9913
vn -0.0084 0.9852 0.1710
vn -0.0177 -0.9328 0.3598
vn -0.0489 0.0735 0.9961
vn -0.0108 0.9756 0.2191
vn -0.0154 -0.9494 0.3136
vn -0.0491 0.0245 0.9985
vn -0.0131 0.9637 0.2667
vn -0.0131 -0.9637 0.2667
vn -0.0490 -0.0245 0.9985
vn -0.0154 0.9494 0.3136
vn -0.0108 -0.9756 0.2191
vn -0.0489 -0.0735 0.9961
vn -0.0177 0.9328 0.3598
vn -0.0084 -0.9852 0.1710
vn -0.0487 -0.1223 0.9913
vn -0.0199 0.9140 0.4052
vn -0.0060 -0.9925 0.1224
vn -0.0483 -0.1708 0.9841
vn -0.0221 0.8930 0.4495
vn -0.0036 -0.9973 0.0736
vn -0.0479 -0.2188 0.9746
vn -0.0242 0.8698 0.4928
vn -0.0012 -0.9997 0.0245
vn -0.0473 -0.2664 0.9627
vn -0.0263 0.8446 0.5348
vn -0.0466 -0.3133 0.9485
vn -0.0283 0.8173 0.5756
vn -0.0458 -0.3595 0.9320
vn -0.0302 0.7880 0.6150
vn -0.0449 -0.4048 0.9133
vn -0.0321 0.7568 0.6528
vn -0.0438 -0.4492 0.8924
vn -0.0339 0.7238 0.6891
vn -0.0427 -0.4924 0.8693
vn -0.0356 0.6891 0.7238
vn -0.0415 -0.5345 0.8441
vn -0.0372 0.6527 0.7567
vn -0.0401 -0.5753 0.8169
vn -0.0387 0.6148 0.7878
vn -0.0387 -0.6148 0.7878
vn -0.0401 0.5753 0.8169
vn -0.0372 -0.6527 0.7567
vn -0.0415 0.5345 0.8441
vn -0.0356 -0.6891 0.7238
vn -0.0427 0.4924 0.8693
vn -0.0339 -0.7238 0.6891
vn -0.0438 0.4492 0.8924
vn -0.0321 -0.7568 0.6528
vn -0.0449 0.4048 0.9133
vn -0.0302 -0.7880 0.6150
vn -0.0458 0.3595 0.9320
vn -0.1369 -0.3595 0.9230
vn -0.0903 0.7880 0.6090
vn -0.1342 -0.4048 0.9045
vn -0.0959 0.7568 0.6466
vn -0.1311 -0.4492 0.8838
vn -0.1012 0.7238 0.6825
vn -0.1277 -0.4924 0.8609
vn -0.1063 0.6891 0.7168
vn -0.1240 -0.5345 0.8360
vn -0.1112 0.6527 0.7494
vn -0.1200 -0.5753 0.8091
vn -0.1157 0.6148 0.7802
vn -0.1157 -0.6148 0.7802
vn -0.1200 0.5753 0.8091
vn -0.1112 -0.6527 0.7494
vn -0.1240 0.5345 0.8360
vn -0.1063 -0.6891 0.7168
vn -0.1277 0.4924 0.8609
vn -0.1012 -0.7238 0.6825
vn -0.1311 0.4492 0.8838
vn -0.0959 -0.7568 0.6465
vn -0.1342 0.4048 0.9045
vn -0.0903 -0.7880 0.6090
vn -0.1369 0.3595 0.9230
vn -0.0846 -0.8173 0.5700
vn -0.1393 0.3133 0.9394
vn -0.0786 -0.8446 0.5297
vn -0.1414 0.2664 0.9534
vn -0.0036 0.9997 0.0243
vn -0.0724 -0.8698 0.4880
vn -0.1432 0.2188 0.9652
vn -0.0108 0.9973 0.0729
vn -0.0660 -0.8930 0.4452
vn -0.1446 0.1708 0.9746
vn -0.0180 0.9925 0.1212
vn -0.0595 -0.9140 0.4013
vn -0.1456 0.1223 0.9818
vn -0.0251 0.9852 0.1693
vn -0.0529 -0.9328 0.3564
vn -0.1463 0.0735 0.9865
vn -0.0322 0.9756 0.2170
vn -0.0461 -0.9494 0.3106
vn -0.1467 0.0245 0.9889
vn -0.0392 0.9637 0.2641
vn -0.0392 -0.9637 0.2641
vn -0.1467 -0.0245 0.9889
vn -0.0461 0.9494 0.3106
vn -0.0322 -0.9756 0.2170
vn -0.1463 -0.0735 0.9865
vn -0.0529 0.9328 0.3564
vn -0.0251 -0.9852 0.1693
vn -0.1456 -0.1223 0.9818
vn -0.0595 0.9140 0.4013
vn -0.0180 -0.9925 0.1212
vn -0.1446 -0.1708 0.9746
vn -0.0660 0.8930 0.4452
vn -0.0108 -0.9973 0.0729
vn -0.1432 -0.2188 0.9652
vn -0.0724 0.8698 0.4880
vn -0.0036 -0.9997 0.0243
vn -0.1414 -0.2664 0.9534
vn -0.0786 0.8446 0.5297
vn -0.1393 -0.3133 0.9394
vn -0.0846 0.8173 0.5700
vn -0.2171 -0.4492 0.8667
vn -0.1677 0.7238 0.6693
vn -0.2115 -0.4924 0.8443
vn -0.1761 0.6891 0.7029
vn -0.2054 -0.5345 0.8198
vn -0.1841 0.6527 0.7349
vn -0.1987 -0.5753 0.7934
vn -0.1916 0.6148 0.7651
vn -0.1916 -0.6148 0.7651
vn -0.1987 0.5753 0.7934
vn -0.1841 -0.6527 0.7349
vn -0.2054 0.5345 0.8198
vn -0.1761 -0.6891 0.7029
vn -0.2115 0.4925 0.8443
vn -0.1677 -0.7238 0.6693
vn -0.2171 0.4492 0.8667
vn -0.1588 -0.7568 0.6340
vn -0.2222 0.4048 0.8870
vn -0.1496 -0.7880 0.5972
vn -0.2267 0.3595 0.9052
vn -0.1400 -0.8173 0.5590
vn -0.2307 0.3133 0.9212
vn -0.1301 -0.8446 0.5194
vn -0.2342 0.2664 0.9350
vn -0.0060 0.9997 0.0238
vn -0.1199 -0.8698 0.4786
vn -0.2371 0.2189 0.9465
vn -0.0179 0.9973 0.0714
vn -0.1094 -0.8930 0.4366
vn -0.2394 0.1708 0.9558
vn -0.0298 0.9925 0.1189
vn -0.0986 -0.9140 0.3935
vn -0.2412 0.1223 0.9628
vn -0.0416 0.9852 0.1660
vn -0.0875 -0.9328 0.3495
vn -0.2423 0.0735 0.9674
vn -0.0533 0.9756 0.2128
vn -0.0763 -0.9494 0.3046
vn -0.2429 0.0245 0.9697
vn -0.0649 0.9637 0.2590
vn -0.0649 -0.9637 0.2590
vn -0.2429 -0.0245 0.9697
vn -0.0763 0.9494 0.3046
vn -0.0533 -0.9756 0.2128
vn -0.2423 -0.0735 0.9674
vn -0.0875 0.9328 0.3495
vn -0.0416 -0.9852 0.1660
vn -0.2412 -0.1223 0.9628
vn -0.0986 0.9140 0.3935
vn -0.0298 -0.9925 0.1189
vn -0.2394 -0.1708 0.9558
vn -0.1094 0.8930 0.4366
vn -0.0179 -0.9973 0.0714
vn -0.2371 -0.2188 0.9465
vn -0.1199 0.8698 0.4786
vn -0.0060 -0.9997 0.0238
vn -0.2342 -0.2664 0.9350
vn -0.1301 0.8446 0.5194
vn -0.2307 -0.3133 0.9212
vn -0.1400 0.8173 0.5590
vn -0.2267 -0.3595 0.9052
vn -0.1496 0.7880 0.5972
vn -0.2222 -0.4048 0.8870
vn -0.1588 0.7568 0.6340
vn -0.2847 -0.5345 0.7957
vn -0.2552 0.6527 0.7133
vn -0.2755 -0.5753 0.7701
vn -0.2657 0.6148 0.7426
vn -0.2657 -0.6148 0.7426
vn -0.2755 0.5753 0.7701
vn -0.2552 -0.6527 0.7133
vn -0.2847 0.5345 0.7957
vn -0.2441 -0.6891 0.6823
vn -0.2932 0.4924 0.8195
vn -0.2324 -0.7238 0.6496
vn -0.3010 0.4492 0.8412
vn -0.2202 -0.7568 0.6154
vn -0.3080 0.4048 0.8609
vn -0.2074 -0.7880 0.5797
vn -0.3144 0.3595 0.8786
vn -0.1941 -0.8173 0.5426
vn -0.3199 0.3133 0.8941
vn -0.1804 -0.8446 0.5042
vn -0.3247 0.2664 0.9075
vn -0.0083 0.9997 0.0231
vn -0.1662 -0.8698 0.4645
vn -0.3287 0.2188 0.9187
vn -0.0248 0.9973 0.0693
vn -0.1516 -0.8930 0.4237
vn -0.3319 0.1708 0.9277
vn -0.0413 0.9925 0.1154
vn -0.1367 -0.9140 0.3819
vn -0.3344 0.1223 0.9345
vn -0.0577 0.9852 0.1612
vn -0.1214 -0.9328 0.3392
vn -0.3360 0.0735 0.9390
vn -0.0739 0.9756 0.2065
vn -0.1058 -0.9494 0.2957
vn -0.3368 0.0245 0.9413
vn -0.0900 0.9637 0.2514
vn -0.0900 -0.9637 0.2514
vn -0.3368 -0.0245 0.9413
vn -0.1058 0.9494 0.2957
vn -0.0739 -0.9756 0.2065
vn -0.3360 -0.0735 0.9390
vn -0.1214 0.9328 0.3392
vn -0.0577 -0.9852 0.1612
vn -0.3344 -0.1223 0.9345
vn -0.1367 0.9140 0.3819
vn -0.0413 -0.9925 0.1154
vn -0.3319 -0.1708 0.9277
vn -0.1516 0.8930 0.4237
vn -0.0248 -0.9973 0.0693
vn -0.3287 -0.2188 0.9187
vn -0.1662 0.8698 0.4645
vn -0.0083 -0.9997 0.0231
vn -0.3247 -0.2664 0.9075
vn -0.1804 0.8446 0.5042
vn -0.3199 -0.3133 0.8941
vn -0.1941 0.8173 0.5426
vn -0.3144 -0.3595 0.8786
vn -0.2074 0.7880 0.5797
vn -0.3080 -0.4048 0.8609
vn -0.2202 0.7568 0.6154
vn -0.3010 -0.4492 0.8412
vn -0.2324 0.7238 0.6496
vn -0.2932 -0.4924 0.8195
vn -0.2441 0.6891 0.6823
vn -0.3372 -0.6148 0.7130
vn -0.3497 0.5753 0.7394
vn -0.3239 -0.6527 0.6849
vn -0.3613 0.5345 0.7640
vn -0.3098 -0.6891 0.6551
vn -0.3721 0.4924 0.7868
vn -0.2950 -0.7238 0.6237
vn -0.3820 0.4492 0.8077
vn -0.2795 -0.7568 0.5909
vn -0.3910 0.4048 0.8266
vn -0.2632 -0.7880 0.5566
vn -0.3990 0.3595 0.8435
vn -0.2464 -0.8173 0.5209
vn -0.4060 0.3133 0.8585
vn -0.2289 -0.8446 0.4840
vn -0.4121 0.2664 0.8713
vn -0.0105 0.9997 0.0222
vn -0.2109 -0.8698 0.4460
vn -0.4172 0.2189 0.8821
vn -0.0315 0.9973 0.0666
vn -0.1924 -0.8930 0.4068
vn -0.4213 0.1708 0.8907
vn -0.0524 0.9925 0.1108
vn -0.1734 -0.9140 0.3667
vn -0.4243 0.1223 0.8972
vn -0.0732 0.9852 0.1547
vn -0.1540 -0.9328 0.3257
vn -0.4264 0.0735 0.9015
vn -0.0938 0.9756 0.1983
vn -0.1343 -0.9494 0.2839
vn -0.4274 0.0245 0.9037
vn -0.1142 0.9637 0.2414
vn -0.1142 -0.9637 0.2414
vn -0.4274 -0.0245 0.9037
vn -0.1343 0.9494 0.2839
vn -0.0938 -0.9756 0.1983
vn -0.4264 -0.0735 0.9015
vn -0.1540 0.9328 0.3257
vn -0.0732 -0.9852 0.1547
vn -0.4243 -0.1223 0.8972
vn -0.1734 0.9140 0.3667
vn -0.0524 -0.9925 0.1108
vn -0.4213 -0.1708 0.8907
vn -0.1924 0.8930 0.4068
vn -0.0315 -0.9973 0.0666
vn -0.4172 -0.2188 0.8821
vn -0.2109 0.8698 0.4460
vn -0.0105 -0.9997 0.0222
vn -0.4121 -0.2664 0.8713
vn -0.2289 0.8446 0.4840
vn -0.4060 -0.3133 0.8585
vn -0.2464 0.8173 0.5209
vn -0.3990 -0.3595 0.8435
vn -0.2632 0.7880 0.5566
vn -0.3910 -0.4048 0.8266
vn -0.2795 0.7568 0.5909
vn -0.3820 -0.4492 0.8077
vn -0.2950 0.7238 0.6237
vn -0.3721 -0.4924 0.7868
vn -0.3098 0.6891 0.6551
vn -0.3613 -0.5345 0.7640
vn -0.3239 0.6527 0.6849
vn -0.3497 -0.5753 0.7394
vn -0.3372 0.6148 0.7130
vn -0.3726 -0.6891 0.6216
vn -0.4474 0.4924 0.7465
vn -0.3547 -0.7238 0.5918
vn -0.4593 0.4492 0.7663
vn -0.3360 -0.7568 0.5606
vn -0.4701 0.4048 0.7843
vn -0.3165 -0.7880 0.5281
vn -0.4797 0.3595 0.8004
vn -0.2963 -0.8173 0.4943
vn -0.4882 0.3133 0.8145
vn -0.2753 -0.8446 0.4593
vn -0.4955 0.2664 0.8267
vn -0.0126 0.9997 0.0211
vn -0.2536 -0.8698 0.4232
vn -0.5016 0.2189 0.8369
vn -0.0379 0.9973 0.0632
vn -0.2314 -0.8930 0.3860
vn -0.5066 0.1708 0.8451
vn -0.0630 0.9925 0.1051
vn -0.2085 -0.9140 0.3479
vn -0.5102 0.1223 0.8513
vn -0.0880 0.9852 0.1468
vn -0.1852 -0.9328 0.3090
vn -0.5127 0.0735 0.8554
vn -0.1128 0.9756 0.1881
vn -0.1614 -0.9494 0.2693
vn -0.5139 0.0245 0.8575
vn -0.1373 0.9637 0.2290
vn -0.1373 -0.9637 0.2290
vn -0.5139 -0.0245 0.8575
vn -0.1614 0.9494 0.2693
vn -0.1128 -0.9756 0.1881
vn -0.5127 -0.0735 0.8554
vn -0.1852 0.9328 0.3090
vn -0.0880 -0.9852 0.1468
vn -0.5102 -0.1223 0.8513
vn -0.2085 0.9140 0.3479
vn -0.0630 -0.9925 0.1051
vn -0.5066 -0.1708 0.8451
vn -0.2314 0.8930 0.3860
vn -0.0379 -0.9973 0.0632
vn -0.5016 -0.2188 0.8369
vn -0.2536 0.8698 0.4232
vn -0.0126 -0.9997 0.0211
vn -0.4955 -0.2664 0.8267
vn -0.2753 0.8446 0.4593
vn -0.4882 -0.3133 0.8145
vn -0.2963 0.8173 0.4943
vn -0.4797 -0.3595 0.8004
vn -0.3165 0.7880 0.5281
vn -0.4701 -0.4048 0.7843
vn -0.3360 0.7568 0.5606
vn -0.4593 -0.4492 0.7663
vn -0.3547 0.7238 0.5918
vn -0.4474 -0.4924 0.7465
vn -0.3725 0.6891 0.6216
vn -0.4345 -0.5345 0.7249
vn -0.3895 0.6527 0.6498
vn -0.4205 -0.5753 0.7015
vn -0.4055 0.6148 0.6765
vn -0.4055 -0.6148 0.6765
vn -0.4205 0.5753 0.7015
vn -0.3895 -0.6527 0.6498
vn -0.4345 0.5345 0.7249
vn -0.3894 -0.7568 0.5250
vn -0.5447 0.4048 0.7344
vn -0.3668 -0.7880 0.4945
vn -0.5559 0.3595 0.7495
vn -0.3433 -0.8173 0.4629
vn -0.5657 0.3133 0.7628
vn -0.3190 -0.8446 0.4301
vn -0.5742 0.2664 0.7742
vn -0.0146 0.9997 0.0197
vn -0.2939 -0.8698 0.3963
vn -0.5813 0.2188 0.7837
vn -0.0439 0.9973 0.0592
vn -0.2681 -0.8930 0.3615
vn -0.5869 0.1708 0.7914
vn -0.0730 0.9925 0.0984
vn -0.2416 -0.9140 0.3258
vn -0.5912 0.1223 0.7972
vn -0.1020 0.9852 0.1375
vn -0.2146 -0.9328 0.2894
vn -0.5941 0.0735 0.8010
vn -0.1307 0.9756 0.1762
vn -0.1871 -0.9494 0.2522
vn -0.5955 0.0245 0.8030
vn -0.1591 0.9637 0.2145
vn -0.1591 -0.9637 0.2145
vn -0.5955 -0.0245 0.8030
vn -0.1871 0.9494 0.2522
vn -0.1307 -0.9756 0.1762
vn -0.5941 -0.0735 0.8010
vn -0.2146 0.9328 0.2894
vn -0.1020 -0.9852 0.1375
vn -0.5912 -0.1223 0.7972
vn -0.2416 0.9140 0.3258
vn -0.0730 -0.9925 0.0984
vn -0.5869 -0.1708 0.7914
vn -0.2681 0.8930 0.3615
vn -0.0439 -0.9973 0.0592
vn -0.5813 -0.2189 0.7837
vn -0.2939 0.8698 0.3963
vn -0.0146 -0.9997 0.0197
vn -0.5742 -0.2664 0.7742
vn -0.3190 0.8446 0.4301
vn -0.5657 -0.3133 0.7628
vn -0.3433 0.8173 0.4629
vn -0.5559 -0.3595 0.7495
vn -0.3668 0.7880 0.4945
vn -0.5447 -0.4048 0.7344
vn -0.3894 0.7568 0.5250
vn -0.5322 -0.4492 0.7176
vn -0.4110 0.7238 0.5542
vn -0.5185 -0.4924 0.6991
vn -0.4317 0.6891 0.5821
vn -0.5035 -0.5345 0.6788
vn -0.4513 0.6527 0.6085
vn -0.4872 -0.5753 0.6570
vn -0.4698 0.6148 0.6335
vn -0.4698 -0.6148 0.6335
vn -0.4872 0.5753 0.6570
vn -0.4513 -0.6527 0.6085
vn -0.5035 0.5345 0.6788
vn -0.4317 -0.6891 0.5821
vn -0.5185 0.4924 0.6991
vn -0.4110 -0.7238 0.5542
vn -0.5322 0.4492 0.7176
vn -0.3870 -0.8173 0.4270
vn -0.6377 0.3133 0.7036
vn -0.3596 -0.8446 0.3967
vn -0.6473 0.2664 0.7142
vn -0.0165 0.9997 0.0182
vn -0.3313 -0.8698 0.3655
vn -0.6553 0.2188 0.7230
vn -0.0495 0.9973 0.0546
vn -0.3022 -0.8930 0.3335
vn -0.6617 0.1708 0.7301
vn -0.0823 0.9925 0.0908
vn -0.2724 -0.9140 0.3006
vn -0.6665 0.1223 0.7354
vn -0.1149 0.9852 0.1268
vn -0.2419 -0.9328 0.2669
vn -0.6697 0.0735 0.7389
vn -0.1473 0.9756 0.1625
vn -0.2109 -0.9494 0.2327
vn -0.6714 0.0245 0.7407
vn -0.1793 0.9637 0.1978
vn -0.1793 -0.9637 0.1978
vn -0.6714 -0.0245 0.7407
vn -0.2109 0.9494 0.2327
vn -0.1473 -0.9756 0.1625
vn -0.6697 -0.0735 0.7389
vn -0.2419 0.9328 0.2669
vn -0.1150 -0.9852 0.1268
vn -0.6665 -0.1223 0.7354
vn -0.2724 0.9140 0.3006
vn -0.0823 -0.9925 0.0908
vn -0.6617 -0.1708 0.7301
vn -0.3022 0.8930 0.3335
vn -0.0495 -0.9973 0.0546
vn -0.6553 -0.2189 0.7230
vn -0.3313 0.8698 0.3655
vn -0.0165 -0.9997 0.0182
vn -0.6473 -0.2664 0.7142
vn -0.3596 0.8446 0.3967
vn -0.6377 -0.3133 0.7036
vn -0.3870 0.8173 0.4270
vn -0.6267 -0.3595 0.6914
vn -0.4135 0.7880 0.4562
vn -0.6141 -0.4048 0.6775
vn -0.4389 0.7568 0.4843
vn -0.6000 -0.4492 0.6620
vn -0.4634 0.7238 0.5112
vn -0.5845 -0.4924 0.6449
vn -0.4867 0.6891 0.5369
vn -0.5676 -0.5345 0.6262
vn -0.5088 0.6527 0.5613
vn -0.5493 -0.5753 0.6060
vn -0.5297 0.6148 0.5844
vn -0.5297 -0.6148 0.5844
vn -0.5493 0.5753 0.6060
vn -0.5088 -0.6527 0.5613
vn -0.5676 0.5345 0.6262
vn -0.4867 -0.6891 0.5369
vn -0.5845 0.4924 0.6449
vn -0.4634 -0.7238 0.5112
vn -0.6000 0.4492 0.6620
vn -0.4389 -0.7568 0.4843
vn -0.6141 0.4048 0.6775
vn -0.4135 -0.7880 0.4562
vn -0.6267 0.3595 0.6914
vn -0.3655 -0.8698 0.3313
vn -0.7230 0.2188 0.6553
vn -0.0546 0.9973 0.0495
vn -0.3335 -0.8930 0.3022
vn -0.7301 0.1708 0.6617
vn -0.0908 0.9925 0.0823
vn -0.3006 -0.9140 0.2724
vn -0.7354 0.1223 0.6665
vn -0.1268 0.9852 0.1149
vn -0.2669 -0.9328 0.2419
vn -0.7389 0.0735 0.6697
vn -0.1625 0.9756 0.1473
vn -0.2327 -0.9494 0.2109
vn -0.7407 0.0245 0.6714
vn -0.1978 0.9637 0.1793
vn -0.1978 -0.9637 0.1793
vn -0.7407 -0.0245 0.6714
vn -0.2327 0.9494 0.2109
vn -0.1625 -0.9756 0.1473
vn -0.7389 -0.0735 0.6697
vn -0.2669 0.9328 0.2419
vn -0.1268 -0.9852 0.1149
vn -0.7354 -0.1223 0.6665
vn -0.3006 0.9140 0.2724
vn -0.0908 -0.9925 0.0823
vn -0.7301 -0.1708 0.6617
vn -0.3335 0.8930 0.3022
vn -0.0546 -0.9973 0.0495
vn -0.7230 -0.2189 0.6553
vn -0.3655 0.8698 0.3313
vn -0.0182 -0.9997 0.0165
vn -0.7142 -0.2664 0.6473
vn -0.3967 0.8446 0.3596
vn -0.7036 -0.3133 0.6377
vn -0.4270 0.8173 0.3870
vn -0.6914 -0.3595 0.6267
vn -0.4562 0.7880 0.4135
vn -0.6775 -0.4048 0.6141
vn -0.4843 0.7568 0.4389
vn -0.6620 -0.4492 0.6000
vn -0.5112 0.7238 0.4634
vn -0.6449 -0.4924 0.5845
vn -0.5369 0.6891 0.4867
vn -0.6262 -0.5345 0.5676
vn -0.5613 0.6527 0.5088
vn -0.6060 -0.5753 0.5493
vn -0.5844 0.6148 0.5297
vn -0.5844 -0.6148 0.5297
vn -0.6060 0.5753 0.5493
vn -0.5613 -0.6527 0.5088
vn -0.6262 0.5345 0.5676
vn -0.5369 -0.6891 0.4867
vn -0.6449 0.4924 0.5845
vn -0.5112 -0.7238 0.4634
vn -0.6620 0.4492 0.6000
vn -0.4843 -0.7568 0.4389
vn -0.6775 0.4048 0.6141
vn -0.4562 -0.7880 0.4135
vn -0.6914 0.3595 0.6267
vn -0.4270 -0.8173 0.3870
vn -0.7036 0.3133 0.6377
vn -0.3967 -0.8446 0.3596
vn -0.7142 0.2664 0.6473
vn -0.0182 0.9997 0.0165
vn -0.3258 -0.9140 0.2416
vn -0.7972 0.1223 0.5912
vn -0.1375 0.9852 0.1020
vn -0.2894 -0.9328 0.2146
vn -0.8010 0.0735 0.5941
vn -0.1762 0.9756 0.1307
vn -0.2522 -0.9494 0.1871
vn -0.8030 0.0245 0.5955
vn -0.2145 0.9637 0.1591
vn -0.2145 -0.9637 0.1591
vn -0.8030 -0.0245 0.5955
vn -0.2522 0.9494 0.1871
vn -0.1762 -0.9756 0.1307
vn -0.8010 -0.0735 0.5941
vn -0.2894 0.9328 0.2146
vn -0.1375 -0.9852 0.1020
vn -0.7972 -0.1223 0.5912
vn -0.3258 0.9140 0.2416
vn -0.0984 -0.9925 0.0730
vn -0.7914 -0.1708 0.5870
vn -0.3615 0.8930 0.2681
vn -0.0592 -0.9973 0.0439
vn -0.7837 -0.2189 0.5813
vn -0.3963 0.8698 0.2939
vn -0.0197 -0.9997 0.0146
vn -0.7742 -0.2664 0.5742
vn -0.4301 0.8446 0.3190
vn -0.7628 -0.3133 0.5657
vn -0.4629 0.8173 0.3433
vn -0.7495 -0.3595 0.5559
vn -0.4945 0.7880 0.3668
vn -0.7344 -0.4048 0.5447
vn -0.5250 0.7568 0.3894
vn -0.7176 -0.4492 0.5322
vn -0.5542 0.7238 0.4110
vn -0.6991 -0.4924 0.5185
vn -0.5821 0.6891 0.4317
vn -0.6788 -0.5345 0.5035
vn -0.6085 0.6527 0.4513
vn -0.6570 -0.5753 0.4872
vn -0.6335 0.6148 0.4698
vn -0.6335 -0.6148 0.4698
vn -0.6570 0.5753 0.4872
vn -0.6085 -0.6527 0.4513
vn -0.6788 0.5345 0.5035
vn -0.5821 -0.6891 0.4317
vn -0.6991 0.4924 0.5185
vn -0.5542 -0.7238 0.4110
vn -0.7176 0.4492 0.5322
vn -0.5250 -0.7568 0.3894
vn -0.7344 0.4048 0.5447
vn -0.4945 -0.7880 0.3668
vn -0.7495 0.3595 0.5559
vn -0.4629 -0.8173 0.3433
vn -0.7628 0.3133 0.5657
vn -0.4301 -0.8446 0.3190
vn -0.7742 0.2664 0.5742
vn -0.0197 0.9997 0.0146
vn -0.3963 -0.8698 0.2939
vn -0.7837 0.2189 0.5813
vn -0.0591 0.9973 0.0439
vn -0.3615 -0.8930 0.2681
vn -0.7914 0.1708 0.5869
vn -0.0984 0.9925 0.0730
vn -0.2693 -0.9494 0.1614
vn -0.8575 0.0245 0.5139
vn -0.2290 0.9637 0.1373
vn -0.2290 -0.9637 0.1373
vn -0.8575 -0.0245 0.5139
vn -0.2693 0.9494 0.1614
vn -0.1881 -0.9756 0.1128
vn -0.8554 -0.0735 0.5127
vn -0.3090 0.9328 0.1852
vn -0.1468 -0.9852 0.0880
vn -0.8513 -0.1223 0.5102
vn -0.3479 0.9140 0.2085
vn -0.1051 -0.9925 0.0630
vn -0.8451 -0.1708 0.5066
vn -0.3860 0.8930 0.2314
vn -0.0632 -0.9973 0.0379
vn -0.8369 -0.2189 0.5016
vn -0.4232 0.8698 0.2536
vn -0.0211 -0.9997 0.0126
vn -0.8267 -0.2664 0.4955
vn -0.4593 0.8446 0.2753
vn -0.8145 -0.3133 0.4882
vn -0.4943 0.8173 0.2963
vn -0.8004 -0.3595 0.4797
vn -0.5281 0.7880 0.3165
vn -0.7843 -0.4048 0.4701
vn -0.5606 0.7568 0.3360
vn -0.7663 -0.4492 0.4593
vn -0.5918 0.7238 0.3547
vn -0.7465 -0.4924 0.4474
vn -0.6216 0.6891 0.3726
vn -0.7249 -0.5345 0.4345
vn -0.6498 0.6527 0.3895
vn -0.7015 -0.5753 0.4205
vn -0.6765 0.6148 0.4055
vn -0.6765 -0.6148 0.4055
vn -0.7015 0.5753 0.4205
vn -0.6498 -0.6527 0.3895
vn -0.7249 0.5345 0.4345
vn -0.6216 -0.6891 0.3726
vn -0.7465 0.4924 0.4474
vn -0.5918 -0.7238 0.3547
vn -0.7663 0.4492 0.4593
vn -0.5606 -0.7568 0.3360
vn -0.7843 0.4048 0.4701
vn -0.5281 -0.7880 0.3165
vn -0.8004 0.3595 0.4797
vn -0.4943 -0.8173 0.2963
vn -0.8145 0.3133 0.4882
vn -0.4593 -0.8446 0.2753
vn -0.8267 0.2664 0.4955
vn -0.0211 0.9997 0.0126
vn -0.4232 -0.8698 0.2536
vn -0.8369 0.2189 0.5016
vn -0.0632 0.9973 0.0379
vn -0.3860 -0.8930 0.2314
vn -0.8451 0.1708 0.5066
vn -0.1051 0.9925 0.0630
vn -0.3479 -0.9140 0.2085
vn -0.8513 0.1223 0.5102
vn -0.1468 0.9852 0.0880
vn -0.3090 -0.9328 0.1852
vn -0.8554 0.0735 0.5127
vn -0.1881 0.9756 0.1128
vn -0.1983 -0.9756 0.0938
vn -0.9015 -0.0735 0.4264
vn -0.3257 0.9328 0.1540
vn -0.1547 -0.9852 0.0732
vn -0.8972 -0.1223 0.4243
vn -0.3667 0.9140 0.1734
vn -0.1108 -0.9925 0.0524
vn -0.8907 -0.1708 0.4213
vn -0.4068 0.8930 0.1924
vn -0.0666 -0.9973 0.0315
vn -0.8821 -0.2189 0.4172
vn -0.4460 0.8698 0.2109
vn -0.0222 -0.9997 0.0105
vn -0.8713 -0.2664 0.4121
vn -0.4840 0.8446 0.2289
vn -0.8585 -0.3133 0.4060
vn -0.5209 0.8173 0.2464
vn -0.8435 -0.3595 0.3990
vn -0.5566 0.7880 0.2632
vn -0.8266 -0.4048 0.3910
vn -0.5909 0.7568 0.2795
vn -0.8077 -0.4492 0.3820
vn -0.6237 0.7238 0.2950
vn -0.7868 -0.4924 0.3721
vn -0.6551 0.6891 0.3098
vn -0.7640 -0.5345 0.3613
vn -0.6849 0.6527 0.3239
vn -0.7394 -0.5753 0.3497
vn -0.7130 0.6148 0.3372
vn -0.7130 -0.6148 0.3372
vn -0.7394 0.5753 0.3497
vn -0.6849 -0.6527 0.3239
vn -0.7640 0.5345 0.3613
vn -0.6551 -0.6891 0.3098
vn -0.7868 0.4924 0.3721
vn -0.6237 -0.7238 0.2950
vn -0.8077 0.4492 0.3820
vn -0.5909 -0.7568 0.2795
vn -0.8266 0.4048 0.3910
vn -0.5566 -0.7880 0.2632
vn -0.8435 0.3595 0.3990
vn -0.5209 -0.8173 0.2464
vn -0.8585 0.3133 0.4060
vn -0.4840 -0.8446 0.2289
vn -0.8713 0.2664 0.4121
vn -0.0222 0.9997 0.0105
vn -0.4460 -0.8698 0.2109
vn -0.8821 0.2189 0.4172
vn -0.0666 0.9973 0.0315
vn -0.4068 -0.8930 0.1924
vn -0.8907 0.1708 0.4213
vn -0.1108 0.9925 0.0524
vn -0.3667 -0.9140 0.1734
vn -0.8972 0.1223 0.4243
vn -0.1547 0.9852 0.0732
vn -0.3257 -0.9328 0.1540
vn -0.9015 0.0735 0.4264
vn -0.1983 0.9756 0.0938
vn -0.2839 -0.9494 0.1343
vn -0.9037 0.0245 0.4274
vn -0.2414 0.9637 0.1142
vn -0.2414 -0.9637 0.1142
vn -0.9037 -0.0245 0.4274
vn -0.2839 0.9494 0.1343
vn -0.1154 -0.9925 0.0413
vn -0.9277 -0.1708 0.3319
vn -0.4237 0.8930 0.1516
vn -0.0693 -0.9973 0.0248
vn -0.9187 -0.2189 0.3287
vn -0.4645 0.8698 0.1662
vn -0.0231 -0.9997 0.0083
vn -0.9075 -0.2664 0.3247
vn -0.5042 0.8446 0.1804
vn -0.8941 -0.3133 0.3199
vn -0.5426 0.8173 0.1941
vn -0.8786 -0.3595 0.3144
vn -0.5797 0.7880 0.2074
vn -0.8609 -0.4048 0.3080
vn -0.6154 0.7568 0.2202
vn -0.8412 -0.4492 0.3010
vn -0.6496 0.7238 0.2324
vn -0.8195 -0.4924 0.2932
vn -0.6823 0.6891 0.2441
vn -0.7957 -0.5345 0.2847
vn -0.7133 0.6527 0.2552
vn -0.7701 -0.5753 0.2755
vn -0.7426 0.6148 0.2657
vn -0.7426 -0.6148 0.2657
vn -0.7701 0.5753 0.2755
vn -0.7133 -0.6527 0.2552
vn -0.7957 0.5345 0.2847
vn -0.6823 -0.6891 0.2441
vn -0.8195 0.4924 0.2932
vn -0.6496 -0.7238 0.2324
vn -0.8412 0.4492 0.3010
vn -0.6154 -0.7568 0.2202
vn -0.8609 0.4048 0.3080
vn -0.5797 -0.7880 0.2074
vn -0.8786 0.3595 0.3144
vn -0.5426 -0.8173 0.1941
vn -0.8941 0.3133 0.3199
vn -0.5042 -0.8446 0.1804
vn -0.9075 0.2664 0.3247
vn -0.0231 0.9997 0.0083
vn -0.4645 -0.8698 0.1662
vn -0.9187 0.2189 0.3287
vn -0.0693 0.9973 0.0248
vn -0.4237 -0.8930 0.1516
vn -0.9277 0.1708 0.3319
vn -0.1154 0.9925 0.0413
vn -0.3819 -0.9140 0.1367
vn -0.9345 0.1223 0.3344
vn -0.1612 0.9852 0.0577
vn -0.3392 -0.9328 0.1214
vn -0.9390 0.0735 0.3360
vn -0.2065 0.9756 0.0739
vn -0.2957 -0.9494 0.1058
vn -0.9413 0.0245 0.3368
vn -0.2514 0.9637 0.0900
vn -0.2514 -0.9637 0.0900
vn -0.9413 -0.0245 0.3368
vn -0.2957 0.9494 0.1058
vn -0.2065 -0.9756 0.0739
vn -0.9390 -0.0735 0.3360
vn -0.3392 0.9328 0.1214
vn -0.1612 -0.9852 0.0577
vn -0.9345 -0.1223 0.3344
vn -0.3819 0.9140 0.1367
vn -0.5590 -0.8173 0.1400
vn -0.5194 0.8446 0.1301
vn -0.5194 -0.8446 0.1301
vn -0.9350 0.2664 0.2342
vn -0.5590 0.8173 0.1400
vn -0.4786 -0.8698 0.1199
vn -0.9465 0.2189 0.2371
vn -0.5972 0.7880 0.1496
vn -0.4366 -0.8930 0.1094
vn -0.9558 0.1708 0.2394
vn -0.6340 0.7568 0.1588
vn -0.3935 -0.9140 0.0986
vn -0.9628 0.1223 0.2412
vn -0.6693 0.7238 0.1677
vn -0.3495 -0.9328 0.0875
vn -0.9674 0.0735 0.2423
vn -0.7029 0.6891 0.1761
vn -0.3046 -0.9494 0.0763
vn -0.9697 0.0245 0.2429
vn -0.7349 0.6527 0.1841
vn -0.2590 -0.9637 0.0649
vn -0.9697 -0.0245 0.2429
vn -0.7651 0.6148 0.1916
vn -0.2128 -0.9756 0.0533
vn -0.9674 -0.0735 0.2423
vn -0.7934 0.5753 0.1987
vn -0.1660 -0.9852 0.0416
vn -0.9628 -0.1223 0.2412
vn -0.8198 0.5345 0.2054
vn -0.1189 -0.9925 0.0298
vn -0.9558 -0.1708 0.2394
vn -0.8443 0.4924 0.2115
vn -0.0714 -0.9973 0.0179
vn -0.9465 -0.2189 0.2371
vn -0.8667 0.4492 0.2171
vn -0.0238 -0.9997 0.0060
vn -0.9350 -0.2664 0.2342
vn -0.8870 0.4048 0.2222
vn -0.9212 -0.3133 0.2307
vn -0.9052 0.3595 0.2267
vn -0.9052 -0.3595 0.2267
vn -0.9212 0.3133 0.2307
vn -0.8870 -0.4048 0.2222
vn -0.0238 0.9997 0.0060
vn -0.8667 -0.4492 0.2171
vn -0.0714 0.9973 0.0179
vn -0.8443 -0.4924 0.2115
vn -0.1189 0.9925 0.0298
vn -0.8198 -0.5345 0.2054
vn -0.1660 0.9852 0.0416
vn -0.7934 -0.5753 0.1987
vn -0.2128 0.9756 0.0533
vn -0.7651 -0.6148 0.1916
vn -0.2590 0.9637 0.0649
vn -0.7349 -0.6527 0.1841
vn -0.3046 0.9494 0.0763
vn -0.7029 -0.6891 0.1761
vn -0.3495 0.9328 0.0875
vn -0.6693 -0.7238 0.1677
vn -0.3935 0.9140 0.0986
vn -0.6340 -0.7568 0.1588
vn -0.4366 0.8930 0.1094
vn -0.5972 -0.7880 0.1496
vn -0.4786 0.8698 0.1199
vn -0.4880 -0.8698 0.0724
vn -0.9652 0.2189 0.1432
vn -0.0729 0.9973 0.0108
vn -0.4452 -0.8930 0.0660
vn -0.9746 0.1708 0.1446
vn -0.1212 0.9925 0.0180
vn -0.4013 -0.9140 0.0595
vn -0.9818 0.1223 0.1456
vn -0.1693 0.9852 0.0251
vn -0.3564 -0.9328 0.0529
vn -0.9865 0.0735 0.1463
vn -0.2170 0.9756 0.0322
vn -0.3106 -0.9494 0.0461
vn -0.9889 0.0245 0.1467
vn -0.2641 0.9637 0.0392
vn -0.2641 -0.9637 0.0392
vn -0.9889 -0.0245 0.1467
vn -0.3106 0.9494 0.0461
vn -0.2170 -0.9756 0.0322
vn -0.9865 -0.0735 0.1463
vn -0.3564 0.9328 0.0529
vn -0.1693 -0.9852 0.0251
vn -0.9818 -0.1223 0.1456
vn -0.4013 0.9140 0.0595
vn -0.1212 -0.9925 0.0180
vn -0.9746 -0.1708 0.1446
vn -0.4452 0.8930 0.0660
vn -0.0729 -0.9973 0.0108
vn -0.9652 -0.2189 0.1432
vn -0.4880 0.8698 0.0724
vn -0.0243 -0.9997 0.0036
vn -0.9534 -0.2664 0.1414
vn -0.5297 0.8446 0.0786
vn -0.9394 -0.3133 0.1393
vn -0.5700 0.8173 0.0846
vn -0.9230 -0.3595 0.1369
vn -0.6090 0.7880 0.0903
vn -0.9045 -0.4048 0.1342
vn -0.6465 0.7568 0.0959
vn -0.8838 -0.4492 0.1311
vn -0.6825 0.7238 0.1012
vn -0.8609 -0.4924 0.1277
vn -0.7168 0.6891 0.1063
vn -0.8360 -0.5345 0.1240
vn -0.7494 0.6527 0.1112
vn -0.8091 -0.5753 0.1200
vn -0.7802 0.6148 0.1157
vn -0.7802 -0.6148 0.1157
vn -0.8091 0.5753 0.1200
vn -0.7494 -0.6527 0.1112
vn -0.8360 0.5345 0.1240
vn -0.7168 -0.6891 0.1063
vn -0.8609 0.4924 0.1277
vn -0.6825 -0.7238 0.1012
vn -0.8838 0.4492 0.1311
vn -0.6465 -0.7568 0.0959
vn -0.9045 0.4048 0.1342
vn -0.6090 -0.7880 0.0903
vn -0.9230 0.3595 0.1369
vn -0.5700 -0.8173 0.0846
vn -0.9394 0.3133 0.1393
vn -0.5297 -0.8446 0.0786
vn -0.9534 0.2664 0.1414
vn -0.0243 0.9997 0.0036
vn -0.4052 -0.9140 0.0199
vn -0.9913 0.1223 0.0487
vn -0.1710 0.9852 0.0084
vn -0.3598 -0.9328 0.0177
vn -0.9961 0.0735 0.0489
vn -0.2191 0.9756 0.0108
vn -0.3136 -0.9494 0.0154
vn -0.9985 0.0245 0.0491
vn -0.2667 0.9637 0.0131
vn -0.2667 -0.9637 0.0131
vn -0.9985 -0.0245 0.0491
vn -0.3136 0.9494 0.0154
vn -0.2191 -0.9756 0.0108
vn -0.9961 -0.0735 0.0489
vn -0.3598 0.9328 0.0177
vn -0.1710 -0.9852 0.0084
vn -0.9913 -0.1223 0.0487
vn -0.4052 0.9140 0.0199
vn -0.1224 -0.9925 0.0060
vn -0.9841 -0.1708 0.0483
vn -0.4495 0.8930 0.0221
vn -0.0736 -0.9973 0.0036
vn -0.9746 -0.2189 0.0479
vn -0.4928 0.8698 0.0242
vn -0.0245 -0.9997 0.0012
vn -0.9627 -0.2664 0.0473
vn -0.5348 0.8446 0.0263
vn -0.9485 -0.3133 0.0466
vn -0.5756 0.8173 0.0283
vn -0.9320 -0.3595 0.0458
vn -0.6149 0.7880 0.0302
vn -0.9133 -0.4048 0.0449
vn -0.6528 0.7568 0.0321
vn -0.8924 -0.4492 0.0438
vn -0.6891 0.7238 0.0339
vn -0.8693 -0.4924 0.0427
vn -0.7238 0.6891 0.0356
vn -0.8441 -0.5345 0.0415
vn -0.7567 0.6527 0.0372
vn -0.8169 -0.5753 0.0401
vn -0.7878 0.6148 0.0387
vn -0.7878 -0.6148 0.0387
vn -0.8169 0.5753 0.0401
vn -0.7567 -0.6527 0.0372
vn -0.8441 0.5345 0.0415
vn -0.7238 -0.6891 0.0356
vn -0.8693 0.4924 0.0427
vn -0.6891 -0.7238 0.0339
vn -0.8924 0.4492 0.0438
vn -0.6528 -0.7568 0.0321
vn -0.9133 0.4048 0.0449
vn -0.6150 -0.7880 0.0302
vn -0.9320 0.3595 0.0458
vn -0.5756 -0.8173 0.0283
vn -0.9485 0.3133 0.0466
vn -0.5348 -0.8446 0.0263
vn -0.9627 0.2664 0.0473
vn -0.0245 0.9997 0.0012
vn -0.4928 -0.8698 0.0242
vn -0.9746 0.2189 0.0479
vn -0.0736 0.9973 0.0036
vn -0.4495 -0.8930 0.0221
vn -0.9841 0.1708 0.0483
vn -0.1224 0.9925 0.0060
vn -0.3136 -0.9494 -0.0154
vn -0.9985 0.0245 -0.0491
vn -0.2667 0.9637 -0.0131
vn -0.2667 -0.9637 -0.0131
vn -0.9985 -0.0245 -0.0491
vn -0.3136 0.9494 -0.0154
vn -0.2191 -0.9756 -0.0108
vn -0.9961 -0.0735 -0.0489
vn -0.3598 0.9328 -0.0177
vn -0.1710 -0.9852 -0.0084
vn -0.9913 -0.1223 -0.0487
vn -0.4052 0.9140 -0.0199
vn -0.1224 -0.9925 -0.0060
vn -0.9841 -0.1708 -0.0483
vn -0.4495 0.8930 -0.0221
vn -0.0736 -0.9973 -0.0036
vn -0.9746 -0.2189 -0.0479
vn -0.4928 0.8698 -0.0242
vn -0.0245 -0.9997 -0.0012
vn -0.9627 -0.2664 -0.0473
vn -0.5348 0.8446 -0.0263
vn -0.9485 -0.3133 -0.0466
vn -0.5756 0.8173 -0.0283
vn -0.9320 -0.3595 -0.0458
vn -0.6150 0.7880 -0.0302
vn -0.9133 -0.4048 -0.0449
vn -0.6528 0.7568 -0.0321
vn -0.8924 -0.4492 -0.0438
vn -0.6891 0.7238 -0.0339
vn -0.8693 -0.4924 -0.0427
vn -0.7238 0.6891 -0.0356
vn -0.8441 -0.5345 -0.0415
vn -0.7567 0.6527 -0.0372
vn -0.8169 -0.5753 -0.0401
vn -0.7878 0.6148 -0.0387
vn -0.7878 -0.6148 -0.0387
vn -0.8169 0.5753 -0.0401
vn -0.7567 -0.6527 -0.0372
vn -0.8441 0.5345 -0.0415
vn -0.7238 -0.6891 -0.0356
vn -0.8693 0.4924 -0.0427
vn -0.6891 -0.7238 -0.0339
vn -0.8924 0.4492 -0.0438
vn -0.6528 -0.7568 -0.0321
vn -0.9133 0.4048 -0.0449
vn -0.6150 -0.7880 -0.0302
vn -0.9320 0.3595 -0.0458
vn -0.5756 -0.8173 -0.0283
vn -0.9485 0.3133 -0.0466
vn -0.5348 -0.8446 -0.0263
vn -0.9627 0.2664 -0.0473
vn -0.0245 0.9997 -0.0012
vn -0.4928 -0.8698 -0.0242
vn -0.9746 0.2189 -0.0479
vn -0.0736 0.9973 -0.0036
vn -0.4495 -0.8930 -0.0221
vn -0.9841 0.1708 -0.0483
vn -0.1224 0.9925 -0.0060
vn -0.4052 -0.9140 -0.0199
vn -0.9913 0.1223 -0.0487
vn -0.1710 0.9852 -0.0084
vn -0.3598 -0.9328 -0.0177
vn -0.9961 0.0735 -0.0489
vn -0.2191 0.9756 -0.0108
vn -0.2170 -0.9756 -0.0322
vn -0.9865 -0.0735 -0.1463
vn -0.3564 0.9328 -0.0529
vn -0.1693 -0.9852 -0.0251
vn -0.9818 -0.1223 -0.1456
vn -0.4013 0.9140 -0.0595
vn -0.1212 -0.9925 -0.0180
vn -0.9746 -0.1708 -0.1446
vn -0.4452 0.8930 -0.0660
vn -0.0729 -0.9973 -0.0108
vn -0.9652 -0.2189 -0.1432
vn -0.4880 0.8698 -0.0724
vn -0.0243 -0.9997 -0.0036
vn -0.9534 -0.2664 -0.1414
vn -0.5297 0.8446 -0.0786
vn -0.9394 -0.3133 -0.1393
vn -0.5700 0.8173 -0.0846
vn -0.9230 -0.3595 -0.1369
vn -0.6090 0.7880 -0.0903
vn -0.9045 -0.4048 -0.1342
vn -0.6465 0.7568 -0.0959
vn -0.8838 -0.4492 -0.1311
vn -0.6825 0.7238 -0.1012
vn -0.8609 -0.4924 -0.1277
vn -0.7168 0.6891 -0.1063
vn -0.8360 -0.5345 -0.1240
vn -0.7494 0.6527 -0.1112
vn -0.8091 -0.5753 -0.1200
vn -0.7802 0.6148 -0.1157
vn -0.7802 -0.6148 -0.1157
vn -0.8091 0.5753 -0.1200
vn -0.7494 -0.6527 -0.1112
vn -0.8360 0.5345 -0.1240
vn -0.7168 -0.6891 -0.1063
vn -0.8609 0.4924 -0.1277
vn -0.6825 -0.7238 -0.1012
vn -0.8838 0.4492 -0.1311
vn -0.6465 -0.7568 -0.0959
vn -0.9045 0.4048 -0.1342
vn -0.6090 -0.7880 -0.0903
vn -0.9230 0.3595 -0.1369
vn -0.5700 -0.8173 -0.0846
vn -0.9394 0.3133 -0.1393
vn -0.5297 -0.8446 -0.0786
vn -0.9534 0.2664 -0.1414
vn -0.0243 0.9997 -0.0036
vn -0.4880 -0.8698 -0.0724
vn -0.9652 0.2189 -0.1432
vn -0.0729 0.9973 -0.0108
vn -0.4452 -0.8930 -0.0660
vn -0.9746 0.1708 -0.1446
vn -0.1212 0.9925 -0.0180
vn -0.4013 -0.9140 -0.0595
vn -0.9818 0.1223 -0.1456
vn -0.1693 0.9852 -0.0251
vn -0.3564 -0.9328 -0.0529
vn -0.9865 0.0735 -0.1463
vn -0.2170 0.9756 -0.0322
vn -0.3106 -0.9494 -0.0461
vn -0.9889 0.0245 -0.1467
vn -0.2641 0.9637 -0.0392
vn -0.2641 -0.9637 -0.0392
vn -0.9889 -0.0245 -0.1467
vn -0.3106 0.9494 -0.0461
vn -0.1189 -0.9925 -0.0298
vn -0.9558 -0.1708 -0.2394
vn -0.4366 0.8930 -0.1094
vn -0.0714 -0.9973 -0.0179
vn -0.9465 -0.2189 -0.2371
vn -0.4786 0.8698 -0.1199
vn -0.0238 -0.9997 -0.0060
vn -0.9350 -0.2664 -0.2342
vn -0.5194 0.8446 -0.1301
vn -0.9212 -0.3133 -0.2307
vn -0.5590 0.8173 -0.1400
vn -0.9052 -0.3595 -0.2267
vn -0.5972 0.7880 -0.1496
vn -0.8870 -0.4048 -0.2222
vn -0.6340 0.7568 -0.1588
vn -0.8667 -0.4492 -0.2171
vn -0.6693 0.7238 -0.1677
vn -0.8443 -0.4924 -0.2115
vn -0.7029 0.6891 -0.1761
vn -0.8198 -0.5345 -0.2054
vn -0.7349 0.6527 -0.1841
vn -0.7934 -0.5753 -0.1987
vn -0.7651 0.6148 -0.1916
vn -0.7651 -0.6148 -0.1916
vn -0.7934 0.5753 -0.1987
vn -0.7349 -0.6527 -0.1841
vn -0.8198 0.5345 -0.2054
vn -0.7029 -0.6891 -0.1761
vn -0.8443 0.4924 -0.2115
vn -0.6693 -0.7238 -0.1677
vn -0.8667 0.4492 -0.2171
vn -0.6340 -0.7568 -0.1588
vn -0.8870 0.4048 -0.2222
vn -0.5972 -0.7880 -0.1496
vn -0.9052 0.3595 -0.2267
vn -0.5590 -0.8173 -0.1400
vn -0.9212 0.3133 -0.2307
vn -0.5194 -0.8446 -0.1301
vn -0.9350 0.2664 -0.2342
vn -0.0238 0.9997 -0.0060
vn -0.4786 -0.8698 -0.1199
vn -0.9465 0.2189 -0.2371
vn -0.0714 0.9973 -0.0179
vn -0.4366 -0.8930 -0.1094
vn -0.9558 0.1708 -0.2394
vn -0.1189 0.9925 -0.0298
vn -0.3935 -0.9140 -0.0986
vn -0.9628 0.1223 -0.2412
vn -0.1660 0.9852 -0.0416
vn -0.3495 -0.9328 -0.0875
vn -0.9674 0.0735 -0.2423
vn -0.2128 0.9756 -0.0533
vn -0.3046 -0.9494 -0.0763
vn -0.9697 0.0245 -0.2429
vn -0.2590 0.9637 -0.0649
vn -0.2590 -0.9637 -0.0649
vn -0.9697 -0.0245 -0.2429
vn -0.3046 0.9494 -0.0763
vn -0.2128 -0.9756 -0.0533
vn -0.9674 -0.0735 -0.2423
vn -0.3495 0.9328 -0.0875
vn -0.1660 -0.9852 -0.0416
vn -0.9628 -0.1223 -0.2412
vn -0.3935 0.9140 -0.0986
vn -0.0231 -0.9997 -0.0083
vn -0.9075 -0.2664 -0.3247
vn -0.5042 0.8446 -0.1804
vn -0.8941 -0.3133 -0.3199
vn -0.5426 0.8173 -0.1941
vn -0.8786 -0.3595 -0.3144
vn -0.5797 0.7880 -0.2074
vn -0.8609 -0.4048 -0.3080
vn -0.6154 0.7568 -0.2202
vn -0.8412 -0.4492 -0.3010
vn -0.6496 0.7238 -0.2324
vn -0.8195 -0.4924 -0.2932
vn -0.6823 0.6891 -0.2441
vn -0.7957 -0.5345 -0.2847
vn -0.7133 0.6527 -0.2552
vn -0.7701 -0.5753 -0.2755
vn -0.7426 0.6148 -0.2657
vn -0.7426 -0.6148 -0.2657
vn -0.7701 0.5753 -0.2755
vn -0.7133 -0.6527 -0.2552
vn -0.7957 0.5345 -0.2847
vn -0.6823 -0.6891 -0.2441
vn -0.8195 0.4924 -0.2932
vn -0.6496 -0.7238 -0.2324
vn -0.8412 0.4492 -0.3010
vn -0.6154 -0.7568 -0.2202
vn -0.8609 0.4048 -0.3080
vn -0.5797 -0.7880 -0.2074
vn -0.8786 0.3595 -0.3144
vn -0.5426 -0.8173 -0.1941
vn -0.8941 0.3133 -0.3199
vn -0.5042 -0.8446 -0.1804
vn -0.9075 0.2664 -0.3247
vn -0.0232 0.9997 -0.0083
vn -0.4645 -0.8698 -0.1662
vn -0.9187 0.2189 -0.3287
vn -0.0693 0.9973 -0.0248
vn -0.4237 -0.8930 -0.1516
vn -0.9277 0.1708 -0.3319
vn -0.1154 0.9925 -0.0413
vn -0.3819 -0.9140 -0.1367
vn -0.9345 0.1223 -0.3344
vn -0.1612 0.9852 -0.0577
vn -0.3392 -0.9328 -0.1214
vn -0.9390 0.0735 -0.3360
vn -0.2065 0.9756 -0.0739
vn -0.2957 -0.9494 -0.1058
vn -0.9413 0.0245 -0.3368
vn -0.2514 0.9637 -0.0900
vn -0.2514 -0.9637 -0.0900
vn -0.9413 -0.0245 -0.3368
vn -0.2957 0.9494 -0.1058
vn -0.2065 -0.9756 -0.0739
vn -0.9390 -0.0735 -0.3360
vn -0.3392 0.9328 -0.1214
vn -0.1612 -0.9852 -0.0577
vn -0.9345 -0.1223 -0.3344
vn -0.3819 0.9140 -0.1367
vn -0.1154 -0.9925 -0.0413
vn -0.9277 -0.1708 -0.3319
vn -0.4237 0.8930 -0.1516
vn -0.0693 -0.9973 -0.0248
vn -0.9187 -0.2189 -0.3287
vn -0.4645 0.8698 -0.1662
vn -0.8435 -0.3595 -0.3990
vn -0.5566 0.7880 -0.2632
vn -0.8266 -0.4048 -0.3910
vn -0.5909 0.7568 -0.2795
vn -0.8077 -0.4492 -0.3820
vn -0.6237 0.7238 -0.2950
vn -0.7868 -0.4924 -0.3721
vn -0.6551 0.6891 -0.3098
vn -0.7640 -0.5345 -0.3613
vn -0.6849 0.6527 -0.3239
vn -0.7394 -0.5753 -0.3497
vn -0.7130 0.6148 -0.3372
vn -0.7130 -0.6148 -0.3372
vn -0.7394 0.5753 -0.3497
vn -0.6849 -0.6527 -0.3239
vn -0.7640 0.5345 -0.3613
vn -0.6551 -0.6891 -0.3098
vn -0.7868 0.4924 -0.3721
vn -0.6237 -0.7238 -0.2950
vn -0.8077 0.4492 -0.3820
vn -0.5909 -0.7568 -0.2795
vn -0.8266 0.4048 -0.3910
vn -0.5566 -0.7880 -0.2632
vn -0.8435 0.3595 -0.3990
vn -0.5209 -0.8173 -0.2464
vn -0.8585 0.3133 -0.4060
vn -0.4840 -0.8446 -0.2289
vn -0.8713 0.2664 -0.4121
vn -0.0222 0.9997 -0.0105
vn -0.4460 -0.8698 -0.2109
vn -0.8821 0.2189 -0.4172
vn -0.0666 0.9973 -0.0315
vn -0.4068 -0.8930 -0.1924
vn -0.8907 0.1708 -0.4213
vn -0.1108 0.9925 -0.0524
vn -0.3667 -0.9140 -0.1734
vn -0.8972 0.1223 -0.4243
vn -0.1547 0.9852 -0.0732
vn -0.3257 -0.9328 -0.1540
vn -0.9015 0.0735 -0.4264
vn -0.1983 0.9756 -0.0938
vn -0.2839 -0.9494 -0.1343
vn -0.9037 0.0245 -0.4274
vn -0.2414 0.9637 -0.1142
vn -0.2414 -0.9637 -0.1142
vn -0.9037 -0.0245 -0.4274
vn -0.2839 0.9494 -0.1343
vn -0.1983 -0.9756 -0.0938
vn -0.9015 -0.0735 -0.4264
vn -0.3257 0.9328 -0.1540
vn -0.1547 -0.9852 -0.0732
vn -0.8972 -0.1223 -0.4243
vn -0.3667 0.9140 -0.1734
vn -0.1108 -0.9925 -0.0524
vn -0.8907 -0.1708 -0.4213
vn -0.4068 0.8930 -0.1924
vn -0.0666 -0.9973 -0.0315
vn -0.8821 -0.2189 -0.4172
vn -0.4460 0.8698 -0.2109
vn -0.0222 -0.9997 -0.0105
vn -0.8713 -0.2664 -0.4121
vn -0.4840 0.8446 -0.2289
vn -0.8585 -0.3133 -0.4060
vn -0.5209 0.8173 -0.2464
vn -0.7663 -0.4492 -0.4593
vn -0.5918 0.7238 -0.3547
vn -0.7465 -0.4924 -0.4474
vn -0.6216 0.6891 -0.3726
vn -0.7249 -0.5345 -0.4345
vn -0.6498 0.6527 -0.3895
vn -0.7015 -0.5753 -0.4205
vn -0.6765 0.6148 -0.4055
vn -0.6765 -0.6148 -0.4055
vn -0.7015 0.5753 -0.4205
vn -0.6498 -0.6527 -0.3895
vn -0.7249 0.5345 -0.4345
vn -0.6216 -0.6891 -0.3726
vn -0.7465 0.4924 -0.4474
vn -0.5918 -0.7238 -0.3547
vn -0.7663 0.4492 -0.4593
vn -0.5606 -0.7568 -0.3360
vn -0.7843 0.4048 -0.4701
vn -0.5281 -0.7880 -0.3165
vn -0.8004 0.3595 -0.4797
vn -0.4943 -0.8173 -0.2963
vn -0.8145 0.3133 -0.4882
vn -0.4593 -0.8446 -0.2753
vn -0.8267 0.2664 -0.4955
vn -0.0211 0.9997 -0.0126
vn -0.4232 -0.8698 -0.2536
vn -0.8369 0.2189 -0.5016
vn -0.0632 0.9973 -0.0379
vn -0.3860 -0.8930 -0.2314
vn -0.8451 0.1708 -0.5066
vn -0.1051 0.9925 -0.0630
vn -0.3479 -0.9140 -0.2085
vn -0.8513 0.1223 -0.5102
vn -0.1468 0.9852 -0.0880
vn -0.3090 -0.9328 -0.1852
vn -0.8554 0.0735 -0.5127
vn -0.1881 0.9756 -0.1128
vn -0.2693 -0.9494 -0.1614
vn -0.8575 0.0245 -0.5139
vn -0.2290 0.9637 -0.1373
vn -0.2290 -0.9637 -0.1373
vn -0.8575 -0.0245 -0.5139
vn -0.2693 0.9494 -0.1614
vn -0.1881 -0.9756 -0.1128
vn -0.8554 -0.0735 -0.5127
vn -0.3090 0.9328 -0.1852
vn -0.1468 -0.9852 -0.0880
vn -0.8513 -0.1223 -0.5102
vn -0.3479 0.9140 -0.2085
vn -0.1051 -0.9925 -0.0630
vn -0.8451 -0.1708 -0.5066
vn -0.3860 0.8930 -0.2314
vn -0.0632 -0.9973 -0.0379
vn -0.8369 -0.2189 -0.5016
vn -0.4232 0.8698 -0.2536
vn -0.0211 -0.9997 -0.0126
vn -0.8267 -0.2664 -0.4955
vn -0.4593 0.8446 -0.2753
vn -0.8145 -0.3133 -0.4882
vn -0.4943 0.8173 -0.2963
vn -0.8004 -0.3595 -0.4797
vn -0.5281 0.7880 -0.3165
vn -0.7843 -0.4048 -0.4701
vn -0.5606 0.7568 -0.3360
vn -0.6788 -0.5345 -0.5035
vn -0.6085 0.6527 -0.4513
vn -0.6570 -0.5753 -0.4872
vn -0.6335 0.6148 -0.4698
vn -0.6335 -0.6148 -0.4698
vn -0.6570 0.5753 -0.4872
vn -0.6085 -0.6527 -0.4513
vn -0.6788 0.5345 -0.5035
vn -0.5821 -0.6891 -0.4317
vn -0.6991 0.4924 -0.5185
vn -0.5542 -0.7238 -0.4110
vn -0.7176 0.4492 -0.5322
vn -0.5250 -0.7568 -0.3894
vn -0.7344 0.4048 -0.5447
vn -0.4945 -0.7880 -0.3668
vn -0.7495 0.3595 -0.5559
vn -0.4629 -0.8173 -0.3433
vn -0.7628 0.3133 -0.5657
vn -0.4301 -0.8446 -0.3190
vn -0.7742 0.2664 -0.5742
vn -0.0197 0.9997 -0.0146
vn -0.3963 -0.8698 -0.2939
vn -0.7837 0.2189 -0.5813
vn -0.0592 0.9973 -0.0439
vn -0.3615 -0.8930 -0.2681
vn -0.7914 0.1708 -0.5870
vn -0.0984 0.9925 -0.0730
vn -0.3258 -0.9140 -0.2416
vn -0.7972 0.1223 -0.5912
vn -0.1375 0.9852 -0.1020
vn -0.2894 -0.9328 -0.2146
vn -0.8010 0.0735 -0.5941
vn -0.1762 0.9756 -0.1307
vn -0.2522 -0.9494 -0.1871
vn -0.8030 0.0245 -0.5955
vn -0.2145 0.9637 -0.1591
vn -0.2145 -0.9637 -0.1591
vn -0.8030 -0.0245 -0.5955
vn -0.2522 0.9494 -0.1871
vn -0.1762 -0.9756 -0.1307
vn -0.8010 -0.0735 -0.5941
vn -0.2894 0.9328 -0.2146
vn -0.1375 -0.9852 -0.1020
vn -0.7972 -0.1223 -0.5912
vn -0.3258 0.9140 -0.2416
vn -0.0984 -0.9925 -0.0730
vn -0.7914 -0.1708 -0.5870
vn -0.3615 0.8930 -0.2681
vn -0.0592 -0.9973 -0.0439
vn -0.7837 -0.2189 -0.5813
vn -0.3963 0.8698 -0.2939
vn -0.0197 -0.9997 -0.0146
vn -0.7742 -0.2664 -0.5742
vn -0.4301 0.8446 -0.3190
vn -0.7628 -0.3133 -0.5657
vn -0.4629 0.8173 -0.3433
vn -0.7495 -0.3595 -0.5559
vn -0.4945 0.7880 -0.3668
vn -0.7344 -0.4048 -0.5447
vn -0.5250 0.7568 -0.3894
vn -0.7176 -0.4492 -0.5322
vn -0.5542 0.7238 -0.4110
vn -0.6991 -0.4924 -0.5185
vn -0.5821 0.6891 -0.4317
vn -0.5844 -0.6148 -0.5297
vn -0.6060 0.5753 -0.5493
vn -0.5613 -0.6527 -0.5088
vn -0.6262 0.5345 -0.5676
vn -0.5369 -0.6891 -0.4867
vn -0.6449 0.4924 -0.5845
vn -0.5112 -0.7238 -0.4634
vn -0.6620 0.4492 -0.6000
vn -0.4843 -0.7568 -0.4389
vn -0.6775 0.4048 -0.6141
vn -0.4562 -0.7880 -0.4135
vn -0.6914 0.3595 -0.6267
vn -0.4270 -0.8173 -0.3870
vn -0.7036 0.3133 -0.6377
vn -0.3967 -0.8446 -0.3596
vn -0.7142 0.2664 -0.6473
vn -0.0182 0.9997 -0.0165
vn -0.3655 -0.8698 -0.3313
vn -0.7230 0.2189 -0.6553
vn -0.0546 0.9973 -0.0495
vn -0.3335 -0.8930 -0.3022
vn -0.7301 0.1708 -0.6617
vn -0.0908 0.9925 -0.0823
vn -0.3006 -0.9140 -0.2724
vn -0.7354 0.1223 -0.6665
vn -0.1268 0.9852 -0.1149
vn -0.2669 -0.9328 -0.2419
vn -0.7389 0.0735 -0.6697
vn -0.1625 0.9756 -0.1473
vn -0.2327 -0.9494 -0.2109
vn -0.7407 0.0245 -0.6714
vn -0.1978 0.9637 -0.1793
vn -0.1978 -0.9637 -0.1793
vn -0.7407 -0.0245 -0.6714
vn -0.2327 0.9494 -0.2109
vn -0.1625 -0.9756 -0.1473
vn -0.7389 -0.0735 -0.6697
vn -0.2669 0.9328 -0.2419
vn -0.1268 -0.9852 -0.1149
vn -0.7354 -0.1223 -0.6665
vn -0.3006 0.9140 -0.2724
vn -0.0908 -0.9925 -0.0823
vn -0.7301 -0.1708 -0.6617
vn -0.3335 0.8930 -0.3022
vn -0.0546 -0.9973 -0.0495
vn -0.7230 -0.2189 -0.6553
vn -0.3655 0.8698 -0.3313
vn -0.0182 -0.9997 -0.0165
vn -0.7142 -0.2664 -0.6473
vn -0.3967 0.8446 -0.3596
vn -0.7036 -0.3133 -0.6377
vn -0.4270 0.8173 -0.3870
vn -0.6914 -0.3595 -0.6267
vn -0.4562 0.7880 -0.4135
vn -0.6775 -0.4048 -0.6141
vn -0.4843 0.7568 -0.4389
vn -0.6620 -0.4492 -0.6000
vn -0.5112 0.7238 -0.4634
vn -0.6449 -0.4924 -0.5845
vn -0.5369 0.6891 -0.4867
vn -0.6262 -0.5345 -0.5676
vn -0.5613 0.6527 -0.5088
vn -0.6060 -0.5753 -0.5493
vn -0.5844 0.6148 -0.5297
vn -0.4867 -0.6891 -0.5369
vn -0.5845 0.4924 -0.6449
vn -0.4634 -0.7238 -0.5112
vn -0.6000 0.4492 -0.6620
vn -0.4389 -0.7568 -0.4843
vn -0.6141 0.4048 -0.6775
vn -0.4135 -0.7880 -0.4562
vn -0.6267 0.3595 -0.6914
vn -0.3870 -0.8173 -0.4270
vn -0.6377 0.3133 -0.7036
vn -0.3596 -0.8446 -0.3967
vn -0.6473 0.2664 -0.7142
vn -0.0165 0.9997 -0.0182
vn -0.3313 -0.8698 -0.3655
vn -0.6553 0.2189 -0.7230
vn -0.0495 0.9973 -0.0546
vn -0.3022 -0.8930 -0.3335
vn -0.6617 0.1708 -0.7301
vn -0.0823 0.9925 -0.0908
vn -0.2724 -0.9140 -0.3006
vn -0.6665 0.1223 -0.7354
vn -0.1149 0.9852 -0.1268
vn -0.2419 -0.9328 -0.2669
vn -0.6697 0.0735 -0.7389
vn -0.1473 0.9756 -0.1625
vn -0.2109 -0.9494 -0.2327
vn -0.6714 0.0245 -0.7407
vn -0.1793 0.9637 -0.1978
vn -0.1793 -0.9637 -0.1978
vn -0.6714 -0.0245 -0.7407
vn -0.2109 0.9494 -0.2327
vn -0.1473 -0.9756 -0.1625
vn -0.6697 -0.0735 -0.7389
vn -0.2419 0.9328 -0.2669
vn -0.1150 -0.9852 -0.1268
vn -0.6665 -0.1223 -0.7354
vn -0.2724 0.9140 -0.3006
vn -0.0823 -0.9925 -0.0908
vn -0.6617 -0.1708 -0.7301
vn -0.3022 0.8930 -0.3335
vn -0.0495 -0.9973 -0.0546
vn -0.6553 -0.2189 -0.7230
vn -0.3313 0.8698 -0.3655
vn -0.0165 -0.9997 -0.0182
vn -0.6473 -0.2664 -0.7142
vn -0.3596 0.8446 -0.3967
vn -0.6377 -0.3133 -0.7036
vn -0.3870 0.8173 -0.4270
vn -0.6267 -0.3595 -0.6914
vn -0.4135 0.7880 -0.4562
vn -0.6141 -0.4048 -0.6775
vn -0.4389 0.7568 -0.4843
vn -0.6000 -0.4492 -0.6620
vn -0.4634 0.7238 -0.5112
vn -0.5845 -0.4924 -0.6449
vn -0.4867 0.6891 -0.5369
vn -0.5676 -0.5345 -0.6262
vn -0.5088 0.6527 -0.5613
vn -0.5493 -0.5753 -0.6060
vn -0.5297 0.6148 -0.5844
vn -0.5297 -0.6148 -0.5844
vn -0.5493 0.5753 -0.6060
vn -0.5088 -0.6527 -0.5613
vn -0.5676 0.5345 -0.6262
vn -0.3894 -0.7568 -0.5250
vn -0.5447 0.4048 -0.7344
vn -0.3668 -0.7880 -0.4945
vn -0.5559 0.3595 -0.7495
vn -0.3433 -0.8173 -0.4629
vn -0.5657 0.3133 -0.7628
vn -0.3190 -0.8446 -0.4301
vn -0.5742 0.2664 -0.7742
vn -0.0146 0.9997 -0.0197
vn -0.2939 -0.8698 -0.3963
vn -0.5813 0.2189 -0.7837
vn -0.0439 0.9973 -0.0592
vn -0.2681 -0.8930 -0.3615
vn -0.5870 0.1708 -0.7914
vn -0.0730 0.9925 -0.0984
vn -0.2416 -0.9140 -0.3258
vn -0.5912 0.1223 -0.7972
vn -0.1020 0.9852 -0.1375
vn -0.2146 -0.9328 -0.2894
vn -0.5941 0.0735 -0.8010
vn -0.1307 0.9756 -0.1762
vn -0.1871 -0.9494 -0.2522
vn -0.5955 0.0245 -0.8030
vn -0.1591 0.9637 -0.2145
vn -0.1591 -0.9637 -0.2145
vn -0.5955 -0.0245 -0.8030
vn -0.1871 0.9494 -0.2522
vn -0.1307 -0.9756 -0.1762
vn -0.5941 -0.0735 -0.8010
vn -0.2146 0.9328 -0.2894
vn -0.1020 -0.9852 -0.1375
vn -0.5912 -0.1223 -0.7972
vn -0.2416 0.9140 -0.3258
vn -0.0730 -0.9925 -0.0984
vn -0.5870 -0.1708 -0.7914
vn -0.2681 0.8930 -0.3615
vn -0.0439 -0.9973 -0.0592
vn -0.5813 -0.2189 -0.7837
vn -0.2939 0.8698 -0.3963
vn -0.0146 -0.9997 -0.0197
vn -0.5742 -0.2664 -0.7742
vn -0.3190 0.8446 -0.4301
vn -0.5657 -0.3133 -0.7628
vn -0.3433 0.8173 -0.4629
vn -0.5559 -0.3595 -0.7495
vn -0.3668 0.7880 -0.4945
vn -0.5447 -0.4048 -0.7344
vn -0.3894 0.7568 -0.5250
vn -0.5322 -0.4492 -0.7176
vn -0.4110 0.7238 -0.5542
vn -0.5185 -0.4924 -0.6991
vn -0.4317 0.6891 -0.5821
vn -0.5035 -0.5345 -0.6788
vn -0.4513 0.6527 -0.6085
vn -0.4872 -0.5753 -0.6570
vn -0.4698 0.6148 -0.6335
vn -0.4698 -0.6148 -0.6335
vn -0.4872 0.5753 -0.6570
vn -0.4513 -0.6527 -0.6085
vn -0.5035 0.5345 -0.6788
vn -0.4317 -0.6891 -0.5821
vn -0.5185 0.4924 -0.6991
vn -0.4110 -0.7238 -0.5542
vn -0.5322 0.4492 -0.7176
vn -0.2963 -0.8173 -0.4943
vn -0.4882 0.3133 -0.8145
vn -0.2753 -0.8446 -0.4593
vn -0.4955 0.2664 -0.8267
vn -0.0126 0.9997 -0.0211
vn -0.2536 -0.8698 -0.4232
vn -0.5016 0.2189 -0.8369
vn -0.0379 0.9973 -0.0632
vn -0.2314 -0.8930 -0.3860
vn -0.5066 0.1708 -0.8451
vn -0.0630 0.9925 -0.1051
vn -0.2085 -0.9140 -0.3479
vn -0.5102 0.1223 -0.8513
vn -0.0880 0.9852 -0.1468
vn -0.1852 -0.9328 -0.3090
vn -0.5127 0.0735 -0.8554
vn -0.1128 0.9756 -0.1881
vn -0.1614 -0.9494 -0.2693
vn -0.5139 0.0245 -0.8575
vn -0.1373 0.9637 -0.2290
vn -0.1373 -0.9637 -0.2290
vn -0.5139 -0.0245 -0.8575
vn -0.1614 0.9494 -0.2693
vn -0.1128 -0.9756 -0.1881
vn -0.5127 -0.0735 -0.8554
vn -0.1852 0.9328 -0.3090
vn -0.0880 -0.9852 -0.1468
vn -0.5102 -0.1223 -0.8513
vn -0.2085 0.9140 -0.3479
vn -0.0630 -0.9925 -0.1051
vn -0.5066 -0.1708 -0.8451
vn -0.2314 0.8930 -0.3860
vn -0.0379 -0.9973 -0.0632
vn -0.5016 -0.2189 -0.8369
vn -0.2536 0.8698 -0.4232
vn -0.0126 -0.9997 -0.0211
vn -0.4955 -0.2664 -0.8267
vn -0.2753 0.8446 -0.4593
vn -0.4882 -0.3133 -0.8145
vn -0.2963 0.8173 -0.4943
vn -0.4797 -0.3595 -0.8004
vn -0.3165 0.7880 -0.5281
vn -0.4701 -0.4048 -0.7843
vn -0.3360 0.7568 -0.5606
vn -0.4593 -0.4492 -0.7663
vn -0.3547 0.7238 -0.5918
vn -0.4474 -0.4924 -0.7465
vn -0.3725 0.6891 -0.6216
vn -0.4345 -0.5345 -0.7249
vn -0.3895 0.6527 -0.6498
vn -0.4205 -0.5753 -0.7015
vn -0.4055 0.6148 -0.6765
vn -0.4055 -0.6148 -0.6765
vn -0.4205 0.5753 -0.7015
vn -0.3895 -0.6527 -0.6498
vn -0.4345 0.5345 -0.7249
vn -0.3726 -0.6891 -0.6216
vn -0.4474 0.4924 -0.7465
vn -0.3547 -0.7238 -0.5918
vn -0.4593 0.4492 -0.7663
vn -0.3360 -0.7568 -0.5606
vn -0.4701 0.4048 -0.7843
vn -0.3165 -0.7880 -0.5281
vn -0.4797 0.3595 -0.8004
vn -0.2109 -0.8698 -0.4460
vn -0.4172 0.2189 -0.8821
vn -0.0315 0.9973 -0.0666
vn -0.1924 -0.8930 -0.4068
vn -0.4213 0.1708 -0.8907
vn -0.0524 0.9925 -0.1108
vn -0.1734 -0.9140 -0.3667
vn -0.4243 0.1223 -0.8972
vn -0.0732 0.9852 -0.1547
vn -0.1540 -0.9328 -0.3257
vn -0.4264 0.0735 -0.9015
vn -0.0938 0.9756 -0.1983
vn -0.1343 -0.9494 -0.2839
vn -0.4274 0.0245 -0.9037
vn -0.1142 0.9637 -0.2414
vn -0.1142 -0.9637 -0.2414
vn -0.4274 -0.0245 -0.9037
vn -0.1343 0.9494 -0.2839
vn -0.0938 -0.9756 -0.1983
vn -0.4264 -0.0735 -0.9015
vn -0.1540 0.9328 -0.3257
vn -0.0732 -0.9852 -0.1547
vn -0.4243 -0.1223 -0.8972
vn -0.1734 0.9140 -0.3667
vn -0.0524 -0.9925 -0.1108
vn -0.4213 -0.1708 -0.8907
vn -0.1924 0.8930 -0.4068
vn -0.0315 -0.9973 -0.0666
vn -0.4172 -0.2189 -0.8821
vn -0.2109 0.8698 -0.4460
vn -0.0105 -0.9997 -0.0222
vn -0.4121 -0.2664 -0.8713
vn -0.2289 0.8446 -0.4840
vn -0.4060 -0.3133 -0.8585
vn -0.2464 0.8173 -0.5209
vn -0.3990 -0.3595 -0.8435
vn -0.2632 0.7880 -0.5566
vn -0.3910 -0.4048 -0.8266
vn -0.2795 0.7568 -0.5909
vn -0.3820 -0.4492 -0.8077
vn -0.2950 0.7238 -0.6237
vn -0.3721 -0.4924 -0.7868
vn -0.3098 0.6891 -0.6551
vn -0.3613 -0.5345 -0.7640
vn -0.3239 0.6527 -0.6849
vn -0.3497 -0.5753 -0.7394
vn -0.3372 0.6148 -0.7130
vn -0.3372 -0.6148 -0.7130
vn -0.3497 0.5753 -0.7394
vn -0.3239 -0.6527 -0.6849
vn -0.3613 0.5345 -0.7640
vn -0.3098 -0.6891 -0.6551
vn -0.3721 0.4924 -0.7868
vn -0.2950 -0.7238 -0.6237
vn -0.3820 0.4492 -0.8077
vn -0.2795 -0.7568 -0.5909
vn -0.3910 0.4048 -0.8266
vn -0.2632 -0.7880 -0.5566
vn -0.3990 0.3595 -0.8435
vn -0.2464 -0.8173 -0.5209
vn -0.4060 0.3133 -0.8585
vn -0.2289 -0.8446 -0.4840
vn -0.4121 0.2664 -0.8713
vn -0.0105 0.9997 -0.0222
vn -0.1367 -0.9140 -0.3819
vn -0.3344 0.1223 -0.9345
vn -0.0577 0.9852 -0.1612
vn -0.1214 -0.9328 -0.3392
vn -0.3360 0.0735 -0.9390
vn -0.0739 0.9756 -0.2065
vn -0.1058 -0.9494 -0.2957
vn -0.3368 0.0245 -0.9413
vn -0.0900 0.9637 -0.2514
vn -0.0900 -0.9637 -0.2514
vn -0.3368 -0.0245 -0.9413
vn -0.1058 0.9494 -0.2957
vn -0.0739 -0.9756 -0.2065
vn -0.3360 -0.0735 -0.9390
vn -0.1214 0.9328 -0.3392
vn -0.0577 -0.9852 -0.1612
vn -0.3344 -0.1223 -0.9345
vn -0.1367 0.9140 -0.3819
vn -0.0413 -0.9925 -0.1154
vn -0.3319 -0.1708 -0.9277
vn -0.1516 0.8930 -0.4237
vn -0.0248 -0.9973 -0.0693
vn -0.3287 -0.2189 -0.9187
vn -0.1662 0.8698 -0.4645
vn -0.0083 -0.9997 -0.0231
vn -0.3247 -0.2664 -0.9075
vn -0.1804 0.8446 -0.5042
vn -0.3199 -0.3133 -0.8941
vn -0.1941 0.8173 -0.5426
vn -0.3144 -0.3595 -0.8786
vn -0.2074 0.7880 -0.5797
vn -0.3081 -0.4048 -0.8609
vn -0.2202 0.7568 -0.6154
vn -0.3010 -0.4492 -0.8412
vn -0.2324 0.7238 -0.6496
vn -0.2932 -0.4924 -0.8195
vn -0.2441 0.6891 -0.6823
vn -0.2847 -0.5345 -0.7957
vn -0.2552 0.6527 -0.7133
vn -0.2755 -0.5753 -0.7701
vn -0.2657 0.6148 -0.7426
vn -0.2657 -0.6148 -0.7426
vn -0.2755 0.5753 -0.7701
vn -0.2552 -0.6527 -0.7133
vn -0.2847 0.5345 -0.7957
vn -0.2441 -0.6891 -0.6823
vn -0.2932 0.4924 -0.8195
vn -0.2324 -0.7238 -0.6496
vn -0.3010 0.4492 -0.8412
vn -0.2202 -0.7568 -0.6154
vn -0.3080 0.4048 -0.8609
vn -0.2074 -0.7880 -0.5797
vn -0.3144 0.3595 -0.8786
vn -0.1941 -0.8173 -0.5426
vn -0.3199 0.3133 -0.8941
vn -0.1804 -0.8446 -0.5042
vn -0.3247 0.2664 -0.9075
vn -0.0083 0.9997 -0.0231
vn -0.1662 -0.8698 -0.4645
vn -0.3287 0.2189 -0.9187
vn -0.0248 0.9973 -0.0693
vn -0.1516 -0.8930 -0.4237
vn -0.3319 0.1708 -0.9277
vn -0.0413 0.9925 -0.1154
vn -0.0763 -0.9494 -0.3046
vn -0.2429 0.0245 -0.9697
vn -0.0649 0.9637 -0.2590
vn -0.0649 -0.9637 -0.2590
vn -0.2429 -0.0245 -0.9697
vn -0.0763 0.9494 -0.3046
vn -0.0533 -0.9756 -0.2128
vn -0.2423 -0.0735 -0.9674
vn -0.0875 0.9328 -0.3495
vn -0.0416 -0.9852 -0.1660
vn -0.2412 -0.1223 -0.9628
vn -0.0986 0.9140 -0.3935
vn -0.0298 -0.9925 -0.1189
vn -0.2394 -0.1708 -0.9558
vn -0.1094 0.8930 -0.4366
vn -0.0179 -0.9973 -0.0714
vn -0.2371 -0.2189 -0.9465
vn -0.1199 0.8698 -0.4786
vn -0.0060 -0.9997 -0.0238
vn -0.2342 -0.2664 -0.9350
vn -0.1301 0.8446 -0.5194
vn -0.2307 -0.3133 -0.9212
vn -0.1400 0.8173 -0.5590
vn -0.2267 -0.3595 -0.9052
vn -0.1496 0.7880 -0.5972
vn -0.2222 -0.4048 -0.8870
vn -0.1588 0.7568 -0.6340
vn -0.2171 -0.4492 -0.8667
vn -0.1677 0.7238 -0.6693
vn -0.2115 -0.4924 -0.8443
vn -0.1761 0.6891 -0.7029
vn -0.2054 -0.5345 -0.8198
vn -0.1841 0.6527 -0.7349
vn -0.1987 -0.5753 -0.7934
vn -0.1916 0.6148 -0.7651
vn -0.1916 -0.6148 -0.7651
vn -0.1987 0.5753 -0.7934
vn -0.1841 -0.6527 -0.7349
vn -0.2054 0.5345 -0.8198
vn -0.1761 -0.6891 -0.7029
vn -0.2115 0.4924 -0.8443
vn -0.1677 -0.7238 -0.6693
vn -0.2171 0.4492 -0.8667
vn -0.1588 -0.7568 -0.6340
vn -0.2222 0.4048 -0.8870
vn -0.1496 -0.7880 -0.5972
vn -0.2267 0.3595 -0.9052
vn -0.1400 -0.8173 -0.5590
vn -0.2307 0.3133 -0.9212
vn -0.1301 -0.8446 -0.5194
vn -0.2342 0.2664 -0.9350
vn -0.0060 0.9997 -0.0238
vn -0.1199 -0.8698 -0.4786
vn -0.2371 0.2189 -0.9465
vn -0.0179 0.9973 -0.0714
vn -0.1094 -0.8930 -0.4366
vn -0.2394 0.1708 -0.9558
vn -0.0298 0.9925 -0.1189
vn -0.0986 -0.9140 -0.3935
vn -0.2412 0.1223 -0.9628
vn -0.0416 0.9852 -0.1660
vn -0.0875 -0.9328 -0.3495
vn -0.2423 0.0735 -0.9674
vn -0.0533 0.9756 -0.2128
vn -0.0322 -0.9756 -0.2170
vn -0.1463 -0.0735 -0.9865
vn -0.0529 0.9328 -0.3564
vn -0.0251 -0.9852 -0.1693
vn -0.1456 -0.1223 -0.9818
vn -0.0595 0.9140 -0.4013
vn -0.0180 -0.9925 -0.1212
vn -0.1446 -0.1707 -0.9746
vn -0.0660 0.8930 -0.4452
vn -0.0108 -0.9973 -0.0729
vn -0.1432 -0.2189 -0.9652
vn -0.0724 0.8698 -0.4880
vn -0.0036 -0.9997 -0.0243
vn -0.1414 -0.2664 -0.9534
vn -0.0786 0.8446 -0.5297
vn -0.1393 -0.3133 -0.9394
vn -0.0846 0.8173 -0.5700
vn -0.1369 -0.3595 -0.9230
vn -0.0903 0.7880 -0.6090
vn -0.1342 -0.4048 -0.9045
vn -0.0959 0.7568 -0.6465
vn -0.1311 -0.4492 -0.8838
vn -0.1012 0.7238 -0.6825
vn -0.1277 -0.4924 -0.8609
vn -0.1063 0.6891 -0.7168
vn -0.1240 -0.5345 -0.8360
vn -0.1112 0.6527 -0.7494
vn -0.1200 -0.5753 -0.8091
vn -0.1157 0.6148 -0.7802
vn -0.1157 -0.6148 -0.7802
vn -0.1200 0.5753 -0.8091
vn -0.1112 -0.6527 -0.7494
vn -0.1240 0.5345 -0.8360
vn -0.1063 -0.6891 -0.7168
vn -0.1277 0.4924 -0.8609
vn -0.1012 -0.7238 -0.6825
vn -0.1311 0.4492 -0.8838
vn -0.0959 -0.7568 -0.6466
vn -0.1342 0.4048 -0.9045
vn -0.0903 -0.7880 -0.6090
vn -0.1369 0.3595 -0.9230
vn -0.0846 -0.8173 -0.5700
vn -0.1393 0.3133 -0.9394
vn -0.0786 -0.8446 -0.5297
vn -0.1414 0.2664 -0.9534
vn -0.0036 0.9997 -0.0243
vn -0.0724 -0.8698 -0.4880
vn -0.1432 0.2189 -0.9652
vn -0.0108 0.9973 -0.0729
vn -0.0660 -0.8930 -0.4452
vn -0.1446 0.1708 -0.9746
vn -0.0180 0.9925 -0.1212
vn -0.0595 -0.9140 -0.4013
vn -0.1456 0.1223 -0.9818
vn -0.0251 0.9852 -0.1693
vn -0.0529 -0.9328 -0.3564
vn -0.1463 0.0735 -0.9865
vn -0.0322 0.9756 -0.2170
vn -0.0461 -0.9494 -0.3106
vn -0.1467 0.0245 -0.9889
vn -0.0392 0.9637 -0.2641
vn -0.0392 -0.9637 -0.2641
vn -0.1467 -0.0245 -0.9889
vn -0.0461 0.9494 -0.3106
vn -0.0060 -0.9925 -0.1224
vn -0.0483 -0.1708 -0.9841
vn -0.0221 0.8930 -0.4495
vn -0.0036 -0.9973 -0.0736
vn -0.0479 -0.2189 -0.9746
vn -0.0242 0.8698 -0.4928
vn -0.0012 -0.9997 -0.0245
vn -0.0473 -0.2664 -0.9627
vn -0.0263 0.8446 -0.5348
vn -0.0466 -0.3133 -0.9485
vn -0.0283 0.8173 -0.5756
vn -0.0458 -0.3595 -0.9320
vn -0.0302 0.7880 -0.6150
vn -0.0449 -0.4048 -0.9133
vn -0.0321 0.7568 -0.6528
vn -0.0438 -0.4492 -0.8924
vn -0.0339 0.7238 -0.6891
vn -0.0427 -0.4924 -0.8693
vn -0.0356 0.6891 -0.7238
vn -0.0415 -0.5345 -0.8441
vn -0.0372 0.6527 -0.7567
vn -0.0401 -0.5754 -0.8169
vn -0.0387 0.6148 -0.7878
vn -0.0387 -0.6148 -0.7878
vn -0.0401 0.5753 -0.8169
vn -0.0372 -0.6527 -0.7567
vn -0.0415 0.5345 -0.8441
vn -0.0356 -0.6891 -0.7238
vn -0.0427 0.4925 -0.8693
vn -0.0339 -0.7238 -0.6891
vn -0.0438 0.4492 -0.8924
vn -0.0321 -0.7568 -0.6528
vn -0.0449 0.4048 -0.9133
vn -0.0302 -0.7880 -0.6149
vn -0.0458 0.3595 -0.9320
vn -0.0283 -0.8173 -0.5756
vn -0.0466 0.3133 -0.9485
vn -0.0263 -0.8446 -0.5348
vn -0.0473 0.2664 -0.9627
vn -0.0012 0.9997 -0.0245
vn -0.0242 -0.8698 -0.4928
vn -0.0479 0.2189 -0.9746
vn -0.0036 0.9973 -0.0736
vn -0.0221 -0.8930 -0.4495
vn -0.0483 0.1708 -0.9841
vn -0.0060 0.9925 -0.1224
vn -0.0199 -0.9140 -0.4052
vn -0.0487 0.1223 -0.9913
vn -0.0084 0.9852 -0.1710
vn -0.0177 -0.9328 -0.3598
vn -0.0489 0.0735 -0.9961
vn -0.0108 0.9756 -0.2191
vn -0.0154 -0.9494 -0.3136
vn -0.0491 0.0245 -0.9985
vn -0.0131 0.9637 -0.2667
vn -0.0131 -0.9637 -0.2667
vn -0.0491 -0.0245 -0.9985
vn -0.0154 0.9494 -0.3136
vn -0.0108 -0.9756 -0.2191
vn -0.0489 -0.0735 -0.9961
vn -0.0177 0.9328 -0.3598
vn -0.0084 -0.9852 -0.1710
vn -0.0487 -0.1223 -0.9913
vn -0.0199 0.9140 -0.4052
vn 0.0012 -0.9997 -0.0245
vn 0.0473 -0.2664 -0.9627
vn 0.0263 0.8446 -0.5348
vn 0.0466 -0.3133 -0.9485
vn 0.0283 0.8173 -0.5756
vn 0.0458 -0.3595 -0.9320
vn 0.0302 0.7880 -0.6149
vn 0.0449 -0.4048 -0.9133
vn 0.0321 0.7568 -0.6528
vn 0.0438 -0.4492 -0.8924
vn 0.0339 0.7238 -0.6891
vn 0.0427 -0.4924 -0.8693
vn 0.0356 0.6891 -0.7238
vn 0.0415 -0.5345 -0.8441
vn 0.0372 0.6527 -0.7567
vn 0.0401 -0.5753 -0.8169
vn 0.0387 0.6148 -0.7878
vn 0.0387 -0.6148 -0.7878
vn 0.0401 0.5753 -0.8169
vn 0.0372 -0.6527 -0.7567
vn 0.0415 0.5345 -0.8441
vn 0.0356 -0.6891 -0.7238
vn 0.0427 0.4924 -0.8693
vn 0.0339 -0.7238 -0.6891
vn 0.0438 0.4492 -0.8924
vn 0.0321 -0.7568 -0.6528
vn 0.0449 0.4048 -0.9133
vn 0.0302 -0.7880 -0.6150
vn 0.0458 0.3595 -0.9320
vn 0.0283 -0.8173 -0.5756
vn 0.0466 0.3133 -0.9485
vn 0.0263 -0.8446 -0.5348
vn 0.0473 0.2664 -0.9627
vn 0.0012 0.9997 -0.0245
vn 0.0242 -0.8698 -0.4928
vn 0.0479 0.2189 -0.9746
vn 0.0036 0.9973 -0.0736
vn 0.0221 -0.8930 -0.4495
vn 0.0483 0.1708 -0.9841
vn 0.0060 0.9925 -0.1224
vn 0.0199 -0.9140 -0.4052
vn 0.0487 0.1223 -0.9913
vn 0.0084 0.9852 -0.1710
vn 0.0177 -0.9328 -0.3598
vn 0.0489 0.0735 -0.9961
vn 0.0108 0.9756 -0.2191
vn 0.0154 -0.9494 -0.3136
vn 0.0491 0.0245 -0.9985
vn 0.0131 0.9637 -0.2667
vn 0.0131 -0.9637 -0.2667
vn 0.0491 -0.0245 -0.9985
vn 0.0154 0.9494 -0.3136
vn 0.0108 -0.9756 -0.2191
vn 0.0489 -0.0735 -0.9961
vn 0.0177 0.9328 -0.3598
vn 0.0084 -0.9852 -0.1710
vn 0.0487 -0.1223 -0.9913
vn 0.0199 0.9140 -0.4052
vn 0.0060 -0.9925 -0.1224
vn 0.0483 -0.1707 -0.9841
vn 0.0221 0.8930 -0.4495
vn 0.0036 -0.9973 -0.0736
vn 0.0479 -0.2189 -0.9746
vn 0.0242 0.8698 -0.4928
vn 0.1369 -0.3595 -0.9230
vn 0.0903 0.7880 -0.6090
vn 0.1342 -0.4048 -0.9045
vn 0.0959 0.7568 -0.6465
vn 0.1311 -0.4492 -0.8838
vn 0.1012 0.7238 -0.6825
vn 0.1277 -0.4924 -0.8609
vn 0.1063 0.6891 -0.7168
vn 0.1240 -0.5345 -0.8360
vn 0.1112 0.6527 -0.7494
vn 0.1200 -0.5754 -0.8091
vn 0.1157 0.6148 -0.7802
vn 0.1157 -0.6148 -0.7802
vn 0.1200 0.5753 -0.8091
vn 0.1112 -0.6527 -0.7494
vn 0.1240 0.5345 -0.8360
vn 0.1063 -0.6891 -0.7168
vn 0.1277 0.4924 -0.8609
vn 0.1012 -0.7238 -0.6825
vn 0.1311 0.4492 -0.8838
vn 0.0959 -0.7568 -0.6466
vn 0.1342 0.4048 -0.9045
vn 0.0903 -0.7880 -0.6090
vn 0.1369 0.3595 -0.9230
vn 0.0846 -0.8173 -0.5700
vn 0.1393 0.3133 -0.9394
vn 0.0786 -0.8446 -0.5297
vn 0.1414 0.2664 -0.9534
vn 0.0036 0.9997 -0.0243
vn 0.0724 -0.8698 -0.4880
vn 0.1432 0.2189 -0.9652
vn 0.0108 0.9973 -0.0729
vn 0.0660 -0.8930 -0.4452
vn 0.1446 0.1708 -0.9746
vn 0.0180 0.9925 -0.1212
vn 0.0595 -0.9140 -0.4013
vn 0.1456 0.1223 -0.9818
vn 0.0251 0.9852 -0.1693
vn 0.0529 -0.9328 -0.3564
vn 0.1463 0.0735 -0.9865
vn 0.0322 0.9756 -0.2170
vn 0.0461 -0.9494 -0.3106
vn 0.1467 0.0245 -0.9889
vn 0.0392 0.9637 -0.2641
vn 0.0392 -0.9637 -0.2641
vn 0.1467 -0.0245 -0.9889
vn 0.0461 0.9494 -0.3106
vn 0.0322 -0.9756 -0.2170
vn 0.1463 -0.0735 -0.9865
vn 0.0529 0.9328 -0.3564
vn 0.0251 -0.9852 -0.1693
vn 0.1456 -0.1223 -0.9818
vn 0.0595 0.9140 -0.4013
vn 0.0180 -0.9925 -0.1212
vn 0.1446 -0.1708 -0.9746
vn 0.0660 0.8930 -0.4452
vn 0.0108 -0.9973 -0.0729
vn 0.1432 -0.2189 -0.9652
vn 0.0724 0.8698 -0.4880
vn 0.0036 -0.9997 -0.0243
vn 0.1414 -0.2664 -0.9534
vn 0.0786 0.8446 -0.5297
vn 0.1393 -0.3133 -0.9394
vn 0.0846 0.8173 -0.5700
vn 0.2171 -0.4492 -0.8667
vn 0.1677 0.7238 -0.6693
vn 0.2115 -0.4924 -0.8443
vn 0.1761 0.6891 -0.7029
vn 0.2054 -0.5345 -0.8198
vn 0.1841 0.6527 -0.7349
vn 0.1987 -0.5753 -0.7934
vn 0.1916 0.6148 -0.7651
vn 0.1916 -0.6148 -0.7651
vn 0.1987 0.5754 -0.7934
vn 0.1841 -0.6527 -0.7349
vn 0.2054 0.5345 -0.8198
vn 0.1761 -0.6891 -0.7029
vn 0.2115 0.4924 -0.8443
vn 0.1677 -0.7238 -0.6693
vn 0.2171 0.4492 -0.8667
vn 0.1588 -0.7568 -0.6340
vn 0.2222 0.4048 -0.8870
vn 0.1496 -0.7880 -0.5972
vn 0.2267 0.3595 -0.9052
vn 0.1400 -0.8173 -0.5590
vn 0.2307 0.3133 -0.9212
vn 0.1301 -0.8446 -0.5194
vn 0.2342 0.2664 -0.9350
vn 0.0060 0.9997 -0.0238
vn 0.1199 -0.8698 -0.4786
vn 0.2371 0.2189 -0.9465
vn 0.0179 0.9973 -0.0714
vn 0.1093 -0.8930 -0.4366
vn 0.2394 0.1708 -0.9558
vn 0.0298 0.9925 -0.1189
vn 0.0986 -0.9140 -0.3935
vn 0.2412 0.1223 -0.9628
vn 0.0416 0.9852 -0.1660
vn 0.0875 -0.9328 -0.3495
vn 0.2423 0.0735 -0.9674
vn 0.0533 0.9756 -0.2128
vn 0.0763 -0.9494 -0.3046
vn 0.2429 0.0245 -0.9697
vn 0.0649 0.9637 -0.2590
vn 0.0649 -0.9637 -0.2590
vn 0.2429 -0.0245 -0.9697
vn 0.0763 0.9494 -0.3046
vn 0.0533 -0.9756 -0.2128
vn 0.2423 -0.0735 -0.9674
vn 0.0875 0.9328 -0.3495
vn 0.0416 -0.9852 -0.1660
vn 0.2412 -0.1223 -0.9628
vn 0.0986 0.9140 -0.3935
vn 0.0298 -0.9925 -0.1189
vn 0.2394 -0.1708 -0.9558
vn 0.1094 0.8930 -0.4366
vn 0.0179 -0.9973 -0.0714
vn 0.2371 -0.2189 -0.9465
vn 0.1199 0.8698 -0.4786
vn 0.0060 -0.9997 -0.0238
vn 0.2342 -0.2664 -0.9350
vn 0.1301 0.8446 -0.5194
vn 0.2307 -0.3133 -0.9212
vn 0.1400 0.8173 -0.5590
vn 0.2267 -0.3595 -0.9052
vn 0.1496 0.7880 -0.5972
vn 0.2222 -0.4048 -0.8870
vn 0.1588 0.7568 -0.6340
vn 0.2847 -0.5345 -0.7957
vn 0.2552 0.6527 -0.7133
vn 0.2755 -0.5753 -0.7701
vn 0.2657 0.6148 -0.7426
vn 0.2657 -0.6148 -0.7426
vn 0.2755 0.5754 -0.7701
vn 0.2552 -0.6527 -0.7133
vn 0.2847 0.5345 -0.7957
vn 0.2441 -0.6891 -0.6823
vn 0.2932 0.4924 -0.8195
vn 0.2324 -0.7238 -0.6496
vn 0.3010 0.4492 -0.8412
vn 0.2202 -0.7568 -0.6154
vn 0.3081 0.4048 -0.8609
vn 0.2074 -0.7880 -0.5797
vn 0.3144 0.3595 -0.8786
vn 0.1941 -0.8173 -0.5426
vn 0.3199 0.3133 -0.8941
vn 0.1804 -0.8446 -0.5041
vn 0.3247 0.2664 -0.9075
vn 0.0083 0.9997 -0.0231
vn 0.1662 -0.8698 -0.4645
vn 0.3287 0.2189 -0.9187
vn 0.0248 0.9973 -0.0693
vn 0.1516 -0.8930 -0.4237
vn 0.3319 0.1708 -0.9277
vn 0.0413 0.9925 -0.1154
vn 0.1367 -0.9140 -0.3819
vn 0.3344 0.1223 -0.9345
vn 0.0577 0.9852 -0.1612
vn 0.1214 -0.9328 -0.3392
vn 0.3360 0.0735 -0.9390
vn 0.0739 0.9756 -0.2065
vn 0.1058 -0.9494 -0.2957
vn 0.3368 0.0245 -0.9413
vn 0.0900 0.9637 -0.2514
vn 0.0900 -0.9637 -0.2514
vn 0.3368 -0.0245 -0.9413
vn 0.1058 0.9494 -0.2957
vn 0.0739 -0.9756 -0.2065
vn 0.3360 -0.0735 -0.9390
vn 0.1214 0.9328 -0.3392
vn 0.0577 -0.9852 -0.1612
vn 0.3344 -0.1223 -0.9345
vn 0.1367 0.9140 -0.3819
vn 0.0413 -0.9925 -0.1154
vn 0.3319 -0.1707 -0.9277
vn 0.1516 0.8930 -0.4237
vn 0.0248 -0.9973 -0.0693
vn 0.3287 -0.2189 -0.9187
vn 0.1662 0.8698 -0.4645
vn 0.0083 -0.9997 -0.0231
vn 0.3247 -0.2664 -0.9075
vn 0.1804 0.8446 -0.5042
vn 0.3199 -0.3133 -0.8941
vn 0.1941 0.8173 -0.5426
vn 0.3144 -0.3595 -0.8786
vn 0.2074 0.7880 -0.5797
vn 0.3080 -0.4048 -0.8609
vn 0.2202 0.7568 -0.6154
vn 0.3010 -0.4492 -0.8412
vn 0.2324 0.7238 -0.6496
vn 0.2932 -0.4924 -0.8195
vn 0.2441 0.6891 -0.6823
vn 0.3372 -0.6148 -0.7130
vn 0.3497 0.5753 -0.7394
vn 0.3239 -0.6527 -0.6849
vn 0.3613 0.5345 -0.7640
vn 0.3098 -0.6891 -0.6551
vn 0.3721 0.4924 -0.7868
vn 0.2950 -0.7238 -0.6237
vn 0.3820 0.4492 -0.8077
vn 0.2795 -0.7568 -0.5909
vn 0.3910 0.4048 -0.8266
vn 0.2632 -0.7880 -0.5566
vn 0.3990 0.3595 -0.8435
vn 0.2464 -0.8173 -0.5209
vn 0.4060 0.3133 -0.8585
vn 0.2289 -0.8446 -0.4840
vn 0.4121 0.2664 -0.8713
vn 0.0105 0.9997 -0.0222
vn 0.2109 -0.8698 -0.4460
vn 0.4172 0.2189 -0.8821
vn 0.0315 0.9973 -0.0666
vn 0.1924 -0.8930 -0.4068
vn 0.4213 0.1708 -0.8907
vn 0.0524 0.9925 -0.1108
vn 0.1734 -0.9140 -0.3667
vn 0.4243 0.1223 -0.8972
vn 0.0732 0.9852 -0.1547
vn 0.1540 -0.9328 -0.3257
vn 0.4264 0.0735 -0.9015
vn 0.0938 0.9756 -0.1983
vn 0.1343 -0.9494 -0.2839
vn 0.4274 0.0245 -0.9037
vn 0.1142 0.9637 -0.2414
vn 0.1142 -0.9637 -0.2414
vn 0.4274 -0.0245 -0.9037
vn 0.1343 0.9494 -0.2839
vn 0.0938 -0.9756 -0.1983
vn 0.4264 -0.0735 -0.9015
vn 0.1540 0.9328 -0.3257
vn 0.0732 -0.9852 -0.1547
vn 0.4243 -0.1223 -0.8972
vn 0.1734 0.9140 -0.3667
vn 0.0524 -0.9925 -0.1108
vn 0.4213 -0.1708 -0.8907
vn 0.1924 0.8930 -0.4068
vn 0.0315 -0.9973 -0.0666
vn 0.4172 -0.2189 -0.8821
vn 0.2109 0.8698 -0.4460
vn 0.0105 -0.9997 -0.0222
vn 0.4121 -0.2664 -0.8713
vn 0.2289 0.8446 -0.4840
vn 0.4060 -0.3133 -0.8585
vn 0.2464 0.8173 -0.5209
vn 0.3990 -0.3595 -0.8435
vn 0.2632 0.7880 -0.5566
vn 0.3910 -0.4048 -0.8266
vn 0.2795 0.7568 -0.5909
vn 0.3820 -0.4492 -0.8077
vn 0.2950 0.7238 -0.6237
vn 0.3721 -0.4924 -0.7868
vn 0.3098 0.6891 -0.6551
vn 0.3613 -0.5345 -0.7640
vn 0.3239 0.6527 -0.6849
vn 0.3497 -0.5753 -0.7394
vn 0.3372 0.6148 -0.7130
vn 0.3726 -0.6891 -0.6216
vn 0.4474 0.4924 -0.7465
vn 0.3547 -0.7238 -0.5918
vn 0.4593 0.4492 -0.7663
vn 0.3360 -0.7568 -0.5606
vn 0.4701 0.4048 -0.7843
vn 0.3165 -0.7880 -0.5281
vn 0.4797 0.3595 -0.8004
vn 0.2963 -0.8173 -0.4943
vn 0.4882 0.3133 -0.8145
vn 0.2753 -0.8446 -0.4593
vn 0.4955 0.2664 -0.8267
vn 0.0126 0.9997 -0.0211
vn 0.2536 -0.8698 -0.4232
vn 0.5016 0.2189 -0.8369
vn 0.0379 0.9973 -0.0632
vn 0.2314 -0.8930 -0.3860
vn 0.5066 0.1707 -0.8451
vn 0.0630 0.9925 -0.1051
vn 0.2085 -0.9140 -0.3479
vn 0.5102 0.1223 -0.8513
vn 0.0880 0.9852 -0.1468
vn 0.1852 -0.9328 -0.3090
vn 0.5127 0.0735 -0.8554
vn 0.1128 0.9756 -0.1881
vn 0.1614 -0.9494 -0.2693
vn 0.5139 0.0245 -0.8575
vn 0.1373 0.9637 -0.2290
vn 0.1373 -0.9637 -0.2290
vn 0.5139 -0.0245 -0.8575
vn 0.1614 0.9494 -0.2693
vn 0.1128 -0.9756 -0.1881
vn 0.5127 -0.0735 -0.8554
vn 0.1852 0.9328 -0.3090
vn 0.0880 -0.9852 -0.1468
vn 0.5102 -0.1223 -0.8513
vn 0.2085 0.9140 -0.3479
vn 0.0630 -0.9925 -0.1051
vn 0.5066 -0.1707 -0.8451
vn 0.2314 0.8930 -0.3860
vn 0.0379 -0.9973 -0.0632
vn 0.5016 -0.2189 -0.8369
vn 0.2536 0.8698 -0.4232
vn 0.0126 -0.9997 -0.0211
vn 0.4955 -0.2664 -0.8267
vn 0.2753 0.8446 -0.4593
vn 0.4882 -0.3133 -0.8145
vn 0.2963 0.8173 -0.4943
vn 0.4797 -0.3595 -0.8004
vn 0.3165 0.7880 -0.5281
vn 0.4701 -0.4048 -0.7843
vn 0.3360 0.7568 -0.5606
vn 0.4593 -0.4492 -0.7663
vn 0.3547 0.7238 -0.5918
vn 0.4474 -0.4924 -0.7465
vn 0.3726 0.6891 -0.6216
vn 0.4345 -0.5345 -0.7249
vn 0.3895 0.6527 -0.6498
vn 0.4205 -0.5753 -0.7015
vn 0.4055 0.6148 -0.6765
vn 0.4055 -0.6148 -0.6765
vn 0.4205 0.5754 -0.7015
vn 0.3895 -0.6527 -0.6498
vn 0.4345 0.5345 -0.7249
vn 0.3894 -0.7568 -0.5250
vn 0.5447 0.4048 -0.7344
vn 0.3668 -0.7880 -0.4945
vn 0.5559 0.3595 -0.7495
vn 0.3433 -0.8173 -0.4629
vn 0.5657 0.3133 -0.7628
vn 0.3190 -0.8446 -0.4301
vn 0.5742 0.2664 -0.7742
vn 0.0146 0.9997 -0.0197
vn 0.2939 -0.8698 -0.3963
vn 0.5813 0.2189 -0.7837
vn 0.0439 0.9973 -0.0592
vn 0.2681 -0.8930 -0.3615
vn 0.5870 0.1707 -0.7914
vn 0.0730 0.9925 -0.0984
vn 0.2416 -0.9140 -0.3258
vn 0.5912 0.1223 -0.7972
vn 0.1020 0.9852 -0.1375
vn 0.2146 -0.9328 -0.2894
vn 0.5941 0.0735 -0.8010
vn 0.1307 0.9756 -0.1762
vn 0.1871 -0.9494 -0.2522
vn 0.5955 0.0245 -0.8030
vn 0.1591 0.9637 -0.2145
vn 0.1591 -0.9637 -0.2145
vn 0.5955 -0.0245 -0.8030
vn 0.1871 0.9494 -0.2522
vn 0.1307 -0.9756 -0.1762
vn 0.5941 -0.0735 -0.8010
vn 0.2146 0.9328 -0.2894
vn 0.1020 -0.9852 -0.1375
vn 0.5912 -0.1223 -0.7972
vn 0.2416 0.9140 -0.3258
vn 0.0730 -0.9925 -0.0984
vn 0.5870 -0.1707 -0.7914
vn 0.2681 0.8930 -0.3615
vn 0.0439 -0.9973 -0.0592
vn 0.5813 -0.2189 -0.7837
vn 0.2939 0.8698 -0.3963
vn 0.0146 -0.9997 -0.0197
vn 0.5742 -0.2664 -0.7742
vn 0.3190 0.8446 -0.4301
vn 0.5657 -0.3133 -0.7628
vn 0.3433 0.8173 -0.4629
vn 0.5559 -0.3595 -0.7495
vn 0.3668 0.7880 -0.4945
vn 0.5447 -0.4048 -0.7344
vn 0.3894 0.7568 -0.5250
vn 0.5322 -0.4492 -0.7176
vn 0.4110 0.7238 -0.5542
vn 0.5185 -0.4924 -0.6991
vn 0.4317 0.6891 -0.5821
vn 0.5035 -0.5345 -0.6788
vn 0.4513 0.6527 -0.6085
vn 0.4872 -0.5753 -0.6569
vn 0.4698 0.6148 -0.6335
vn 0.4698 -0.6148 -0.6335
vn 0.4872 0.5754 -0.6569
vn 0.4513 -0.6527 -0.6085
vn 0.5035 0.5345 -0.6788
vn 0.4317 -0.6891 -0.5821
vn 0.5185 0.4924 -0.6991
vn 0.4110 -0.7238 -0.5542
vn 0.5322 0.4492 -0.7176
vn 0.1149 -0.9852 -0.1268
vn 0.6665 -0.1223 -0.7354
vn 0.2724 0.9140 -0.3006
vn 0.0823 -0.9925 -0.0908
vn 0.6617 -0.1707 -0.7301
vn 0.3022 0.8930 -0.3335
vn 0.0495 -0.9973 -0.0546
vn 0.6553 -0.2189 -0.7230
vn 0.3313 0.8698 -0.3655
vn 0.0165 -0.9997 -0.0182
vn 0.6473 -0.2664 -0.7142
vn 0.3596 0.8446 -0.3967
vn 0.6377 -0.3133 -0.7036
vn 0.3870 0.8173 -0.4270
vn 0.6267 -0.3595 -0.6914
vn 0.4135 0.7880 -0.4562
vn 0.6141 -0.4048 -0.6775
vn 0.4389 0.7568 -0.4843
vn 0.6000 -0.4492 -0.6620
vn 0.4634 0.7238 -0.5112
vn 0.5845 -0.4924 -0.6449
vn 0.4867 0.6891 -0.5369
vn 0.5676 -0.5345 -0.6262
vn 0.5088 0.6527 -0.5613
vn 0.5493 -0.5754 -0.6060
vn 0.5297 0.6148 -0.5844
vn 0.5297 -0.6148 -0.5844
vn 0.5493 0.5754 -0.6060
vn 0.5088 -0.6527 -0.5613
vn 0.5676 0.5345 -0.6262
vn 0.4867 -0.6891 -0.5369
vn 0.5845 0.4924 -0.6449
vn 0.4634 -0.7238 -0.5112
vn 0.6000 0.4492 -0.6620
vn 0.4389 -0.7568 -0.4843
vn 0.6141 0.4048 -0.6775
vn 0.4135 -0.7880 -0.4562
vn 0.6267 0.3595 -0.6914
vn 0.3870 -0.8173 -0.4270
vn 0.6377 0.3133 -0.7036
vn 0.3596 -0.8446 -0.3967
vn 0.6473 0.2664 -0.7142
vn 0.0165 0.9997 -0.0182
vn 0.3313 -0.8698 -0.3655
vn 0.6553 0.2189 -0.7230
vn 0.0495 0.9973 -0.0546
vn 0.3022 -0.8930 -0.3335
vn 0.6617 0.1707 -0.7301
vn 0.0823 0.9925 -0.0908
vn 0.2724 -0.9140 -0.3006
vn 0.6665 0.1223 -0.7354
vn 0.1149 0.9852 -0.1268
vn 0.2419 -0.9328 -0.2669
vn 0.6697 0.0735 -0.7389
vn 0.1473 0.9756 -0.1625
vn 0.2109 -0.9494 -0.2327
vn 0.6714 0.0245 -0.7407
vn 0.1793 0.9637 -0.1978
vn 0.1793 -0.9637 -0.1978
vn 0.6714 -0.0245 -0.7407
vn 0.2109 0.9494 -0.2327
vn 0.1473 -0.9756 -0.1625
vn 0.6697 -0.0735 -0.7389
vn 0.2419 0.9328 -0.2669
vn 0.0546 -0.9973 -0.0495
vn 0.7230 -0.2189 -0.6553
vn 0.3655 0.8698 -0.3313
vn 0.0182 -0.9997 -0.0165
vn 0.7142 -0.2664 -0.6473
vn 0.3967 0.8446 -0.3596
vn 0.7036 -0.3133 -0.6377
vn 0.4270 0.8173 -0.3870
vn 0.6914 -0.3595 -0.6267
vn 0.4562 0.7880 -0.4135
vn 0.6775 -0.4048 -0.6141
vn 0.4843 0.7568 -0.4389
vn 0.6620 -0.4492 -0.6000
vn 0.5112 0.7238 -0.4634
vn 0.6449 -0.4924 -0.5845
vn 0.5369 0.6891 -0.4867
vn 0.6262 -0.5345 -0.5676
vn 0.5613 0.6527 -0.5088
vn 0.6060 -0.5754 -0.5493
vn 0.5844 0.6148 -0.5297
vn 0.5844 -0.6148 -0.5297
vn 0.6060 0.5753 -0.5493
vn 0.5613 -0.6527 -0.5088
vn 0.6262 0.5345 -0.5676
vn 0.5369 -0.6891 -0.4867
vn 0.6449 0.4924 -0.5845
vn 0.5112 -0.7238 -0.4634
vn 0.6620 0.4492 -0.6000
vn 0.4843 -0.7568 -0.4389
vn 0.6775 0.4048 -0.6141
vn 0.4562 -0.7880 -0.4135
vn 0.6914 0.3595 -0.6267
vn 0.4270 -0.8173 -0.3870
vn 0.7036 0.3133 -0.6377
vn 0.3967 -0.8446 -0.3596
vn 0.7142 0.2664 -0.6473
vn 0.0182 0.9997 -0.0165
vn 0.3655 -0.8698 -0.3313
vn 0.7230 0.2189 -0.6553
vn 0.0546 0.9973 -0.0495
vn 0.3335 -0.8930 -0.3022
vn 0.7301 0.1707 -0.6617
vn 0.0908 0.9925 -0.0823
vn 0.3006 -0.9140 -0.2724
vn 0.7354 0.1223 -0.6665
vn 0.1268 0.9852 -0.1149
vn 0.2669 -0.9328 -0.2419
vn 0.7389 0.0735 -0.6697
vn 0.1625 0.9756 -0.1473
vn 0.2327 -0.9494 -0.2109
vn 0.7407 0.0245 -0.6714
vn 0.1978 0.9637 -0.1793
vn 0.1978 -0.9637 -0.1793
vn 0.7407 -0.0245 -0.6714
vn 0.2327 0.9494 -0.2109
vn 0.1625 -0.9756 -0.1473
vn 0.7389 -0.0735 -0.6697
vn 0.2669 0.9328 -0.2419
vn 0.1268 -0.9852 -0.1149
vn 0.7354 -0.1223 -0.6665
vn 0.3006 0.9140 -0.2724
vn 0.0908 -0.9925 -0.0823
vn 0.7301 -0.1707 -0.6617
vn 0.3335 0.8930 -0.3022
vn 0.7628 -0.3133 -0.5657
vn 0.4629 0.8173 -0.3433
vn 0.7495 -0.3595 -0.5559
vn 0.4945 0.7880 -0.3668
vn 0.7344 -0.4048 -0.5447
vn 0.5250 0.7568 -0.3894
vn 0.7176 -0.4492 -0.5322
vn 0.5542 0.7238 -0.4110
vn 0.6991 -0.4924 -0.5185
vn 0.5821 0.6891 -0.4317
vn 0.6788 -0.5345 -0.5035
vn 0.6085 0.6527 -0.4513
vn 0.6569 -0.5754 -0.4872
vn 0.6335 0.6148 -0.4698
vn 0.6335 -0.6148 -0.4698
vn 0.6569 0.5754 -0.4872
vn 0.6085 -0.6527 -0.4513
vn 0.6788 0.5345 -0.5035
vn 0.5821 -0.6891 -0.4317
vn 0.6991 0.4924 -0.5185
vn 0.5542 -0.7238 -0.4110
vn 0.7176 0.4492 -0.5322
vn 0.5250 -0.7568 -0.3894
vn 0.7344 0.4048 -0.5447
vn 0.4945 -0.7880 -0.3668
vn 0.7495 0.3595 -0.5559
vn 0.4629 -0.8173 -0.3433
vn 0.7628 0.3133 -0.5657
vn 0.4301 -0.8446 -0.3190
vn 0.7742 0.2664 -0.5742
vn 0.0197 0.9997 -0.0146
vn 0.3963 -0.8698 -0.2939
vn 0.7837 0.2189 -0.5813
vn 0.0592 0.9973 -0.0439
vn 0.3615 -0.8930 -0.2681
vn 0.7914 0.1707 -0.5870
vn 0.0984 0.9925 -0.0730
vn 0.3258 -0.9140 -0.2416
vn 0.7972 0.1223 -0.5912
vn 0.1375 0.9852 -0.1020
vn 0.2894 -0.9328 -0.2146
vn 0.8010 0.0735 -0.5941
vn 0.1762 0.9756 -0.1307
vn 0.2522 -0.9494 -0.1871
vn 0.8030 0.0245 -0.5955
vn 0.2145 0.9637 -0.1591
vn 0.2145 -0.9637 -0.1591
vn 0.8030 -0.0245 -0.5955
vn 0.2522 0.9494 -0.1871
vn 0.1762 -0.9756 -0.1307
vn 0.8010 -0.0735 -0.5941
vn 0.2894 0.9328 -0.2146
vn 0.1375 -0.9852 -0.1020
vn 0.7972 -0.1223 -0.5912
vn 0.3258 0.9140 -0.2416
vn 0.0984 -0.9925 -0.0730
vn 0.7914 -0.1707 -0.5870
vn 0.3615 0.8930 -0.2681
vn 0.0592 -0.9973 -0.0439
vn 0.7837 -0.2189 -0.5813
vn 0.3963 0.8698 -0.2939
vn 0.0197 -0.9997 -0.0146
vn 0.7742 -0.2664 -0.5742
vn 0.4301 0.8446 -0.3190
vn 0.7843 -0.4048 -0.4701
vn 0.5606 0.7568 -0.3360
vn 0.7663 -0.4492 -0.4593
vn 0.5918 0.7238 -0.3547
vn 0.7465 -0.4924 -0.4474
vn 0.6216 0.6891 -0.3726
vn 0.7249 -0.5345 -0.4345
vn 0.6498 0.6527 -0.3895
vn 0.7015 -0.5754 -0.4205
vn 0.6765 0.6148 -0.4055
vn 0.6765 -0.6148 -0.4055
vn 0.7015 0.5754 -0.4205
vn 0.6498 -0.6527 -0.3895
vn 0.7249 0.5345 -0.4345
vn 0.6216 -0.6891 -0.3725
vn 0.7465 0.4924 -0.4474
vn 0.5918 -0.7238 -0.3547
vn 0.7663 0.4492 -0.4593
vn 0.5606 -0.7568 -0.3360
vn 0.7843 0.4048 -0.4701
vn 0.5281 -0.7880 -0.3165
vn 0.8004 0.3595 -0.4797
vn 0.4943 -0.8173 -0.2963
vn 0.8145 0.3133 -0.4882
vn 0.4593 -0.8446 -0.2753
vn 0.8267 0.2664 -0.4955
vn 0.0211 0.9997 -0.0126
vn 0.4232 -0.8698 -0.2536
vn 0.8369 0.2189 -0.5016
vn 0.0632 0.9973 -0.0379
vn 0.3860 -0.8930 -0.2314
vn 0.8451 0.1707 -0.5066
vn 0.1051 0.9925 -0.0630
vn 0.3479 -0.9140 -0.2085
vn 0.8513 0.1223 -0.5102
vn 0.1468 0.9852 -0.0880
vn 0.3090 -0.9328 -0.1852
vn 0.8554 0.0735 -0.5127
vn 0.1881 0.9756 -0.1128
vn 0.2693 -0.9494 -0.1614
vn 0.8575 0.0245 -0.5139
vn 0.2290 0.9637 -0.1373
vn 0.2290 -0.9637 -0.1373
vn 0.8575 -0.0245 -0.5139
vn 0.2693 0.9494 -0.1614
vn 0.1881 -0.9756 -0.1128
vn 0.8554 -0.0735 -0.5127
vn 0.3090 0.9328 -0.1852
vn 0.1468 -0.9852 -0.0880
vn 0.8513 -0.1223 -0.5102
vn 0.3479 0.9140 -0.2085
vn 0.1051 -0.9925 -0.0630
vn 0.8451 -0.1707 -0.5066
vn 0.3860 0.8930 -0.2314
vn 0.0632 -0.9973 -0.0379
vn 0.8369 -0.2189 -0.5016
vn 0.4232 0.8698 -0.2536
vn 0.0211 -0.9997 -0.0126
vn 0.8267 -0.2664 -0.4955
vn 0.4593 0.8446 -0.2753
vn 0.8145 -0.3133 -0.4882
vn 0.4943 0.8173 -0.2963
vn 0.8004 -0.3595 -0.4797
vn 0.5281 0.7880 -0.3165
vn 0.7868 -0.4924 -0.3721
vn 0.6551 0.6891 -0.3098
vn 0.7640 -0.5345 -0.3613
vn 0.6849 0.6527 -0.3239
vn 0.7394 -0.5754 -0.3497
vn 0.7130 0.6148 -0.3372
vn 0.7130 -0.6148 -0.3372
vn 0.7394 0.5754 -0.3497
vn 0.6849 -0.6527 -0.3239
vn 0.7640 0.5345 -0.3613
vn 0.6551 -0.6891 -0.3098
vn 0.7868 0.4924 -0.3721
vn 0.6237 -0.7238 -0.2950
vn 0.8077 0.4492 -0.3820
vn 0.5909 -0.7568 -0.2795
vn 0.8266 0.4048 -0.3910
vn 0.5566 -0.7880 -0.2632
vn 0.8435 0.3595 -0.3990
vn 0.5209 -0.8173 -0.2464
vn 0.8585 0.3133 -0.4060
vn 0.4840 -0.8446 -0.2289
vn 0.8713 0.2664 -0.4121
vn 0.0222 0.9997 -0.0105
vn 0.4460 -0.8698 -0.2109
vn 0.8821 0.2189 -0.4172
vn 0.0666 0.9973 -0.0315
vn 0.4068 -0.8930 -0.1924
vn 0.8907 0.1707 -0.4213
vn 0.1108 0.9925 -0.0524
vn 0.3667 -0.9140 -0.1734
vn 0.8972 0.1223 -0.4243
vn 0.1547 0.9852 -0.0732
vn 0.3257 -0.9328 -0.1540
vn 0.9015 0.0735 -0.4264
vn 0.1983 0.9756 -0.0938
vn 0.2839 -0.9494 -0.1343
vn 0.9037 0.0245 -0.4274
vn 0.2414 0.9637 -0.1142
vn 0.2414 -0.9637 -0.1142
vn 0.9037 -0.0245 -0.4274
vn 0.2839 0.9494 -0.1343
vn 0.1983 -0.9756 -0.0938
vn 0.9015 -0.0735 -0.4264
vn 0.3257 0.9328 -0.1540
vn 0.1547 -0.9852 -0.0732
vn 0.8972 -0.1223 -0.4243
vn 0.3667 0.9140 -0.1734
vn 0.1108 -0.9925 -0.0524
vn 0.8907 -0.1707 -0.4213
vn 0.4068 0.8930 -0.1924
vn 0.0666 -0.9973 -0.0315
vn 0.8821 -0.2189 -0.4172
vn 0.4460 0.8698 -0.2109
vn 0.0222 -0.9997 -0.0105
vn 0.8713 -0.2664 -0.4121
vn 0.4840 0.8446 -0.2289
vn 0.8585 -0.3133 -0.4060
vn 0.5210 0.8173 -0.2464
vn 0.8435 -0.3595 -0.3990
vn 0.5566 0.7880 -0.2632
vn 0.8266 -0.4048 -0.3910
vn 0.5909 0.7568 -0.2795
vn 0.8077 -0.4492 -0.3820
vn 0.6237 0.7238 -0.2950
vn 0.7701 -0.5754 -0.2755
vn 0.7426 0.6148 -0.2657
vn 0.7426 -0.6148 -0.2657
vn 0.7701 0.5754 -0.2755
vn 0.7133 -0.6527 -0.2552
vn 0.7957 0.5345 -0.2847
vn 0.6823 -0.6891 -0.2441
vn 0.8195 0.4924 -0.2932
vn 0.6496 -0.7238 -0.2324
vn 0.8412 0.4492 -0.3010
vn 0.6154 -0.7568 -0.2202
vn 0.8609 0.4048 -0.3080
vn 0.5797 -0.7880 -0.2074
vn 0.8786 0.3595 -0.3144
vn 0.5426 -0.8173 -0.1941
vn 0.8941 0.3133 -0.3199
vn 0.5042 -0.8446 -0.1804
vn 0.9075 0.2664 -0.3247
vn 0.0231 0.9997 -0.0083
vn 0.4645 -0.8698 -0.1662
vn 0.9187 0.2189 -0.3287
vn 0.0693 0.9973 -0.0248
vn 0.4237 -0.8930 -0.1516
vn 0.9277 0.1707 -0.3319
vn 0.1154 0.9925 -0.0413
vn 0.3819 -0.9140 -0.1367
vn 0.9345 0.1223 -0.3344
vn 0.1612 0.9852 -0.0577
vn 0.3392 -0.9328 -0.1214
vn 0.9390 0.0735 -0.3360
vn 0.2065 0.9756 -0.0739
vn 0.2957 -0.9494 -0.1058
vn 0.9413 0.0245 -0.3368
vn 0.2514 0.9637 -0.0900
vn 0.2514 -0.9637 -0.0900
vn 0.9413 -0.0245 -0.3368
vn 0.2957 0.9494 -0.1058
vn 0.2065 -0.9756 -0.0739
vn 0.9390 -0.0735 -0.3360
vn 0.3392 0.9328 -0.1214
vn 0.1612 -0.9852 -0.0577
vn 0.9345 -0.1223 -0.3344
vn 0.3819 0.9140 -0.1367
vn 0.1154 -0.9925 -0.0413
vn 0.9277 -0.1707 -0.3319
vn 0.4237 0.8930 -0.1516
vn 0.0693 -0.9973 -0.0248
vn 0.9187 -0.2189 -0.3287
vn 0.4645 0.8698 -0.1662
vn 0.0231 -0.9997 -0.0083
vn 0.9075 -0.2664 -0.3247
vn 0.5042 0.8446 -0.1804
vn 0.8941 -0.3133 -0.3199
vn 0.5426 0.8173 -0.1941
vn 0.8786 -0.3595 -0.3144
vn 0.5797 0.7880 -0.2074
vn 0.8609 -0.4048 -0.3081
vn 0.6154 0.7568 -0.2202
vn 0.8412 -0.4492 -0.3010
vn 0.6496 0.7238 -0.2324
vn 0.8195 -0.4924 -0.2932
vn 0.6823 0.6891 -0.2441
vn 0.7957 -0.5345 -0.2847
vn 0.7133 0.6527 -0.2552
vn 0.7349 -0.6527 -0.1841
vn 0.8198 0.5345 -0.2054
vn 0.7029 -0.6891 -0.1761
vn 0.8443 0.4924 -0.2115
vn 0.6693 -0.7238 -0.1677
vn 0.8667 0.4492 -0.2171
vn 0.6340 -0.7568 -0.1588
vn 0.8870 0.4048 -0.2222
vn 0.5972 -0.7880 -0.1496
vn 0.9052 0.3595 -0.2267
vn 0.5590 -0.8173 -0.1400
vn 0.9212 0.3133 -0.2307
vn 0.5194 -0.8446 -0.1301
vn 0.9350 0.2664 -0.2342
vn 0.0238 0.9997 -0.0060
vn 0.4786 -0.8698 -0.1199
vn 0.9465 0.2189 -0.2371
vn 0.0714 0.9973 -0.0179
vn 0.4366 -0.8930 -0.1094
vn 0.9558 0.1707 -0.2394
vn 0.1189 0.9925 -0.0298
vn 0.3935 -0.9140 -0.0986
vn 0.9628 0.1223 -0.2412
vn 0.1660 0.9852 -0.0416
vn 0.3495 -0.9328 -0.0875
vn 0.9674 0.0735 -0.2423
vn 0.2128 0.9756 -0.0533
vn 0.3046 -0.9494 -0.0763
vn 0.9697 0.0245 -0.2429
vn 0.2590 0.9637 -0.0649
vn 0.2590 -0.9637 -0.0649
vn 0.9697 -0.0245 -0.2429
vn 0.3046 0.9494 -0.0763
vn 0.2128 -0.9756 -0.0533
vn 0.9674 -0.0735 -0.2423
vn 0.3495 0.9328 -0.0875
vn 0.1660 -0.9852 -0.0416
vn 0.9628 -0.1223 -0.2412
vn 0.3935 0.9140 -0.0986
vn 0.1189 -0.9925 -0.0298
vn 0.9558 -0.1707 -0.2394
vn 0.4366 0.8930 -0.1094
vn 0.0714 -0.9973 -0.0179
vn 0.9465 -0.2189 -0.2371
vn 0.4786 0.8698 -0.1199
vn 0.0238 -0.9997 -0.0060
vn 0.9350 -0.2664 -0.2342
vn 0.5194 0.8446 -0.1301
vn 0.9212 -0.3133 -0.2307
vn 0.5590 0.8173 -0.1400
vn 0.9052 -0.3595 -0.2267
vn 0.5972 0.7880 -0.1496
vn 0.8870 -0.4048 -0.2222
vn 0.6340 0.7568 -0.1588
vn 0.8667 -0.4492 -0.2171
vn 0.6693 0.7238 -0.1676
vn 0.8443 -0.4924 -0.2115
vn 0.7029 0.6891 -0.1761
vn 0.8198 -0.5345 -0.2054
vn 0.7349 0.6527 -0.1841
vn 0.7934 -0.5754 -0.1987
vn 0.7651 0.6148 -0.1916
vn 0.7651 -0.6148 -0.1916
vn 0.7934 0.5754 -0.1987
vn 0.6825 -0.7238 -0.1012
vn 0.8838 0.4492 -0.1311
vn 0.6466 -0.7568 -0.0959
vn 0.9045 0.4048 -0.1342
vn 0.6090 -0.7880 -0.0903
vn 0.9230 0.3595 -0.1369
vn 0.5700 -0.8173 -0.0846
vn 0.9394 0.3133 -0.1393
vn 0.5297 -0.8446 -0.0786
vn 0.9534 0.2664 -0.1414
vn 0.0243 0.9997 -0.0036
vn 0.4880 -0.8698 -0.0724
vn 0.9652 0.2189 -0.1432
vn 0.0729 0.9973 -0.0108
vn 0.4452 -0.8930 -0.0660
vn 0.9747 0.1707 -0.1446
vn 0.1212 0.9925 -0.0180
vn 0.4013 -0.9140 -0.0595
vn 0.9818 0.1223 -0.1456
vn 0.1693 0.9852 -0.0251
vn 0.3564 -0.9328 -0.0529
vn 0.9865 0.0735 -0.1463
vn 0.2170 0.9756 -0.0322
vn 0.3106 -0.9494 -0.0461
vn 0.9889 0.0245 -0.1467
vn 0.2641 0.9637 -0.0392
vn 0.2641 -0.9637 -0.0392
vn 0.9889 -0.0245 -0.1467
vn 0.3106 0.9494 -0.0461
vn 0.2170 -0.9756 -0.0322
vn 0.9865 -0.0735 -0.1463
vn 0.3564 0.9328 -0.0529
vn 0.1693 -0.9852 -0.0251
vn 0.9818 -0.1223 -0.1456
vn 0.4013 0.9140 -0.0595
vn 0.1212 -0.9925 -0.0180
vn 0.9747 -0.1707 -0.1446
vn 0.4452 0.8930 -0.0660
vn 0.0729 -0.9973 -0.0108
vn 0.9652 -0.2189 -0.1432
vn 0.4880 0.8698 -0.0724
vn 0.0243 -0.9997 -0.0036
vn 0.9534 -0.2664 -0.1414
vn 0.5297 0.8446 -0.0786
vn 0.9394 -0.3133 -0.1393
vn 0.5700 0.8173 -0.0846
vn 0.9230 -0.3595 -0.1369
vn 0.6090 0.7880 -0.0903
vn 0.9045 -0.4048 -0.1342
vn 0.6466 0.7568 -0.0959
vn 0.8838 -0.4492 -0.1311
vn 0.6825 0.7238 -0.1012
vn 0.8609 -0.4924 -0.1277
vn 0.7168 0.6891 -0.1063
vn 0.8360 -0.5345 -0.1240
vn 0.7494 0.6527 -0.1112
vn 0.8091 -0.5754 -0.1200
vn 0.7802 0.6148 -0.1157
vn 0.7802 -0.6148 -0.1157
vn 0.8091 0.5754 -0.1200
vn 0.7494 -0.6527 -0.1112
vn 0.8360 0.5345 -0.1240
vn 0.7168 -0.6891 -0.1063
vn 0.8609 0.4924 -0.1277
vn 0.6149 -0.7880 -0.0302
vn 0.9320 0.3595 -0.0458
vn 0.5756 -0.8173 -0.0283
vn 0.9485 0.3133 -0.0466
vn 0.5348 -0.8446 -0.0263
vn 0.9627 0.2664 -0.0473
vn 0.0245 0.9997 -0.0012
vn 0.4928 -0.8698 -0.0242
vn 0.9746 0.2189 -0.0479
vn 0.0736 0.9973 -0.0036
vn 0.4495 -0.8930 -0.0221
vn 0.9841 0.1707 -0.0483
vn 0.1224 0.9925 -0.0060
vn 0.4052 -0.9140 -0.0199
vn 0.9913 0.1223 -0.0487
vn 0.1710 0.9852 -0.0084
vn 0.3598 -0.9328 -0.0177
vn 0.9961 0.0735 -0.0489
vn 0.2191 0.9756 -0.0108
vn 0.3136 -0.9494 -0.0154
vn 0.9985 0.0245 -0.0491
vn 0.2667 0.9637 -0.0131
vn 0.2667 -0.9637 -0.0131
vn 0.9985 -0.0245 -0.0491
vn 0.3136 0.9494 -0.0154
vn 0.2191 -0.9756 -0.0108
vn 0.9961 -0.0735 -0.0489
vn 0.3598 0.9328 -0.0177
vn 0.1710 -0.9852 -0.0084
vn 0.9913 -0.1223 -0.0487
vn 0.4052 0.9140 -0.0199
vn 0.1224 -0.9925 -0.0060
vn 0.9841 -0.1707 -0.0483
vn 0.4495 0.8930 -0.0221
vn 0.0736 -0.9973 -0.0036
vn 0.9746 -0.2189 -0.0479
vn 0.4928 0.8698 -0.0242
vn 0.0245 -0.9997 -0.0012
vn 0.9627 -0.2664 -0.0473
vn 0.5348 0.8446 -0.0263
vn 0.9485 -0.3133 -0.0466
vn 0.5756 0.8173 -0.0283
vn 0.9320 -0.3595 -0.0458
vn 0.6149 0.7880 -0.0302
vn 0.9133 -0.4048 -0.0449
vn 0.6528 0.7568 -0.0321
vn 0.8924 -0.4492 -0.0438
vn 0.6891 0.7238 -0.0339
vn 0.8693 -0.4924 -0.0427
vn 0.7238 0.6891 -0.0356
vn 0.8441 -0.5345 -0.0415
vn 0.7567 0.6527 -0.0372
vn 0.8169 -0.5754 -0.0401
vn 0.7878 0.6148 -0.0387
vn 0.7878 -0.6148 -0.0387
vn 0.8169 0.5754 -0.0401
vn 0.7567 -0.6527 -0.0372
vn 0.8441 0.5345 -0.0415
vn 0.7238 -0.6891 -0.0356
vn 0.8693 0.4924 -0.0427
vn 0.6891 -0.7238 -0.0339
vn 0.8924 0.4492 -0.0438
vn 0.6528 -0.7568 -0.0321
vn 0.9133 0.4048 -0.0449
vn 0.5348 -0.8446 0.0263
vn 0.9627 0.2664 0.0473
vn 0.0245 0.9997 0.0012
vn 0.4928 -0.8698 0.0242
vn 0.9746 0.2189 0.0479
vn 0.0736 0.9973 0.0036
vn 0.4495 -0.8930 0.0221
vn 0.9841 0.1707 0.0483
vn 0.1224 0.9925 0.0060
vn 0.4052 -0.9140 0.0199
vn 0.9913 0.1223 0.0487
vn 0.1710 0.9852 0.0084
vn 0.3598 -0.9328 0.0177
vn 0.9961 0.0735 0.0489
vn 0.2191 0.9756 0.0108
vn 0.3136 -0.9494 0.0154
vn 0.9985 0.0245 0.0491
vn 0.2667 0.9637 0.0131
vn 0.2667 -0.9637 0.0131
vn 0.9985 -0.0245 0.0491
vn 0.3136 0.9494 0.0154
vn 0.2191 -0.9756 0.0108
vn 0.9961 -0.0735 0.0489
vn 0.3598 0.9328 0.0177
vn 0.1710 -0.9852 0.0084
vn 0.9913 -0.1223 0.0487
vn 0.4052 0.9140 0.0199
vn 0.1224 -0.9925 0.0060
vn 0.9841 -0.1707 0.0483
vn 0.4495 0.8930 0.0221
vn 0.0736 -0.9973 0.0036
vn 0.9746 -0.2189 0.0479
vn 0.4928 0.8698 0.0242
vn 0.0245 -0.9997 0.0012
vn 0.9627 -0.2664 0.0473
vn 0.5348 0.8446 0.0263
vn 0.9485 -0.3133 0.0466
vn 0.5756 0.8173 0.0283
vn 0.9320 -0.3595 0.0458
vn 0.6149 0.7880 0.0302
vn 0.9133 -0.4048 0.0449
vn 0.6528 0.7568 0.0321
vn 0.8924 -0.4492 0.0438
vn 0.6891 0.7238 0.0339
vn 0.8693 -0.4924 0.0427
vn 0.7238 0.6891 0.0356
vn 0.8441 -0.5345 0.0415
vn 0.7567 0.6527 0.0372
vn 0.8169 -0.5754 0.0401
vn 0.7878 0.6148 0.0387
vn 0.7878 -0.6148 0.0387
vn 0.8169 0.5754 0.0401
vn 0.7567 -0.6527 0.0372
vn 0.8441 0.5345 0.0415
vn 0.7238 -0.6891 0.0356
vn 0.8693 0.4924 0.0427
vn 0.6891 -0.7238 0.0339
vn 0.8924 0.4492 0.0438
vn 0.6528 -0.7568 0.0321
vn 0.9133 0.4048 0.0449
vn 0.6149 -0.7880 0.0302
vn 0.9320 0.3595 0.0458
vn 0.5756 -0.8173 0.0283
vn 0.9485 0.3133 0.0466
vn 0.4452 -0.8930 0.0660
vn 0.9747 0.1707 0.1446
vn 0.1212 0.9925 0.0180
vn 0.4013 -0.9140 0.0595
vn 0.9818 0.1223 0.1456
vn 0.1693 0.9852 0.0251
vn 0.3564 -0.9328 0.0529
vn 0.9865 0.0735 0.1463
vn 0.2170 0.9756 0.0322
vn 0.3106 -0.9494 0.0461
vn 0.9889 0.0245 0.1467
vn 0.2641 0.9637 0.0392
vn 0.2641 -0.9637 0.0392
vn 0.9889 -0.0245 0.1467
vn 0.3106 0.9494 0.0461
vn 0.2170 -0.9756 0.0322
vn 0.9865 -0.0735 0.1463
vn 0.3564 0.9328 0.0529
vn 0.1693 -0.9852 0.0251
vn 0.9818 -0.1223 0.1456
vn 0.4013 0.9140 0.0595
vn 0.1212 -0.9925 0.0180
vn 0.9747 -0.1707 0.1446
vn 0.4452 0.8930 0.0660
vn 0.0729 -0.9973 0.0108
vn 0.9652 -0.2189 0.1432
vn 0.4880 0.8698 0.0724
vn 0.0243 -0.9997 0.0036
vn 0.9534 -0.2664 0.1414
vn 0.5297 0.8446 0.0786
vn 0.9394 -0.3133 0.1393
vn 0.5700 0.8173 0.0846
vn 0.9230 -0.3595 0.1369
vn 0.6090 0.7880 0.0903
vn 0.9045 -0.4048 0.1342
vn 0.6466 0.7568 0.0959
vn 0.8838 -0.4492 0.1311
vn 0.6825 0.7238 0.1012
vn 0.8609 -0.4924 0.1277
vn 0.7168 0.6891 0.1063
vn 0.8360 -0.5345 0.1240
vn 0.7494 0.6527 0.1112
vn 0.8091 -0.5754 0.1200
vn 0.7802 0.6148 0.1157
vn 0.7802 -0.6148 0.1157
vn 0.8091 0.5754 0.1200
vn 0.7494 -0.6527 0.1112
vn 0.8360 0.5345 0.1240
vn 0.7168 -0.6891 0.1063
vn 0.8609 0.4924 0.1277
vn 0.6825 -0.7238 0.1012
vn 0.8838 0.4492 0.1311
vn 0.6466 -0.7568 0.0959
vn 0.9045 0.4048 0.1342
vn 0.6090 -0.7880 0.0903
vn 0.9230 0.3595 0.1369
vn 0.5700 -0.8173 0.0846
vn 0.9394 0.3133 0.1393
vn 0.5297 -0.8446 0.0786
vn 0.9534 0.2664 0.1414
vn 0.0243 0.9997 0.0036
vn 0.4880 -0.8698 0.0724
vn 0.9652 0.2189 0.1432
vn 0.0729 0.9973 0.0108
vn 0.3495 -0.9328 0.0875
vn 0.9674 0.0735 0.2423
vn 0.2128 0.9756 0.0533
vn 0.3046 -0.9494 0.0763
vn 0.9697 0.0245 0.2429
vn 0.2590 0.9637 0.0649
vn 0.2590 -0.9637 0.0649
vn 0.9697 -0.0245 0.2429
vn 0.3046 0.9494 0.0763
vn 0.2128 -0.9756 0.0533
vn 0.9674 -0.0735 0.2423
vn 0.3495 0.9328 0.0875
vn 0.1660 -0.9852 0.0416
vn 0.9628 -0.1223 0.2412
vn 0.3935 0.9140 0.0986
vn 0.1189 -0.9925 0.0298
vn 0.9558 -0.1707 0.2394
vn 0.4366 0.8930 0.1094
vn 0.0714 -0.9973 0.0179
vn 0.9465 -0.2189 0.2371
vn 0.4786 0.8698 0.1199
vn 0.0238 -0.9997 0.0060
vn 0.9350 -0.2664 0.2342
vn 0.5194 0.8446 0.1301
vn 0.9212 -0.3133 0.2307
vn 0.5590 0.8173 0.1400
vn 0.9052 -0.3595 0.2267
vn 0.5972 0.7880 0.1496
vn 0.8870 -0.4048 0.2222
vn 0.6340 0.7568 0.1588
vn 0.8667 -0.4492 0.2171
vn 0.6693 0.7238 0.1677
vn 0.8443 -0.4924 0.2115
vn 0.7029 0.6891 0.1761
vn 0.8198 -0.5345 0.2054
vn 0.7349 0.6527 0.1841
vn 0.7934 -0.5754 0.1987
vn 0.7651 0.6148 0.1916
vn 0.7651 -0.6148 0.1916
vn 0.7934 0.5754 0.1987
vn 0.7349 -0.6527 0.1841
vn 0.8198 0.5345 0.2054
vn 0.7029 -0.6891 0.1761
vn 0.8443 0.4924 0.2115
vn 0.6693 -0.7238 0.1677
vn 0.8667 0.4492 0.2171
vn 0.6340 -0.7568 0.1588
vn 0.8870 0.4048 0.2222
vn 0.5972 -0.7880 0.1496
vn 0.9052 0.3595 0.2267
vn 0.5590 -0.8173 0.1400
vn 0.9212 0.3133 0.2307
vn 0.5194 -0.8446 0.1301
vn 0.9350 0.2664 0.2342
vn 0.0238 0.9997 0.0060
vn 0.4786 -0.8698 0.1199
vn 0.9465 0.2189 0.2371
vn 0.0714 0.9973 0.0179
vn 0.4366 -0.8930 0.1094
vn 0.9558 0.1707 0.2394
vn 0.1189 0.9925 0.0298
vn 0.3935 -0.9140 0.0986
vn 0.9628 0.1223 0.2412
vn 0.1660 0.9852 0.0416
vn 0.9413 -0.0245 0.3368
vn 0.8609 -0.4048 0.3081
vn 0.2957 0.9494 0.1058
vn 0.9390 -0.0735 0.3360
vn 0.8412 -0.4492 0.3010
vn 0.3392 0.9328 0.1214
vn 0.9345 -0.1223 0.3344
vn 0.3819 0.9140 0.1367
vn 0.8195 -0.4924 0.2932
vn 0.9277 -0.1707 0.3319
vn 0.4237 0.8930 0.1516
vn 0.7957 -0.5345 0.2847
vn 0.9187 -0.2189 0.3287
vn 0.4645 0.8698 0.1662
vn 0.7701 -0.5754 0.2755
vn 0.9075 -0.2664 0.3247
vn 0.5042 0.8446 0.1804
vn 0.7426 -0.6148 0.2657
vn 0.5426 0.8173 0.1941
vn 0.7133 -0.6527 0.2552
vn 0.5797 0.7880 0.2074
vn 0.6823 -0.6891 0.2441
vn 0.6496 -0.7238 0.2324
vn 0.6154 0.7568 0.2202
vn 0.6154 -0.7568 0.2202
vn 0.6496 0.7238 0.2324
vn 0.5797 -0.7880 0.2074
vn 0.6823 0.6891 0.2441
vn 0.5426 -0.8173 0.1941
vn 0.7133 0.6527 0.2552
vn 0.5041 -0.8446 0.1804
vn 0.7426 0.6148 0.2657
vn 0.4645 -0.8698 0.1662
vn 0.7701 0.5754 0.2755
vn 0.4237 -0.8930 0.1516
vn 0.7957 0.5345 0.2847
vn 0.3819 -0.9140 0.1367
vn 0.8195 0.4924 0.2932
vn 0.3392 -0.9328 0.1214
vn 0.8412 0.4492 0.3010
vn 0.2957 -0.9494 0.1058
vn 0.8609 0.4048 0.3080
vn 0.2514 -0.9637 0.0900
vn 0.8786 0.3595 0.3144
vn 0.2065 -0.9756 0.0739
vn 0.8941 0.3133 0.3199
vn 0.1612 -0.9852 0.0577
vn 0.9075 0.2664 0.3247
vn 0.0231 0.9997 0.0083
vn 0.1154 -0.9925 0.0413
vn 0.9187 0.2189 0.3287
vn 0.0693 0.9973 0.0248
vn 0.0693 -0.9973 0.0248
vn 0.9277 0.1707 0.3319
vn 0.1154 0.9925 0.0413
vn 0.0231 -0.9997 0.0083
vn 0.9345 0.1223 0.3344
vn 0.1612 0.9852 0.0577
vn 0.9390 0.0735 0.3360
vn 0.8941 -0.3133 0.3199
vn 0.2065 0.9756 0.0739
vn 0.9413 0.0245 0.3368
vn 0.8786 -0.3595 0.3144
vn 0.2514 0.9637 0.0900
vn 0.7868 -0.4924 0.3721
vn 0.6551 0.6891 0.3098
vn 0.7640 -0.5345 0.3613
vn 0.6849 0.6527 0.3239
vn 0.7394 -0.5754 0.3497
vn 0.7130 0.6148 0.3372
vn 0.7130 -0.6148 0.3372
vn 0.7394 0.5754 0.3497
vn 0.6849 -0.6527 0.3239
vn 0.7640 0.5345 0.3613
vn 0.6551 -0.6891 0.3098
vn 0.7868 0.4924 0.3721
vn 0.6237 -0.7238 0.2950
vn 0.8077 0.4492 0.3820
vn 0.5909 -0.7568 0.2795
vn 0.8266 0.4048 0.3910
vn 0.5566 -0.7880 0.2632
vn 0.8435 0.3595 0.3990
vn 0.5210 -0.8173 0.2464
vn 0.8585 0.3133 0.4060
vn 0.4840 -0.8446 0.2289
vn 0.8713 0.2664 0.4121
vn 0.0222 0.9997 0.0105
vn 0.4460 -0.8698 0.2109
vn 0.8821 0.2189 0.4172
vn 0.0666 0.9973 0.0315
vn 0.4068 -0.8930 0.1924
vn 0.8907 0.1707 0.4213
vn 0.1108 0.9925 0.0524
vn 0.3667 -0.9140 0.1734
vn 0.8972 0.1223 0.4243
vn 0.1547 0.9852 0.0732
vn 0.3257 -0.9328 0.1540
vn 0.9015 0.0735 0.4264
vn 0.1983 0.9756 0.0938
vn 0.2839 -0.9494 0.1343
vn 0.9037 0.0245 0.4274
vn 0.2414 0.9637 0.1142
vn 0.2414 -0.9637 0.1142
vn 0.9037 -0.0245 0.4274
vn 0.2839 0.9494 0.1343
vn 0.1983 -0.9756 0.0938
vn 0.9015 -0.0735 0.4264
vn 0.3257 0.9328 0.1540
vn 0.1547 -0.9852 0.0732
vn 0.8972 -0.1223 0.4243
vn 0.3667 0.9140 0.1734
vn 0.1108 -0.9925 0.0524
vn 0.8907 -0.1707 0.4213
vn 0.4068 0.8930 0.1924
vn 0.0666 -0.9973 0.0315
vn 0.8821 -0.2189 0.4172
vn 0.4460 0.8698 0.2109
vn 0.0222 -0.9997 0.0105
vn 0.8713 -0.2664 0.4121
vn 0.4840 0.8446 0.2289
vn 0.8585 -0.3133 0.4060
vn 0.5210 0.8173 0.2464
vn 0.8435 -0.3595 0.3990
vn 0.5566 0.7880 0.2632
vn 0.8266 -0.4048 0.3910
vn 0.5909 0.7568 0.2795
vn 0.8077 -0.4492 0.3820
vn 0.6237 0.7238 0.2950
vn 0.7015 -0.5754 0.4205
vn 0.6765 0.6148 0.4055
vn 0.6765 -0.6148 0.4055
vn 0.7015 0.5754 0.4205
vn 0.6498 -0.6527 0.3895
vn 0.7249 0.5345 0.4345
vn 0.6216 -0.6891 0.3726
vn 0.7465 0.4924 0.4474
vn 0.5918 -0.7238 0.3547
vn 0.7663 0.4492 0.4593
vn 0.5606 -0.7568 0.3360
vn 0.7843 0.4048 0.4701
vn 0.5281 -0.7880 0.3165
vn 0.8004 0.3595 0.4797
vn 0.4943 -0.8173 0.2963
vn 0.8145 0.3133 0.4882
vn 0.4593 -0.8446 0.2753
vn 0.8267 0.2664 0.4955
vn 0.0211 0.9997 0.0126
vn 0.4232 -0.8698 0.2536
vn 0.8369 0.2189 0.5016
vn 0.0632 0.9973 0.0379
vn 0.3860 -0.8930 0.2314
vn 0.8451 0.1707 0.5066
vn 0.1051 0.9925 0.0630
vn 0.3479 -0.9140 0.2085
vn 0.8513 0.1223 0.5102
vn 0.1468 0.9852 0.0880
vn 0.3090 -0.9328 0.1852
vn 0.8554 0.0735 0.5127
vn 0.1881 0.9756 0.1128
vn 0.2693 -0.9494 0.1614
vn 0.8575 0.0245 0.5139
vn 0.2290 0.9637 0.1373
vn 0.2290 -0.9637 0.1373
vn 0.8575 -0.0245 0.5139
vn 0.2694 0.9494 0.1614
vn 0.1881 -0.9756 0.1128
vn 0.8554 -0.0735 0.5127
vn 0.3090 0.9328 0.1852
vn 0.1468 -0.9852 0.0880
vn 0.8513 -0.1223 0.5102
vn 0.3479 0.9140 0.2085
vn 0.1051 -0.9925 0.0630
vn 0.8451 -0.1707 0.5066
vn 0.3860 0.8930 0.2314
vn 0.0632 -0.9973 0.0379
vn 0.8369 -0.2189 0.5016
vn 0.4232 0.8698 0.2536
vn 0.0211 -0.9997 0.0126
vn 0.8267 -0.2664 0.4955
vn 0.4593 0.8446 0.2753
vn 0.8145 -0.3133 0.4882
vn 0.4943 0.8173 0.2963
vn 0.8004 -0.3595 0.4797
vn 0.5281 0.7880 0.3165
vn 0.7843 -0.4048 0.4701
vn 0.5606 0.7568 0.3360
vn 0.7663 -0.4492 0.4593
vn 0.5918 0.7238 0.3547
vn 0.7465 -0.4924 0.4474
vn 0.6216 0.6891 0.3726
vn 0.7249 -0.5345 0.4345
vn 0.6498 0.6527 0.3895
vn 0.6085 -0.6527 0.4513
vn 0.6788 0.5345 0.5035
vn 0.5821 -0.6891 0.4317
vn 0.6991 0.4924 0.5185
vn 0.5542 -0.7238 0.4110
vn 0.7176 0.4492 0.5322
vn 0.5250 -0.7568 0.3894
vn 0.7344 0.4048 0.5447
vn 0.4945 -0.7880 0.3668
vn 0.7495 0.3595 0.5559
vn 0.4629 -0.8173 0.3433
vn 0.7628 0.3133 0.5657
vn 0.4301 -0.8446 0.3190
vn 0.7742 0.2664 0.5742
vn 0.0197 0.9997 0.0146
vn 0.3963 -0.8698 0.2939
vn 0.7837 0.2189 0.5813
vn 0.0591 0.9973 0.0439
vn 0.3615 -0.8930 0.2681
vn 0.7914 0.1707 0.5870
vn 0.0984 0.9925 0.0730
vn 0.3258 -0.9140 0.2416
vn 0.7972 0.1223 0.5912
vn 0.1375 0.9852 0.1020
vn 0.2894 -0.9328 0.2146
vn 0.8010 0.0735 0.5941
vn 0.1762 0.9756 0.1307
vn 0.2522 -0.9494 0.1871
vn 0.8030 0.0245 0.5955
vn 0.2145 0.9637 0.1591
vn 0.2145 -0.9637 0.1591
vn 0.8030 -0.0245 0.5955
vn 0.2522 0.9494 0.1871
vn 0.1762 -0.9756 0.1307
vn 0.8010 -0.0735 0.5941
vn 0.2894 0.9328 0.2146
vn 0.1375 -0.9852 0.1020
vn 0.7972 -0.1223 0.5912
vn 0.3258 0.9140 0.2416
vn 0.0984 -0.9925 0.0730
vn 0.7914 -0.1707 0.5870
vn 0.3615 0.8930 0.2681
vn 0.0592 -0.9973 0.0439
vn 0.7837 -0.2189 0.5813
vn 0.3963 0.8698 0.2939
vn 0.0197 -0.9997 0.0146
vn 0.7742 -0.2664 0.5742
vn 0.4301 0.8446 0.3190
vn 0.7628 -0.3133 0.5657
vn 0.4629 0.8173 0.3433
vn 0.7495 -0.3595 0.5559
vn 0.4945 0.7880 0.3668
vn 0.7344 -0.4048 0.5447
vn 0.5250 0.7568 0.3894
vn 0.7176 -0.4492 0.5322
vn 0.5542 0.7238 0.4110
vn 0.6991 -0.4924 0.5185
vn 0.5821 0.6891 0.4317
vn 0.6788 -0.5345 0.5035
vn 0.6085 0.6527 0.4513
vn 0.6569 -0.5754 0.4872
vn 0.6335 0.6148 0.4698
vn 0.6335 -0.6148 0.4698
vn 0.6569 0.5754 0.4872
vn 0.5112 -0.7238 0.4634
vn 0.6620 0.4492 0.6000
vn 0.4843 -0.7568 0.4389
vn 0.6775 0.4048 0.6141
vn 0.4562 -0.7880 0.4135
vn 0.6914 0.3595 0.6267
vn 0.4270 -0.8173 0.3870
vn 0.7036 0.3133 0.6377
vn 0.3967 -0.8446 0.3596
vn 0.7142 0.2664 0.6473
vn 0.0182 0.9997 0.0165
vn 0.3655 -0.8698 0.3313
vn 0.7230 0.2189 0.6553
vn 0.0546 0.9973 0.0495
vn 0.3335 -0.8930 0.3022
vn 0.7301 0.1707 0.6617
vn 0.0908 0.9925 0.0823
vn 0.3006 -0.9140 0.2724
vn 0.7354 0.1223 0.6665
vn 0.1268 0.9852 0.1149
vn 0.2669 -0.9328 0.2419
vn 0.7389 0.0735 0.6697
vn 0.1625 0.9756 0.1473
vn 0.2327 -0.9494 0.2109
vn 0.7407 0.0245 0.6714
vn 0.1978 0.9637 0.1793
vn 0.1978 -0.9637 0.1793
vn 0.7407 -0.0245 0.6714
vn 0.2327 0.9494 0.2109
vn 0.1625 -0.9756 0.1473
vn 0.7389 -0.0735 0.6697
vn 0.2669 0.9328 0.2419
vn 0.1268 -0.9852 0.1149
vn 0.7354 -0.1223 0.6665
vn 0.3006 0.9140 0.2724
vn 0.0908 -0.9925 0.0823
vn 0.7301 -0.1707 0.6617
vn 0.3335 0.8930 0.3022
vn 0.0545 -0.9973 0.0495
vn 0.7230 -0.2189 0.6553
vn 0.3655 0.8698 0.3313
vn 0.0182 -0.9997 0.0165
vn 0.7142 -0.2664 0.6473
vn 0.3967 0.8446 0.3596
vn 0.7036 -0.3133 0.6377
vn 0.4270 0.8173 0.3870
vn 0.6914 -0.3595 0.6267
vn 0.4562 0.7880 0.4135
vn 0.6775 -0.4048 0.6141
vn 0.4843 0.7568 0.4389
vn 0.6620 -0.4492 0.6000
vn 0.5112 0.7238 0.4634
vn 0.6449 -0.4924 0.5845
vn 0.5369 0.6891 0.4867
vn 0.6262 -0.5345 0.5676
vn 0.5613 0.6527 0.5088
vn 0.6060 -0.5754 0.5493
vn 0.5844 0.6148 0.5297
vn 0.5844 -0.6148 0.5297
vn 0.6060 0.5754 0.5493
vn 0.5613 -0.6527 0.5088
vn 0.6262 0.5345 0.5676
vn 0.5369 -0.6891 0.4867
vn 0.6449 0.4924 0.5845
vn 0.4135 -0.7880 0.4562
vn 0.6267 0.3595 0.6914
vn 0.3870 -0.8173 0.4270
vn 0.6377 0.3133 0.7036
vn 0.3596 -0.8446 0.3967
vn 0.6473 0.2664 0.7142
vn 0.0165 0.9997 0.0182
vn 0.3313 -0.8698 0.3655
vn 0.6553 0.2189 0.7230
vn 0.0495 0.9973 0.0546
vn 0.3022 -0.8930 0.3335
vn 0.6617 0.1707 0.7301
vn 0.0823 0.9925 0.0908
vn 0.2724 -0.9140 0.3006
vn 0.6665 0.1223 0.7354
vn 0.1149 0.9852 0.1268
vn 0.2419 -0.9328 0.2669
vn 0.6697 0.0735 0.7389
vn 0.1473 0.9756 0.1625
vn 0.2109 -0.9494 0.2327
vn 0.6714 0.0245 0.7407
vn 0.1793 0.9637 0.1978
vn 0.1793 -0.9637 0.1978
vn 0.6714 -0.0245 0.7407
vn 0.2109 0.9494 0.2327
vn 0.1473 -0.9756 0.1625
vn 0.6697 -0.0735 0.7389
vn 0.2419 0.9328 0.2669
vn 0.1150 -0.9852 0.1268
vn 0.6665 -0.1223 0.7354
vn 0.2724 0.9140 0.3006
vn 0.0823 -0.9925 0.0908
vn 0.6617 -0.1707 0.7301
vn 0.3022 0.8930 0.3335
vn 0.0495 -0.9973 0.0546
vn 0.6553 -0.2189 0.7230
vn 0.3313 0.8698 0.3655
vn 0.0165 -0.9997 0.0182
vn 0.6473 -0.2664 0.7142
vn 0.3596 0.8446 0.3967
vn 0.6377 -0.3133 0.7036
vn 0.3870 0.8173 0.4270
vn 0.6267 -0.3595 0.6914
vn 0.4135 0.7880 0.4562
vn 0.6141 -0.4048 0.6775
vn 0.4389 0.7568 0.4843
vn 0.6000 -0.4492 0.6620
vn 0.4634 0.7238 0.5112
vn 0.5845 -0.4924 0.6449
vn 0.4867 0.6891 0.5369
vn 0.5676 -0.5345 0.6262
vn 0.5088 0.6527 0.5613
vn 0.5493 -0.5754 0.6060
vn 0.5297 0.6148 0.5844
vn 0.5297 -0.6148 0.5844
vn 0.5493 0.5754 0.6060
vn 0.5088 -0.6527 0.5613
vn 0.5676 0.5345 0.6262
vn 0.4867 -0.6891 0.5369
vn 0.5845 0.4925 0.6449
vn 0.4634 -0.7238 0.5112
vn 0.6000 0.4492 0.6620
vn 0.4389 -0.7568 0.4843
vn 0.6141 0.4048 0.6775
vn 0.3190 -0.8446 0.4301
vn 0.5742 0.2664 0.7742
vn 0.0146 0.9997 0.0197
vn 0.2939 -0.8698 0.3963
vn 0.5813 0.2189 0.7837
vn 0.0439 0.9973 0.0592
vn 0.2681 -0.8930 0.3615
vn 0.5870 0.1707 0.7914
vn 0.0730 0.9925 0.0984
vn 0.2416 -0.9140 0.3258
vn 0.5912 0.1223 0.7972
vn 0.1020 0.9852 0.1375
vn 0.2146 -0.9328 0.2894
vn 0.5941 0.0735 0.8010
vn 0.1307 0.9756 0.1762
vn 0.1871 -0.9494 0.2522
vn 0.5955 0.0245 0.8030
vn 0.1591 0.9637 0.2145
vn 0.1591 -0.9637 0.2145
vn 0.5955 -0.0245 0.8030
vn 0.1871 0.9494 0.2522
vn 0.1307 -0.9756 0.1762
vn 0.5941 -0.0735 0.8010
vn 0.2146 0.9328 0.2894
vn 0.1020 -0.9852 0.1375
vn 0.5912 -0.1223 0.7972
vn 0.2416 0.9140 0.3258
vn 0.0730 -0.9925 0.0984
vn 0.5870 -0.1707 0.7914
vn 0.2681 0.8930 0.3615
vn 0.0439 -0.9973 0.0592
vn 0.5813 -0.2189 0.7837
vn 0.2939 0.8698 0.3963
vn 0.0146 -0.9997 0.0197
vn 0.5742 -0.2664 0.7742
vn 0.3190 0.8446 0.4301
vn 0.5657 -0.3133 0.7628
vn 0.3433 0.8173 0.4629
vn 0.5559 -0.3595 0.7495
vn 0.3668 0.7880 0.4945
vn 0.5447 -0.4048 0.7344
vn 0.3894 0.7568 0.5250
vn 0.5322 -0.4492 0.7176
vn 0.4110 0.7238 0.5542
vn 0.5185 -0.4924 0.6991
vn 0.4317 0.6891 0.5821
vn 0.5035 -0.5345 0.6788
vn 0.4513 0.6527 0.6085
vn 0.4872 -0.5754 0.6569
vn 0.4698 0.6148 0.6335
vn 0.4698 -0.6148 0.6335
vn 0.4872 0.5754 0.6569
vn 0.4513 -0.6527 0.6085
vn 0.5035 0.5345 0.6788
vn 0.4317 -0.6891 0.5821
vn 0.5185 0.4924 0.6991
vn 0.4110 -0.7238 0.5542
vn 0.5322 0.4492 0.7176
vn 0.3894 -0.7568 0.5250
vn 0.5447 0.4048 0.7344
vn 0.3668 -0.7880 0.4945
vn 0.5559 0.3595 0.7495
vn 0.3433 -0.8173 0.4629
vn 0.5657 0.3133 0.7628
vn 0.0379 0.9973 0.0632
vn 0.2314 -0.8930 0.3860
vn 0.5066 0.1707 0.8451
vn 0.0630 0.9925 0.1051
vn 0.2085 -0.9140 0.3479
vn 0.5102 0.1223 0.8513
vn 0.0880 0.9852 0.1468
vn 0.1852 -0.9328 0.3090
vn 0.5127 0.0735 0.8554
vn 0.1128 0.9756 0.1881
vn 0.1614 -0.9494 0.2693
vn 0.5139 0.0245 0.8575
vn 0.1373 0.9637 0.2290
vn 0.1373 -0.9637 0.2290
vn 0.5139 -0.0245 0.8575
vn 0.1614 0.9494 0.2693
vn 0.1128 -0.9756 0.1881
vn 0.5127 -0.0735 0.8554
vn 0.1852 0.9328 0.3090
vn 0.0880 -0.9852 0.1468
vn 0.5102 -0.1223 0.8513
vn 0.2085 0.9140 0.3479
vn 0.0630 -0.9925 0.1051
vn 0.5066 -0.1707 0.8451
vn 0.2314 0.8930 0.3860
vn 0.0379 -0.9973 0.0632
vn 0.5016 -0.2189 0.8369
vn 0.2536 0.8698 0.4232
vn 0.0126 -0.9997 0.0211
vn 0.4955 -0.2664 0.8267
vn 0.2753 0.8446 0.4593
vn 0.4882 -0.3134 0.8145
vn 0.2963 0.8173 0.4943
vn 0.4797 -0.3595 0.8004
vn 0.3165 0.7880 0.5281
vn 0.4701 -0.4048 0.7843
vn 0.3360 0.7568 0.5606
vn 0.4593 -0.4492 0.7663
vn 0.3547 0.7238 0.5918
vn 0.4474 -0.4924 0.7465
vn 0.3726 0.6891 0.6216
vn 0.4345 -0.5345 0.7249
vn 0.3895 0.6527 0.6498
vn 0.4205 -0.5754 0.7015
vn 0.4055 0.6148 0.6765
vn 0.4055 -0.6148 0.6765
vn 0.4205 0.5754 0.7015
vn 0.3895 -0.6527 0.6498
vn 0.4345 0.5345 0.7249
vn 0.3726 -0.6891 0.6216
vn 0.4474 0.4925 0.7465
vn 0.3547 -0.7238 0.5918
vn 0.4593 0.4492 0.7663
vn 0.3360 -0.7568 0.5606
vn 0.4701 0.4048 0.7843
vn 0.3165 -0.7880 0.5281
vn 0.4797 0.3595 0.8004
vn 0.2963 -0.8173 0.4943
vn 0.4882 0.3133 0.8145
vn 0.2753 -0.8446 0.4593
vn 0.4955 0.2664 0.8267
vn 0.0126 0.9997 0.0211
vn 0.2536 -0.8698 0.4232
vn 0.5016 0.2189 0.8369
vn 0.0732 0.9852 0.1547
vn 0.1540 -0.9328 0.3257
vn 0.4264 0.0735 0.9015
vn 0.0938 0.9756 0.1983
vn 0.1343 -0.9494 0.2839
vn 0.4274 0.0245 0.9037
vn 0.1142 0.9637 0.2414
vn 0.1142 -0.9637 0.2414
vn 0.4274 -0.0245 0.9037
vn 0.1343 0.9494 0.2839
vn 0.0938 -0.9756 0.1983
vn 0.4264 -0.0735 0.9015
vn 0.1540 0.9328 0.3257
vn 0.0732 -0.9852 0.1547
vn 0.4243 -0.1223 0.8972
vn 0.1734 0.9140 0.3667
vn 0.0524 -0.9925 0.1108
vn 0.4213 -0.1707 0.8907
vn 0.1924 0.8930 0.4068
vn 0.0315 -0.9973 0.0666
vn 0.4172 -0.2189 0.8821
vn 0.2109 0.8698 0.4460
vn 0.0105 -0.9997 0.0222
vn 0.4121 -0.2664 0.8713
vn 0.2289 0.8446 0.4840
vn 0.4060 -0.3133 0.8585
vn 0.2464 0.8173 0.5210
vn 0.3990 -0.3595 0.8435
vn 0.2632 0.7880 0.5566
vn 0.3910 -0.4048 0.8266
vn 0.2795 0.7568 0.5909
vn 0.3820 -0.4492 0.8077
vn 0.2950 0.7238 0.6237
vn 0.3721 -0.4924 0.7868
vn 0.3098 0.6891 0.6551
vn 0.3613 -0.5345 0.7640
vn 0.3239 0.6527 0.6849
vn 0.3497 -0.5754 0.7394
vn 0.3372 0.6148 0.7130
vn 0.3372 -0.6148 0.7130
vn 0.3497 0.5754 0.7394
vn 0.3239 -0.6527 0.6849
vn 0.3613 0.5345 0.7640
vn 0.3098 -0.6891 0.6551
vn 0.3721 0.4925 0.7868
vn 0.2950 -0.7238 0.6237
vn 0.3820 0.4492 0.8077
vn 0.2795 -0.7568 0.5909
vn 0.3910 0.4048 0.8266
vn 0.2632 -0.7880 0.5566
vn 0.3990 0.3595 0.8435
vn 0.2464 -0.8173 0.5210
vn 0.4060 0.3133 0.8585
vn 0.2289 -0.8446 0.4840
vn 0.4121 0.2664 0.8713
vn 0.0105 0.9997 0.0222
vn 0.2109 -0.8698 0.4460
vn 0.4172 0.2189 0.8821
vn 0.0315 0.9973 0.0666
vn 0.1924 -0.8930 0.4068
vn 0.4213 0.1707 0.8907
vn 0.0524 0.9925 0.1108
vn 0.1734 -0.9140 0.3667
vn 0.4243 0.1223 0.8972
vn 0.0900 0.9637 0.2514
vn 0.0900 -0.9637 0.2514
vn 0.3368 -0.0245 0.9413
vn 0.1058 0.9494 0.2957
vn 0.0739 -0.9756 0.2065
vn 0.3360 -0.0735 0.9390
vn 0.1214 0.9328 0.3392
vn 0.0577 -0.9852 0.1612
vn 0.3344 -0.1223 0.9345
vn 0.1367 0.9140 0.3819
vn 0.0413 -0.9925 0.1154
vn 0.3319 -0.1707 0.9277
vn 0.1516 0.8930 0.4237
vn 0.0248 -0.9973 0.0693
vn 0.3287 -0.2189 0.9187
vn 0.1662 0.8698 0.4645
vn 0.0083 -0.9997 0.0231
vn 0.3247 -0.2664 0.9075
vn 0.1804 0.8446 0.5041
vn 0.3199 -0.3133 0.8941
vn 0.1941 0.8173 0.5426
vn 0.3144 -0.3595 0.8786
vn 0.2074 0.7880 0.5797
vn 0.3081 -0.4048 0.8609
vn 0.2202 0.7568 0.6154
vn 0.3010 -0.4492 0.8412
vn 0.2324 0.7238 0.6496
vn 0.2932 -0.4924 0.8195
vn 0.2441 0.6891 0.6823
vn 0.2847 -0.5345 0.7957
vn 0.2552 0.6527 0.7133
vn 0.2755 -0.5754 0.7701
vn 0.2657 0.6148 0.7426
vn 0.2657 -0.6148 0.7426
vn 0.2755 0.5754 0.7701
vn 0.2552 -0.6527 0.7133
vn 0.2847 0.5345 0.7957
vn 0.2441 -0.6891 0.6823
vn 0.2932 0.4925 0.8195
vn 0.2324 -0.7238 0.6496
vn 0.3010 0.4492 0.8412
vn 0.2202 -0.7568 0.6154
vn 0.3081 0.4048 0.8609
vn 0.2074 -0.7880 0.5797
vn 0.3144 0.3595 0.8786
vn 0.1941 -0.8173 0.5426
vn 0.3199 0.3133 0.8941
vn 0.1804 -0.8446 0.5041
vn 0.3247 0.2664 0.9075
vn 0.0083 0.9997 0.0231
vn 0.1662 -0.8698 0.4645
vn 0.3287 0.2189 0.9187
vn 0.0248 0.9973 0.0693
vn 0.1516 -0.8930 0.4237
vn 0.3319 0.1707 0.9277
vn 0.0413 0.9925 0.1154
vn 0.1367 -0.9140 0.3819
vn 0.3344 0.1223 0.9345
vn 0.0577 0.9852 0.1612
vn 0.1214 -0.9328 0.3392
vn 0.3360 0.0735 0.9390
vn 0.0739 0.9756 0.2065
vn 0.1058 -0.9494 0.2957
vn 0.3368 0.0245 0.9413
vn 0.0875 0.9328 0.3495
vn 0.0416 -0.9852 0.1660
vn 0.2412 -0.1223 0.9628
vn 0.0986 0.9140 0.3935
vn 0.0298 -0.9925 0.1189
vn 0.2394 -0.1707 0.9558
vn 0.1094 0.8930 0.4366
vn 0.0179 -0.9973 0.0714
vn 0.2371 -0.2189 0.9465
vn 0.1199 0.8698 0.4786
vn 0.0060 -0.9997 0.0238
vn 0.2342 -0.2664 0.9350
vn 0.1301 0.8446 0.5194
vn 0.2307 -0.3133 0.9212
vn 0.1400 0.8173 0.5590
vn 0.2267 -0.3595 0.9052
vn 0.1496 0.7880 0.5972
vn 0.2222 -0.4048 0.8870
vn 0.1588 0.7568 0.6340
vn 0.2171 -0.4492 0.8667
vn 0.1677 0.7238 0.6693
vn 0.2115 -0.4925 0.8443
vn 0.1761 0.6891 0.7029
vn 0.2054 -0.5345 0.8198
vn 0.1841 0.6527 0.7349
vn 0.1987 -0.5754 0.7934
vn 0.1916 0.6148 0.7651
vn 0.1916 -0.6148 0.7651
vn 0.1987 0.5754 0.7934
vn 0.1841 -0.6527 0.7349
vn 0.2054 0.5345 0.8198
vn 0.1761 -0.6891 0.7029
vn 0.2115 0.4925 0.8443
vn 0.1676 -0.7238 0.6693
vn 0.2171 0.4492 0.8667
vn 0.1588 -0.7568 0.6340
vn 0.2222 0.4048 0.8870
vn 0.1496 -0.7880 0.5972
vn 0.2267 0.3595 0.9052
vn 0.1400 -0.8173 0.5590
vn 0.2307 0.3133 0.9212
vn 0.1301 -0.8446 0.5194
vn 0.2342 0.2664 0.9350
vn 0.0060 0.9997 0.0238
vn 0.1199 -0.8698 0.4786
vn 0.2371 0.2189 0.9465
vn 0.0179 0.9973 0.0714
vn 0.1093 -0.8930 0.4366
vn 0.2394 0.1707 0.9558
vn 0.0298 0.9925 0.1189
vn 0.0986 -0.9140 0.3935
vn 0.2412 0.1223 0.9628
vn 0.0416 0.9852 0.1660
vn 0.0875 -0.9328 0.3495
vn 0.2423 0.0735 0.9674
vn 0.0533 0.9756 0.2128
vn 0.0763 -0.9494 0.3046
vn 0.2429 0.0245 0.9697
vn 0.0649 0.9637 0.2590
vn 0.0649 -0.9637 0.2590
vn 0.2429 -0.0245 0.9697
vn 0.0763 0.9494 0.3046
vn 0.0533 -0.9756 0.2128
vn 0.2423 -0.0735 0.9674
vn 0.0660 0.8930 0.4452
vn 0.0108 -0.9973 0.0729
vn 0.1432 -0.2189 0.9652
vn 0.0724 0.8698 0.4880
vn 0.0036 -0.9997 0.0243
vn 0.1414 -0.2664 0.9534
vn 0.0786 0.8446 0.5297
vn 0.1393 -0.3133 0.9394
vn 0.0846 0.8173 0.5700
vn 0.1369 -0.3595 0.9230
vn 0.0903 0.7880 0.6090
vn 0.1342 -0.4048 0.9045
vn 0.0959 0.7568 0.6466
vn 0.1311 -0.4492 0.8838
vn 0.1012 0.7238 0.6825
vn 0.1277 -0.4925 0.8609
vn 0.1063 0.6891 0.7168
vn 0.1240 -0.5345 0.8360
vn 0.1112 0.6527 0.7494
vn 0.1200 -0.5754 0.8091
vn 0.1157 0.6148 0.7802
vn 0.1157 -0.6148 0.7802
vn 0.1200 0.5754 0.8091
vn 0.1112 -0.6527 0.7494
vn 0.1240 0.5345 0.8360
vn 0.1063 -0.6891 0.7168
vn 0.1277 0.4925 0.8609
vn 0.1012 -0.7238 0.6825
vn 0.1311 0.4492 0.8838
vn 0.0959 -0.7568 0.6466
vn 0.1342 0.4048 0.9045
vn 0.0903 -0.7880 0.6090
vn 0.1369 0.3595 0.9230
vn 0.0846 -0.8173 0.5700
vn 0.1393 0.3133 0.9394
vn 0.0786 -0.8446 0.5297
vn 0.1414 0.2664 0.9534
vn 0.0036 0.9997 0.0243
vn 0.0724 -0.8698 0.4880
vn 0.1432 0.2189 0.9652
vn 0.0108 0.9973 0.0729
vn 0.0660 -0.8930 0.4452
vn 0.1446 0.1707 0.9747
vn 0.0180 0.9925 0.1212
vn 0.0595 -0.9140 0.4013
vn 0.1456 0.1223 0.9818
vn 0.0251 0.9852 0.1693
vn 0.0529 -0.9328 0.3564
vn 0.1463 0.0735 0.9865
vn 0.0322 0.9756 0.2170
vn 0.0461 -0.9494 0.3106
vn 0.1467 0.0245 0.9889
vn 0.0392 0.9637 0.2641
vn 0.0392 -0.9637 0.2641
vn 0.1467 -0.0245 0.9889
vn 0.0461 0.9494 0.3106
vn 0.0322 -0.9756 0.2170
vn 0.1463 -0.0735 0.9865
vn 0.0529 0.9328 0.3564
vn 0.0251 -0.9852 0.1693
vn 0.1456 -0.1223 0.9818
vn 0.0595 0.9140 0.4013
vn 0.0180 -0.9925 0.1212
vn 0.1446 -0.1707 0.9747
vn 0.0263 0.8446 0.5348
vn 0.0466 -0.3133 0.9485
vn 0.0283 0.8173 0.5756
vn 0.0458 -0.3595 0.9320
vn 0.0302 0.7880 0.6150
vn 0.0449 -0.4048 0.9133
vn 0.0321 0.7568 0.6528
vn 0.0438 -0.4492 0.8924
vn 0.0339 0.7238 0.6891
vn 0.0427 -0.4925 0.8693
vn 0.0356 0.6891 0.7238
vn 0.0415 -0.5345 0.8441
vn 0.0372 0.6527 0.7567
vn 0.0401 -0.5753 0.8169
vn 0.0387 0.6148 0.7878
vn 0.0387 -0.6148 0.7878
vn 0.0401 0.5754 0.8169
vn 0.0372 -0.6527 0.7567
vn 0.0415 0.5345 0.8441
vn 0.0356 -0.6891 0.7238
vn 0.0427 0.4924 0.8693
vn 0.0339 -0.7238 0.6891
vn 0.0438 0.4492 0.8924
vn 0.0321 -0.7568 0.6528
vn 0.0449 0.4048 0.9133
vn 0.0302 -0.7880 0.6149
vn 0.0458 0.3595 0.9320
vn 0.0283 -0.8173 0.5756
vn 0.0466 0.3133 0.9485
vn 0.0263 -0.8446 0.5348
vn 0.0473 0.2664 0.9627
vn 0.0012 0.9997 0.0245
vn 0.0242 -0.8698 0.4928
vn 0.0479 0.2189 0.9746
vn 0.0036 0.9973 0.0736
vn 0.0221 -0.8930 0.4495
vn 0.0484 0.1708 0.9841
vn 0.0060 0.9925 0.1224
vn 0.0199 -0.9140 0.4052
vn 0.0487 0.1223 0.9913
vn 0.0084 0.9852 0.1710
vn 0.0177 -0.9328 0.3598
vn 0.0489 0.0735 0.9961
vn 0.0108 0.9756 0.2191
vn 0.0154 -0.9494 0.3136
vn 0.0491 0.0245 0.9985
vn 0.0131 0.9637 0.2667
vn 0.0131 -0.9637 0.2667
vn 0.0491 -0.0245 0.9985
vn 0.0154 0.9494 0.3136
vn 0.0108 -0.9756 0.2191
vn 0.0489 -0.0735 0.9961
vn 0.0177 0.9328 0.3598
vn 0.0084 -0.9852 0.1710
vn 0.0487 -0.1223 0.9913
vn 0.0199 0.9140 0.4052
vn 0.0060 -0.9925 0.1224
vn 0.0483 -0.1707 0.9841
vn 0.0221 0.8930 0.4495
vn 0.0036 -0.9973 0.0736
vn 0.0479 -0.2188 0.9746
vn 0.0242 0.8698 0.4928
vn 0.0012 -0.9997 0.0245
vn 0.0473 -0.2664 0.9627
vn -0.0491 -0.0245 0.9985
vn -0.0959 0.7568 0.6465
vn -0.1277 0.4925 0.8609
vn -0.0959 -0.7568 0.6466
vn -0.2115 -0.4925 0.8443
vn -0.2115 0.4924 0.8443
vn -0.2371 0.2188 0.9465
vn -0.2371 -0.2189 0.9465
vn -0.4172 0.2188 0.8821
vn -0.4172 -0.2189 0.8821
vn -0.3725 -0.6891 0.6216
vn -0.5016 0.2188 0.8369
vn -0.5016 -0.2189 0.8369
vn -0.3726 0.6891 0.6216
vn -0.5813 0.2189 0.7837
vn -0.5813 -0.2188 0.7837
vn -0.6553 0.2189 0.7230
vn -0.1149 -0.9852 0.1268
vn -0.6553 -0.2188 0.7230
vn -0.7230 0.2189 0.6553
vn -0.7230 -0.2188 0.6553
vn -0.7914 -0.1708 0.5869
vn -0.0591 -0.9973 0.0439
vn -0.0592 0.9973 0.0439
vn -0.7914 0.1708 0.5870
vn -0.0694 -0.9973 0.0248
vn -0.6150 0.7880 0.0302
vn -0.6149 -0.7880 0.0302
vn -0.1150 0.9852 -0.1268
vn -0.1149 -0.9852 -0.1268
vn -0.3726 0.6891 -0.6216
vn -0.3725 -0.6891 -0.6216
vn -0.3080 -0.4048 -0.8609
vn -0.3081 0.4048 -0.8609
vn -0.1446 -0.1708 -0.9746
vn -0.0959 0.7568 -0.6466
vn -0.0959 -0.7568 -0.6465
vn -0.1446 0.1707 -0.9746
vn -0.0302 0.7880 -0.6149
vn -0.0427 -0.4925 -0.8693
vn -0.0401 -0.5753 -0.8169
vn -0.0401 0.5754 -0.8169
vn -0.0427 0.4924 -0.8693
vn -0.0302 -0.7880 -0.6150
vn 0.0302 0.7880 -0.6150
vn 0.0302 -0.7880 -0.6149
vn 0.0483 0.1707 -0.9841
vn 0.0483 -0.1708 -0.9841
vn 0.0959 0.7568 -0.6466
vn 0.1200 -0.5753 -0.8091
vn 0.1200 0.5754 -0.8091
vn 0.0959 -0.7568 -0.6465
vn 0.1987 -0.5754 -0.7934
vn 0.1987 0.5753 -0.7934
vn 0.1094 -0.8930 -0.4366
vn 0.1093 0.8930 -0.4366
vn 0.2755 -0.5754 -0.7701
vn 0.2755 0.5753 -0.7701
vn 0.3080 0.4048 -0.8609
vn 0.1804 -0.8446 -0.5042
vn 0.3319 0.1707 -0.9277
vn 0.3319 -0.1708 -0.9277
vn 0.1804 0.8446 -0.5041
vn 0.3081 -0.4048 -0.8609
vn 0.4205 -0.5754 -0.7015
vn 0.4205 0.5753 -0.7015
vn 0.0438 0.9973 -0.0592
vn 0.4872 -0.5754 -0.6569
vn 0.4872 0.5753 -0.6569
vn 0.6617 0.1708 -0.7301
vn 0.6060 0.5754 -0.5493
vn 0.6216 0.6891 -0.3725
vn 0.6216 -0.6891 -0.3726
vn 0.5210 -0.8173 -0.2464
vn 0.5209 0.8173 -0.2464
vn 0.8609 0.4048 -0.3081
vn 0.0694 -0.9973 -0.0248
vn 0.8609 -0.4048 -0.3080
vn 0.6693 -0.7238 -0.1676
vn 0.6693 0.7238 -0.1677
vn 0.8609 -0.4048 0.3080
vn 0.5041 0.8446 0.1804
vn 0.5042 -0.8446 0.1804
vn 0.8609 0.4048 0.3081
vn 0.0694 0.9973 0.0248
vn 0.2694 -0.9494 0.1614
vn 0.2693 0.9494 0.1614
vn 0.0592 0.9973 0.0439
vn 0.0545 0.9973 0.0495
vn 0.0546 -0.9973 0.0495
vn 0.1150 0.9852 0.1268
vn 0.1149 -0.9852 0.1268
vn 0.5845 -0.4925 0.6449
vn 0.5845 0.4924 0.6449
vn 0.4882 -0.3133 0.8145
vn 0.4474 -0.4925 0.7465
vn 0.4474 0.4924 0.7465
vn 0.4882 0.3134 0.8145
vn 0.3721 -0.4925 0.7868
vn 0.3721 0.4924 0.7868
vn 0.2932 -0.4925 0.8195
vn 0.2932 0.4924 0.8195
vn 0.1093 0.8930 0.4366
vn 0.1676 0.7238 0.6693
vn 0.1677 -0.7238 0.6693
vn 0.1094 -0.8930 0.4366
vn 0.0302 0.7880 0.6149
vn 0.0427 -0.4924 0.8693
vn 0.0401 -0.5754 0.8169
vn 0.0401 0.5753 0.8169
vn 0.0427 0.4925 0.8693
vn 0.0479 0.2188 0.9746
vn 0.0483 0.1707 0.9841
vn 0.0484 -0.1708 0.9841
vn 0.0479 -0.2189 0.9746
vt 0.750000 0.187500
vt 0.734375 0.203125
vt 0.734375 0.187500
vt 0.750000 0.609375
vt 0.734375 0.593750
vt 0.750000 0.593750
vt 0.750000 0.171875
vt 0.734375 0.171875
vt 0.734375 0.578125
vt 0.750000 0.578125
vt 0.750000 0.984375
vt 0.742188 1.000000
vt 0.734375 0.984375
vt 0.750000 0.156250
vt 0.734375 0.156250
vt 0.750000 0.562500
vt 0.734375 0.562500
vt 0.750000 0.968750
vt 0.734375 0.968750
vt 0.734375 0.140625
vt 0.750000 0.140625
vt 0.734375 0.546875
vt 0.750000 0.546875
vt 0.750000 0.953125
vt 0.734375 0.953125
vt 0.750000 0.125000
vt 0.734375 0.125000
vt 0.734375 0.531250
vt 0.750000 0.531250
vt 0.750000 0.937500
vt 0.734375 0.937500
vt 0.750000 0.109375
vt 0.734375 0.109375
vt 0.734375 0.515625
vt 0.750000 0.515625
vt 0.750000 0.921875
vt 0.734375 0.921875
vt 0.734375 0.093750
vt 0.750000 0.093750
vt 0.750000 0.500000
vt 0.734375 0.500000
vt 0.750000 0.906250
vt 0.734375 0.906250
vt 0.734375 0.078125
vt 0.750000 0.078125
vt 0.750000 0.484375
vt 0.734375 0.484375
vt 0.750000 0.890625
vt 0.734375 0.890625
vt 0.734375 0.062500
vt 0.750000 0.062500
vt 0.734375 0.468750
vt 0.750000 0.468750
vt 0.750000 0.875000
vt 0.734375 0.875000
vt 0.734375 0.046875
vt 0.750000 0.046875
vt 0.734375 0.453125
vt 0.750000 0.453125
vt 0.750000 0.859375
vt 0.734375 0.859375
vt 0.734375 0.031250
vt 0.750000 0.031250
vt 0.750000 0.437500
vt 0.734375 0.437500
vt 0.750000 0.843750
vt 0.734375 0.843750
vt 0.734375 0.015625
vt 0.750000 0.015625
vt 0.734375 0.421875
vt 0.750000 0.421875
vt 0.750000 0.828125
vt 0.734375 0.828125
vt 0.742188 0.000000
vt 0.734375 0.406250
vt 0.750000 0.406250
vt 0.750000 0.812500
vt 0.734375 0.812500
vt 0.734375 0.390625
vt 0.750000 0.390625
vt 0.734375 0.796875
vt 0.750000 0.796875
vt 0.750000 0.375000
vt 0.734375 0.375000
vt 0.734375 0.781250
vt 0.750000 0.781250
vt 0.734375 0.359375
vt 0.750000 0.359375
vt 0.750000 0.765625
vt 0.734375 0.765625
vt 0.734375 0.343750
vt 0.750000 0.343750
vt 0.750000 0.750000
vt 0.734375 0.750000
vt 0.734375 0.328125
vt 0.750000 0.328125
vt 0.734375 0.734375
vt 0.750000 0.734375
vt 0.734375 0.312500
vt 0.750000 0.312500
vt 0.750000 0.718750
vt 0.734375 0.718750
vt 0.750000 0.296875
vt 0.734375 0.296875
vt 0.750000 0.703125
vt 0.734375 0.703125
vt 0.734375 0.281250
vt 0.750000 0.281250
vt 0.734375 0.687500
vt 0.750000 0.687500
vt 0.734375 0.265625
vt 0.750000 0.265625
vt 0.734375 0.671875
vt 0.750000 0.671875
vt 0.750000 0.250000
vt 0.734375 0.250000
vt 0.734375 0.656250
vt 0.750000 0.656250
vt 0.734375 0.234375
vt 0.750000 0.234375
vt 0.734375 0.640625
vt 0.750000 0.640625
vt 0.734375 0.218750
vt 0.750000 0.218750
vt 0.750000 0.625000
vt 0.734375 0.625000
vt 0.750000 0.203125
vt 0.734375 0.609375
vt 0.718750 0.375000
vt 0.718750 0.781250
vt 0.718750 0.359375
vt 0.718750 0.765625
vt 0.718750 0.343750
vt 0.718750 0.750000
vt 0.718750 0.328125
vt 0.718750 0.734375
vt 0.718750 0.312500
vt 0.718750 0.718750
vt 0.718750 0.296875
vt 0.718750 0.703125
vt 0.718750 0.281250
vt 0.718750 0.687500
vt 0.718750 0.265625
vt 0.718750 0.671875
vt 0.718750 0.250000
vt 0.718750 0.656250
vt 0.718750 0.234375
vt 0.718750 0.640625
vt 0.718750 0.218750
vt 0.718750 0.625000
vt 0.718750 0.203125
vt 0.718750 0.609375
vt 0.718750 0.187500
vt 0.718750 0.593750
vt 0.718750 0.171875
vt 0.718750 0.578125
vt 0.726562 1.000000
vt 0.718750 0.984375
vt 0.718750 0.156250
vt 0.718750 0.562500
vt 0.718750 0.968750
vt 0.718750 0.140625
vt 0.718750 0.546875
vt 0.718750 0.953125
vt 0.718750 0.125000
vt 0.718750 0.531250
vt 0.718750 0.937500
vt 0.718750 0.109375
vt 0.718750 0.515625
vt 0.718750 0.921875
vt 0.718750 0.093750
vt 0.718750 0.500000
vt 0.718750 0.906250
vt 0.718750 0.078125
vt 0.718750 0.484375
vt 0.718750 0.890625
vt 0.718750 0.062500
vt 0.718750 0.468750
vt 0.718750 0.875000
vt 0.718750 0.046875
vt 0.718750 0.453125
vt 0.718750 0.859375
vt 0.718750 0.031250
vt 0.718750 0.437500
vt 0.718750 0.843750
vt 0.718750 0.015625
vt 0.718750 0.421875
vt 0.718750 0.828125
vt 0.726562 0.000000
vt 0.718750 0.406250
vt 0.718750 0.812500
vt 0.718750 0.390625
vt 0.718750 0.796875
vt 0.703125 0.343750
vt 0.703125 0.750000
vt 0.703125 0.328125
vt 0.703125 0.734375
vt 0.703125 0.312500
vt 0.703125 0.718750
vt 0.703125 0.296875
vt 0.703125 0.703125
vt 0.703125 0.281250
vt 0.703125 0.687500
vt 0.703125 0.265625
vt 0.703125 0.671875
vt 0.703125 0.250000
vt 0.703125 0.656250
vt 0.703125 0.234375
vt 0.703125 0.640625
vt 0.703125 0.218750
vt 0.703125 0.625000
vt 0.703125 0.203125
vt 0.703125 0.609375
vt 0.703125 0.187500
vt 0.703125 0.593750
vt 0.703125 0.171875
vt 0.703125 0.578125
vt 0.710938 1.000000
vt 0.703125 0.984375
vt 0.703125 0.156250
vt 0.703125 0.562500
vt 0.703125 0.968750
vt 0.703125 0.140625
vt 0.703125 0.546875
vt 0.703125 0.953125
vt 0.703125 0.125000
vt 0.703125 0.531250
vt 0.703125 0.937500
vt 0.703125 0.109375
vt 0.703125 0.515625
vt 0.703125 0.921875
vt 0.703125 0.093750
vt 0.703125 0.500000
vt 0.703125 0.906250
vt 0.703125 0.078125
vt 0.703125 0.484375
vt 0.703125 0.890625
vt 0.703125 0.062500
vt 0.703125 0.468750
vt 0.703125 0.875000
vt 0.703125 0.046875
vt 0.703125 0.453125
vt 0.703125 0.859375
vt 0.703125 0.031250
vt 0.703125 0.437500
vt 0.703125 0.843750
vt 0.703125 0.015625
vt 0.703125 0.421875
vt 0.703125 0.828125
vt 0.710938 0.000000
vt 0.703125 0.406250
vt 0.703125 0.812500
vt 0.703125 0.390625
vt 0.703125 0.796875
vt 0.703125 0.375000
vt 0.703125 0.781250
vt 0.703125 0.359375
vt 0.703125 0.765625
vt 0.687500 0.328125
vt 0.687500 0.312500
vt 0.687500 0.718750
vt 0.687500 0.296875
vt 0.687500 0.703125
vt 0.687500 0.281250
vt 0.687500 0.687500
vt 0.687500 0.265625
vt 0.687500 0.671875
vt 0.687500 0.250000
vt 0.687500 0.656250
vt 0.687500 0.234375
vt 0.687500 0.640625
vt 0.687500 0.218750
vt 0.687500 0.625000
vt 0.687500 0.203125
vt 0.687500 0.609375
vt 0.687500 0.187500
vt 0.687500 0.593750
vt 0.687500 0.171875
vt 0.687500 0.578125
vt 0.695312 1.000000
vt 0.687500 0.984375
vt 0.687500 0.156250
vt 0.687500 0.562500
vt 0.687500 0.968750
vt 0.687500 0.140625
vt 0.687500 0.546875
vt 0.687500 0.953125
vt 0.687500 0.125000
vt 0.687500 0.531250
vt 0.687500 0.937500
vt 0.687500 0.109375
vt 0.687500 0.515625
vt 0.687500 0.921875
vt 0.687500 0.093750
vt 0.687500 0.500000
vt 0.687500 0.906250
vt 0.687500 0.078125
vt 0.687500 0.484375
vt 0.687500 0.890625
vt 0.687500 0.062500
vt 0.687500 0.468750
vt 0.687500 0.875000
vt 0.687500 0.046875
vt 0.687500 0.453125
vt 0.687500 0.859375
vt 0.687500 0.031250
vt 0.687500 0.437500
vt 0.687500 0.843750
vt 0.687500 0.015625
vt 0.687500 0.421875
vt 0.687500 0.828125
vt 0.695312 0.000000
vt 0.687500 0.406250
vt 0.687500 0.812500
vt 0.687500 0.390625
vt 0.687500 0.796875
vt 0.687500 0.375000
vt 0.687500 0.781250
vt 0.687500 0.359375
vt 0.687500 0.765625
vt 0.687500 0.343750
vt 0.687500 0.750000
vt 0.687500 0.734375
vt 0.671875 0.281250
vt 0.671875 0.703125
vt 0.671875 0.687500
vt 0.671875 0.265625
vt 0.671875 0.671875
vt 0.671875 0.250000
vt 0.671875 0.656250
vt 0.671875 0.234375
vt 0.671875 0.640625
vt 0.671875 0.218750
vt 0.671875 0.625000
vt 0.671875 0.203125
vt 0.671875 0.609375
vt 0.671875 0.187500
vt 0.671875 0.593750
vt 0.671875 0.171875
vt 0.671875 0.578125
vt 0.679688 1.000000
vt 0.671875 0.984375
vt 0.671875 0.156250
vt 0.671875 0.562500
vt 0.671875 0.968750
vt 0.671875 0.140625
vt 0.671875 0.546875
vt 0.671875 0.953125
vt 0.671875 0.125000
vt 0.671875 0.531250
vt 0.671875 0.937500
vt 0.671875 0.109375
vt 0.671875 0.515625
vt 0.671875 0.921875
vt 0.671875 0.093750
vt 0.671875 0.500000
vt 0.671875 0.906250
vt 0.671875 0.078125
vt 0.671875 0.484375
vt 0.671875 0.890625
vt 0.671875 0.062500
vt 0.671875 0.468750
vt 0.671875 0.875000
vt 0.671875 0.046875
vt 0.671875 0.453125
vt 0.671875 0.859375
vt 0.671875 0.031250
vt 0.671875 0.437500
vt 0.671875 0.843750
vt 0.671875 0.015625
vt 0.671875 0.421875
vt 0.671875 0.828125
vt 0.679688 0.000000
vt 0.671875 0.406250
vt 0.671875 0.812500
vt 0.671875 0.390625
vt 0.671875 0.796875
vt 0.671875 0.375000
vt 0.671875 0.781250
vt 0.671875 0.359375
vt 0.671875 0.765625
vt 0.671875 0.343750
vt 0.671875 0.750000
vt 0.671875 0.328125
vt 0.671875 0.734375
vt 0.671875 0.312500
vt 0.671875 0.718750
vt 0.671875 0.296875
vt 0.656250 0.265625
vt 0.656250 0.250000
vt 0.656250 0.656250
vt 0.656250 0.234375
vt 0.656250 0.640625
vt 0.656250 0.218750
vt 0.656250 0.625000
vt 0.656250 0.203125
vt 0.656250 0.609375
vt 0.656250 0.187500
vt 0.656250 0.593750
vt 0.656250 0.171875
vt 0.656250 0.578125
vt 0.664062 1.000000
vt 0.656250 0.984375
vt 0.656250 0.156250
vt 0.656250 0.562500
vt 0.656250 0.968750
vt 0.656250 0.140625
vt 0.656250 0.546875
vt 0.656250 0.953125
vt 0.656250 0.125000
vt 0.656250 0.531250
vt 0.656250 0.937500
vt 0.656250 0.109375
vt 0.656250 0.515625
vt 0.656250 0.921875
vt 0.656250 0.093750
vt 0.656250 0.500000
vt 0.656250 0.906250
vt 0.656250 0.078125
vt 0.656250 0.484375
vt 0.656250 0.890625
vt 0.656250 0.062500
vt 0.656250 0.468750
vt 0.656250 0.875000
vt 0.656250 0.046875
vt 0.656250 0.453125
vt 0.656250 0.859375
vt 0.656250 0.031250
vt 0.656250 0.437500
vt 0.656250 0.843750
vt 0.656250 0.015625
vt 0.656250 0.421875
vt 0.656250 0.828125
vt 0.664062 0.000000
vt 0.656250 0.406250
vt 0.656250 0.812500
vt 0.656250 0.390625
vt 0.656250 0.796875
vt 0.656250 0.375000
vt 0.656250 0.781250
vt 0.656250 0.359375
vt 0.656250 0.765625
vt 0.656250 0.343750
vt 0.656250 0.750000
vt 0.656250 0.328125
vt 0.656250 0.734375
vt 0.656250 0.312500
vt 0.656250 0.718750
vt 0.656250 0.296875
vt 0.656250 0.703125
vt 0.656250 0.281250
vt 0.656250 0.687500
vt 0.656250 0.671875
vt 0.640625 0.234375
vt 0.640625 0.218750
vt 0.640625 0.625000
vt 0.640625 0.203125
vt 0.640625 0.609375
vt 0.640625 0.187500
vt 0.640625 0.593750
vt 0.640625 0.171875
vt 0.640625 0.578125
vt 0.648438 1.000000
vt 0.640625 0.984375
vt 0.640625 0.156250
vt 0.640625 0.562500
vt 0.640625 0.968750
vt 0.640625 0.140625
vt 0.640625 0.546875
vt 0.640625 0.953125
vt 0.640625 0.125000
vt 0.640625 0.531250
vt 0.640625 0.937500
vt 0.640625 0.109375
vt 0.640625 0.515625
vt 0.640625 0.921875
vt 0.640625 0.093750
vt 0.640625 0.500000
vt 0.640625 0.906250
vt 0.640625 0.078125
vt 0.640625 0.484375
vt 0.640625 0.890625
vt 0.640625 0.062500
vt 0.640625 0.468750
vt 0.640625 0.875000
vt 0.640625 0.046875
vt 0.640625 0.453125
vt 0.640625 0.859375
vt 0.640625 0.031250
vt 0.640625 0.437500
vt 0.640625 0.843750
vt 0.640625 0.015625
vt 0.640625 0.421875
vt 0.640625 0.828125
vt 0.648438 0.000000
vt 0.640625 0.406250
vt 0.640625 0.812500
vt 0.640625 0.390625
vt 0.640625 0.796875
vt 0.640625 0.375000
vt 0.640625 0.781250
vt 0.640625 0.359375
vt 0.640625 0.765625
vt 0.640625 0.343750
vt 0.640625 0.750000
vt 0.640625 0.328125
vt 0.640625 0.734375
vt 0.640625 0.312500
vt 0.640625 0.718750
vt 0.640625 0.296875
vt 0.640625 0.703125
vt 0.640625 0.281250
vt 0.640625 0.687500
vt 0.640625 0.265625
vt 0.640625 0.671875
vt 0.640625 0.250000
vt 0.640625 0.656250
vt 0.640625 0.640625
vt 0.625000 0.187500
vt 0.625000 0.593750
vt 0.625000 0.171875
vt 0.625000 0.578125
vt 0.632812 1.000000
vt 0.625000 0.984375
vt 0.625000 0.156250
vt 0.625000 0.562500
vt 0.625000 0.968750
vt 0.625000 0.140625
vt 0.625000 0.546875
vt 0.625000 0.953125
vt 0.625000 0.125000
vt 0.625000 0.531250
vt 0.625000 0.937500
vt 0.625000 0.109375
vt 0.625000 0.515625
vt 0.625000 0.921875
vt 0.625000 0.093750
vt 0.625000 0.500000
vt 0.625000 0.906250
vt 0.625000 0.078125
vt 0.625000 0.484375
vt 0.625000 0.890625
vt 0.625000 0.062500
vt 0.625000 0.468750
vt 0.625000 0.875000
vt 0.625000 0.046875
vt 0.625000 0.453125
vt 0.625000 0.859375
vt 0.625000 0.031250
vt 0.625000 0.437500
vt 0.625000 0.843750
vt 0.625000 0.015625
vt 0.625000 0.421875
vt 0.625000 0.828125
vt 0.632812 0.000000
vt 0.625000 0.406250
vt 0.625000 0.812500
vt 0.625000 0.390625
vt 0.625000 0.796875
vt 0.625000 0.375000
vt 0.625000 0.781250
vt 0.625000 0.359375
vt 0.625000 0.765625
vt 0.625000 0.343750
vt 0.625000 0.750000
vt 0.625000 0.328125
vt 0.625000 0.734375
vt 0.625000 0.312500
vt 0.625000 0.718750
vt 0.625000 0.296875
vt 0.625000 0.703125
vt 0.625000 0.281250
vt 0.625000 0.687500
vt 0.625000 0.265625
vt 0.625000 0.671875
vt 0.625000 0.250000
vt 0.625000 0.656250
vt 0.625000 0.234375
vt 0.625000 0.640625
vt 0.625000 0.218750
vt 0.625000 0.625000
vt 0.625000 0.203125
vt 0.625000 0.609375
vt 0.609375 0.171875
vt 0.609375 0.156250
vt 0.609375 0.578125
vt 0.609375 0.562500
vt 0.609375 0.984375
vt 0.609375 0.968750
vt 0.609375 0.140625
vt 0.609375 0.546875
vt 0.609375 0.953125
vt 0.609375 0.125000
vt 0.609375 0.531250
vt 0.609375 0.937500
vt 0.609375 0.109375
vt 0.609375 0.515625
vt 0.609375 0.921875
vt 0.609375 0.093750
vt 0.609375 0.500000
vt 0.609375 0.906250
vt 0.609375 0.078125
vt 0.609375 0.484375
vt 0.609375 0.890625
vt 0.609375 0.062500
vt 0.609375 0.468750
vt 0.609375 0.875000
vt 0.609375 0.046875
vt 0.609375 0.453125
vt 0.609375 0.859375
vt 0.609375 0.031250
vt 0.609375 0.437500
vt 0.609375 0.843750
vt 0.609375 0.015625
vt 0.609375 0.421875
vt 0.609375 0.828125
vt 0.617188 0.000000
vt 0.609375 0.406250
vt 0.609375 0.812500
vt 0.609375 0.390625
vt 0.609375 0.796875
vt 0.609375 0.375000
vt 0.609375 0.781250
vt 0.609375 0.359375
vt 0.609375 0.765625
vt 0.609375 0.343750
vt 0.609375 0.750000
vt 0.609375 0.328125
vt 0.609375 0.734375
vt 0.609375 0.312500
vt 0.609375 0.718750
vt 0.609375 0.296875
vt 0.609375 0.703125
vt 0.609375 0.281250
vt 0.609375 0.687500
vt 0.609375 0.265625
vt 0.609375 0.671875
vt 0.609375 0.250000
vt 0.609375 0.656250
vt 0.609375 0.234375
vt 0.609375 0.640625
vt 0.609375 0.218750
vt 0.609375 0.625000
vt 0.609375 0.203125
vt 0.609375 0.609375
vt 0.609375 0.187500
vt 0.609375 0.593750
vt 0.617188 1.000000
vt 0.593750 0.140625
vt 0.593750 0.125000
vt 0.593750 0.546875
vt 0.593750 0.531250
vt 0.593750 0.937500
vt 0.593750 0.109375
vt 0.593750 0.515625
vt 0.593750 0.921875
vt 0.593750 0.093750
vt 0.593750 0.500000
vt 0.593750 0.906250
vt 0.593750 0.078125
vt 0.593750 0.484375
vt 0.593750 0.890625
vt 0.593750 0.062500
vt 0.593750 0.468750
vt 0.593750 0.875000
vt 0.593750 0.046875
vt 0.593750 0.453125
vt 0.593750 0.859375
vt 0.593750 0.031250
vt 0.593750 0.437500
vt 0.593750 0.843750
vt 0.593750 0.015625
vt 0.593750 0.421875
vt 0.593750 0.828125
vt 0.601562 0.000000
vt 0.593750 0.406250
vt 0.593750 0.812500
vt 0.593750 0.390625
vt 0.593750 0.796875
vt 0.593750 0.375000
vt 0.593750 0.781250
vt 0.593750 0.359375
vt 0.593750 0.765625
vt 0.593750 0.343750
vt 0.593750 0.750000
vt 0.593750 0.328125
vt 0.593750 0.734375
vt 0.593750 0.312500
vt 0.593750 0.718750
vt 0.593750 0.296875
vt 0.593750 0.703125
vt 0.593750 0.281250
vt 0.593750 0.687500
vt 0.593750 0.265625
vt 0.593750 0.671875
vt 0.593750 0.250000
vt 0.593750 0.656250
vt 0.593750 0.234375
vt 0.593750 0.640625
vt 0.593750 0.218750
vt 0.593750 0.625000
vt 0.593750 0.203125
vt 0.593750 0.609375
vt 0.593750 0.187500
vt 0.593750 0.593750
vt 0.593750 0.171875
vt 0.593750 0.578125
vt 0.601562 1.000000
vt 0.593750 0.984375
vt 0.593750 0.156250
vt 0.593750 0.562500
vt 0.593750 0.968750
vt 0.593750 0.953125
vt 0.578125 0.093750
vt 0.578125 0.515625
vt 0.578125 0.500000
vt 0.578125 0.906250
vt 0.578125 0.078125
vt 0.578125 0.484375
vt 0.578125 0.890625
vt 0.578125 0.062500
vt 0.578125 0.468750
vt 0.578125 0.875000
vt 0.578125 0.046875
vt 0.578125 0.453125
vt 0.578125 0.859375
vt 0.578125 0.031250
vt 0.578125 0.437500
vt 0.578125 0.843750
vt 0.578125 0.015625
vt 0.578125 0.421875
vt 0.578125 0.828125
vt 0.585938 0.000000
vt 0.578125 0.406250
vt 0.578125 0.812500
vt 0.578125 0.390625
vt 0.578125 0.796875
vt 0.578125 0.375000
vt 0.578125 0.781250
vt 0.578125 0.359375
vt 0.578125 0.765625
vt 0.578125 0.343750
vt 0.578125 0.750000
vt 0.578125 0.328125
vt 0.578125 0.734375
vt 0.578125 0.312500
vt 0.578125 0.718750
vt 0.578125 0.296875
vt 0.578125 0.703125
vt 0.578125 0.281250
vt 0.578125 0.687500
vt 0.578125 0.265625
vt 0.578125 0.671875
vt 0.578125 0.250000
vt 0.578125 0.656250
vt 0.578125 0.234375
vt 0.578125 0.640625
vt 0.578125 0.218750
vt 0.578125 0.625000
vt 0.578125 0.203125
vt 0.578125 0.609375
vt 0.578125 0.187500
vt 0.578125 0.593750
vt 0.578125 0.171875
vt 0.578125 0.578125
vt 0.585938 1.000000
vt 0.578125 0.984375
vt 0.578125 0.156250
vt 0.578125 0.562500
vt 0.578125 0.968750
vt 0.578125 0.140625
vt 0.578125 0.546875
vt 0.578125 0.953125
vt 0.578125 0.125000
vt 0.578125 0.531250
vt 0.578125 0.937500
vt 0.578125 0.109375
vt 0.578125 0.921875
vt 0.562500 0.062500
vt 0.562500 0.484375
vt 0.562500 0.468750
vt 0.562500 0.890625
vt 0.562500 0.875000
vt 0.562500 0.046875
vt 0.562500 0.453125
vt 0.562500 0.859375
vt 0.562500 0.031250
vt 0.562500 0.437500
vt 0.562500 0.843750
vt 0.562500 0.015625
vt 0.562500 0.421875
vt 0.562500 0.828125
vt 0.570312 0.000000
vt 0.562500 0.406250
vt 0.562500 0.812500
vt 0.562500 0.390625
vt 0.562500 0.796875
vt 0.562500 0.375000
vt 0.562500 0.781250
vt 0.562500 0.359375
vt 0.562500 0.765625
vt 0.562500 0.343750
vt 0.562500 0.750000
vt 0.562500 0.328125
vt 0.562500 0.734375
vt 0.562500 0.312500
vt 0.562500 0.718750
vt 0.562500 0.296875
vt 0.562500 0.703125
vt 0.562500 0.281250
vt 0.562500 0.687500
vt 0.562500 0.265625
vt 0.562500 0.671875
vt 0.562500 0.250000
vt 0.562500 0.656250
vt 0.562500 0.234375
vt 0.562500 0.640625
vt 0.562500 0.218750
vt 0.562500 0.625000
vt 0.562500 0.203125
vt 0.562500 0.609375
vt 0.562500 0.187500
vt 0.562500 0.593750
vt 0.562500 0.171875
vt 0.562500 0.578125
vt 0.570312 1.000000
vt 0.562500 0.984375
vt 0.562500 0.156250
vt 0.562500 0.562500
vt 0.562500 0.968750
vt 0.562500 0.140625
vt 0.562500 0.546875
vt 0.562500 0.953125
vt 0.562500 0.125000
vt 0.562500 0.531250
vt 0.562500 0.937500
vt 0.562500 0.109375
vt 0.562500 0.515625
vt 0.562500 0.921875
vt 0.562500 0.093750
vt 0.562500 0.500000
vt 0.562500 0.906250
vt 0.562500 0.078125
vt 0.546875 0.031250
vt 0.546875 0.437500
vt 0.546875 0.859375
vt 0.546875 0.843750
vt 0.546875 0.015625
vt 0.546875 0.421875
vt 0.546875 0.828125
vt 0.554688 0.000000
vt 0.546875 0.406250
vt 0.546875 0.812500
vt 0.546875 0.390625
vt 0.546875 0.796875
vt 0.546875 0.375000
vt 0.546875 0.781250
vt 0.546875 0.359375
vt 0.546875 0.765625
vt 0.546875 0.343750
vt 0.546875 0.750000
vt 0.546875 0.328125
vt 0.546875 0.734375
vt 0.546875 0.312500
vt 0.546875 0.718750
vt 0.546875 0.296875
vt 0.546875 0.703125
vt 0.546875 0.281250
vt 0.546875 0.687500
vt 0.546875 0.265625
vt 0.546875 0.671875
vt 0.546875 0.250000
vt 0.546875 0.656250
vt 0.546875 0.234375
vt 0.546875 0.640625
vt 0.546875 0.218750
vt 0.546875 0.625000
vt 0.546875 0.203125
vt 0.546875 0.609375
vt 0.546875 0.187500
vt 0.546875 0.593750
vt 0.546875 0.171875
vt 0.546875 0.578125
vt 0.554688 1.000000
vt 0.546875 0.984375
vt 0.546875 0.156250
vt 0.546875 0.562500
vt 0.546875 0.968750
vt 0.546875 0.140625
vt 0.546875 0.546875
vt 0.546875 0.953125
vt 0.546875 0.125000
vt 0.546875 0.531250
vt 0.546875 0.937500
vt 0.546875 0.109375
vt 0.546875 0.515625
vt 0.546875 0.921875
vt 0.546875 0.093750
vt 0.546875 0.500000
vt 0.546875 0.906250
vt 0.546875 0.078125
vt 0.546875 0.484375
vt 0.546875 0.890625
vt 0.546875 0.062500
vt 0.546875 0.468750
vt 0.546875 0.875000
vt 0.546875 0.046875
vt 0.546875 0.453125
vt 0.531250 0.187500
vt 0.531250 0.812500
vt 0.531250 0.171875
vt 0.531250 0.593750
vt 0.531250 0.578125
vt 0.531250 0.796875
vt 0.531250 0.156250
vt 0.531250 0.562500
vt 0.531250 0.781250
vt 0.531250 0.140625
vt 0.531250 0.546875
vt 0.531250 0.765625
vt 0.531250 0.125000
vt 0.531250 0.531250
vt 0.531250 0.750000
vt 0.531250 0.109375
vt 0.531250 0.515625
vt 0.531250 0.734375
vt 0.531250 0.093750
vt 0.531250 0.500000
vt 0.531250 0.718750
vt 0.531250 0.078125
vt 0.531250 0.484375
vt 0.531250 0.703125
vt 0.531250 0.062500
vt 0.531250 0.468750
vt 0.531250 0.687500
vt 0.531250 0.046875
vt 0.531250 0.453125
vt 0.531250 0.671875
vt 0.531250 0.031250
vt 0.531250 0.437500
vt 0.531250 0.656250
vt 0.531250 0.015625
vt 0.531250 0.421875
vt 0.531250 0.640625
vt 0.539062 0.000000
vt 0.531250 0.406250
vt 0.531250 0.625000
vt 0.531250 0.390625
vt 0.531250 0.609375
vt 0.531250 0.375000
vt 0.531250 0.359375
vt 0.539062 1.000000
vt 0.531250 0.984375
vt 0.531250 0.343750
vt 0.531250 0.968750
vt 0.531250 0.328125
vt 0.531250 0.953125
vt 0.531250 0.312500
vt 0.531250 0.937500
vt 0.531250 0.296875
vt 0.531250 0.921875
vt 0.531250 0.281250
vt 0.531250 0.906250
vt 0.531250 0.265625
vt 0.531250 0.890625
vt 0.531250 0.250000
vt 0.531250 0.875000
vt 0.531250 0.234375
vt 0.531250 0.859375
vt 0.531250 0.218750
vt 0.531250 0.843750
vt 0.531250 0.203125
vt 0.531250 0.828125
vt 0.515625 0.171875
vt 0.515625 0.156250
vt 0.515625 0.562500
vt 0.515625 0.968750
vt 0.515625 0.140625
vt 0.515625 0.546875
vt 0.515625 0.953125
vt 0.515625 0.125000
vt 0.515625 0.531250
vt 0.515625 0.937500
vt 0.515625 0.109375
vt 0.515625 0.515625
vt 0.515625 0.921875
vt 0.515625 0.093750
vt 0.515625 0.500000
vt 0.515625 0.906250
vt 0.515625 0.078125
vt 0.515625 0.484375
vt 0.515625 0.890625
vt 0.515625 0.062500
vt 0.515625 0.468750
vt 0.515625 0.875000
vt 0.515625 0.046875
vt 0.515625 0.453125
vt 0.515625 0.859375
vt 0.515625 0.031250
vt 0.515625 0.437500
vt 0.515625 0.843750
vt 0.515625 0.015625
vt 0.515625 0.421875
vt 0.515625 0.828125
vt 0.523438 0.000000
vt 0.515625 0.406250
vt 0.515625 0.812500
vt 0.515625 0.390625
vt 0.515625 0.796875
vt 0.515625 0.375000
vt 0.515625 0.781250
vt 0.515625 0.359375
vt 0.515625 0.765625
vt 0.515625 0.343750
vt 0.515625 0.750000
vt 0.515625 0.328125
vt 0.515625 0.734375
vt 0.515625 0.312500
vt 0.515625 0.718750
vt 0.515625 0.296875
vt 0.515625 0.703125
vt 0.515625 0.281250
vt 0.515625 0.687500
vt 0.515625 0.265625
vt 0.515625 0.671875
vt 0.515625 0.250000
vt 0.515625 0.656250
vt 0.515625 0.234375
vt 0.515625 0.640625
vt 0.515625 0.218750
vt 0.515625 0.625000
vt 0.515625 0.203125
vt 0.515625 0.609375
vt 0.515625 0.187500
vt 0.515625 0.593750
vt 0.515625 0.578125
vt 0.523438 1.000000
vt 0.515625 0.984375
vt 0.500000 0.140625
vt 0.500000 0.125000
vt 0.500000 0.546875
vt 0.500000 0.531250
vt 0.500000 0.953125
vt 0.500000 0.937500
vt 0.500000 0.109375
vt 0.500000 0.515625
vt 0.500000 0.921875
vt 0.500000 0.093750
vt 0.500000 0.500000
vt 0.500000 0.906250
vt 0.500000 0.078125
vt 0.500000 0.484375
vt 0.500000 0.890625
vt 0.500000 0.062500
vt 0.500000 0.468750
vt 0.500000 0.875000
vt 0.500000 0.046875
vt 0.500000 0.453125
vt 0.500000 0.859375
vt 0.500000 0.031250
vt 0.500000 0.437500
vt 0.500000 0.843750
vt 0.500000 0.015625
vt 0.500000 0.421875
vt 0.500000 0.828125
vt 0.507812 0.000000
vt 0.500000 0.406250
vt 0.500000 0.812500
vt 0.500000 0.390625
vt 0.500000 0.796875
vt 0.500000 0.375000
vt 0.500000 0.781250
vt 0.500000 0.359375
vt 0.500000 0.765625
vt 0.500000 0.343750
vt 0.500000 0.750000
vt 0.500000 0.328125
vt 0.500000 0.734375
vt 0.500000 0.312500
vt 0.500000 0.718750
vt 0.500000 0.296875
vt 0.500000 0.703125
vt 0.500000 0.281250
vt 0.500000 0.687500
vt 0.500000 0.265625
vt 0.500000 0.671875
vt 0.500000 0.250000
vt 0.500000 0.656250
vt 0.500000 0.234375
vt 0.500000 0.640625
vt 0.500000 0.218750
vt 0.500000 0.625000
vt 0.500000 0.203125
vt 0.500000 0.609375
vt 0.500000 0.187500
vt 0.500000 0.593750
vt 0.500000 0.171875
vt 0.500000 0.578125
vt 0.507812 1.000000
vt 0.500000 0.984375
vt 0.500000 0.156250
vt 0.500000 0.562500
vt 0.500000 0.968750
vt 0.484375 0.109375
vt 0.484375 0.093750
vt 0.484375 0.515625
vt 0.484375 0.500000
vt 0.484375 0.906250
vt 0.484375 0.078125
vt 0.484375 0.484375
vt 0.484375 0.890625
vt 0.484375 0.062500
vt 0.484375 0.468750
vt 0.484375 0.875000
vt 0.484375 0.046875
vt 0.484375 0.453125
vt 0.484375 0.859375
vt 0.484375 0.031250
vt 0.484375 0.437500
vt 0.484375 0.843750
vt 0.484375 0.015625
vt 0.484375 0.421875
vt 0.484375 0.828125
vt 0.492188 0.000000
vt 0.484375 0.406250
vt 0.484375 0.812500
vt 0.484375 0.390625
vt 0.484375 0.796875
vt 0.484375 0.375000
vt 0.484375 0.781250
vt 0.484375 0.359375
vt 0.484375 0.765625
vt 0.484375 0.343750
vt 0.484375 0.750000
vt 0.484375 0.328125
vt 0.484375 0.734375
vt 0.484375 0.312500
vt 0.484375 0.718750
vt 0.484375 0.296875
vt 0.484375 0.703125
vt 0.484375 0.281250
vt 0.484375 0.687500
vt 0.484375 0.265625
vt 0.484375 0.671875
vt 0.484375 0.250000
vt 0.484375 0.656250
vt 0.484375 0.234375
vt 0.484375 0.640625
vt 0.484375 0.218750
vt 0.484375 0.625000
vt 0.484375 0.203125
vt 0.484375 0.609375
vt 0.484375 0.187500
vt 0.484375 0.593750
vt 0.484375 0.171875
vt 0.484375 0.578125
vt 0.492188 1.000000
vt 0.484375 0.984375
vt 0.484375 0.156250
vt 0.484375 0.562500
vt 0.484375 0.968750
vt 0.484375 0.140625
vt 0.484375 0.546875
vt 0.484375 0.953125
vt 0.484375 0.125000
vt 0.484375 0.531250
vt 0.484375 0.937500
vt 0.484375 0.921875
vt 0.468750 0.062500
vt 0.468750 0.484375
vt 0.468750 0.468750
vt 0.468750 0.890625
vt 0.468750 0.875000
vt 0.468750 0.046875
vt 0.468750 0.453125
vt 0.468750 0.859375
vt 0.468750 0.031250
vt 0.468750 0.437500
vt 0.468750 0.843750
vt 0.468750 0.015625
vt 0.468750 0.421875
vt 0.468750 0.828125
vt 0.476562 0.000000
vt 0.468750 0.406250
vt 0.468750 0.812500
vt 0.468750 0.390625
vt 0.468750 0.796875
vt 0.468750 0.375000
vt 0.468750 0.781250
vt 0.468750 0.359375
vt 0.468750 0.765625
vt 0.468750 0.343750
vt 0.468750 0.750000
vt 0.468750 0.328125
vt 0.468750 0.734375
vt 0.468750 0.312500
vt 0.468750 0.718750
vt 0.468750 0.296875
vt 0.468750 0.703125
vt 0.468750 0.281250
vt 0.468750 0.687500
vt 0.468750 0.265625
vt 0.468750 0.671875
vt 0.468750 0.250000
vt 0.468750 0.656250
vt 0.468750 0.234375
vt 0.468750 0.640625
vt 0.468750 0.218750
vt 0.468750 0.625000
vt 0.468750 0.203125
vt 0.468750 0.609375
vt 0.468750 0.187500
vt 0.468750 0.593750
vt 0.468750 0.171875
vt 0.468750 0.578125
vt 0.476562 1.000000
vt 0.468750 0.984375
vt 0.468750 0.156250
vt 0.468750 0.562500
vt 0.468750 0.968750
vt 0.468750 0.140625
vt 0.468750 0.546875
vt 0.468750 0.953125
vt 0.468750 0.125000
vt 0.468750 0.531250
vt 0.468750 0.937500
vt 0.468750 0.109375
vt 0.468750 0.515625
vt 0.468750 0.921875
vt 0.468750 0.093750
vt 0.468750 0.500000
vt 0.468750 0.906250
vt 0.468750 0.078125
vt 0.453125 0.046875
vt 0.453125 0.031250
vt 0.453125 0.453125
vt 0.453125 0.437500
vt 0.453125 0.859375
vt 0.453125 0.843750
vt 0.453125 0.015625
vt 0.453125 0.421875
vt 0.453125 0.828125
vt 0.460938 0.000000
vt 0.453125 0.406250
vt 0.453125 0.812500
vt 0.453125 0.390625
vt 0.453125 0.796875
vt 0.453125 0.375000
vt 0.453125 0.781250
vt 0.453125 0.359375
vt 0.453125 0.765625
vt 0.453125 0.343750
vt 0.453125 0.750000
vt 0.453125 0.328125
vt 0.453125 0.734375
vt 0.453125 0.312500
vt 0.453125 0.718750
vt 0.453125 0.296875
vt 0.453125 0.703125
vt 0.453125 0.281250
vt 0.453125 0.687500
vt 0.453125 0.265625
vt 0.453125 0.671875
vt 0.453125 0.250000
vt 0.453125 0.656250
vt 0.453125 0.234375
vt 0.453125 0.640625
vt 0.453125 0.218750
vt 0.453125 0.625000
vt 0.453125 0.203125
vt 0.453125 0.609375
vt 0.453125 0.187500
vt 0.453125 0.593750
vt 0.453125 0.171875
vt 0.453125 0.578125
vt 0.460938 1.000000
vt 0.453125 0.984375
vt 0.453125 0.156250
vt 0.453125 0.562500
vt 0.453125 0.968750
vt 0.453125 0.140625
vt 0.453125 0.546875
vt 0.453125 0.953125
vt 0.453125 0.125000
vt 0.453125 0.531250
vt 0.453125 0.937500
vt 0.453125 0.109375
vt 0.453125 0.515625
vt 0.453125 0.921875
vt 0.453125 0.093750
vt 0.453125 0.500000
vt 0.453125 0.906250
vt 0.453125 0.078125
vt 0.453125 0.484375
vt 0.453125 0.890625
vt 0.453125 0.062500
vt 0.453125 0.468750
vt 0.453125 0.875000
vt 0.445312 0.000000
vt 0.437500 0.015625
vt 0.437500 0.406250
vt 0.437500 0.812500
vt 0.437500 0.390625
vt 0.437500 0.796875
vt 0.437500 0.375000
vt 0.437500 0.781250
vt 0.437500 0.359375
vt 0.437500 0.765625
vt 0.437500 0.343750
vt 0.437500 0.750000
vt 0.437500 0.328125
vt 0.437500 0.734375
vt 0.437500 0.312500
vt 0.437500 0.718750
vt 0.437500 0.296875
vt 0.437500 0.703125
vt 0.437500 0.281250
vt 0.437500 0.687500
vt 0.437500 0.265625
vt 0.437500 0.671875
vt 0.437500 0.250000
vt 0.437500 0.656250
vt 0.437500 0.234375
vt 0.437500 0.640625
vt 0.437500 0.218750
vt 0.437500 0.625000
vt 0.437500 0.203125
vt 0.437500 0.609375
vt 0.437500 0.187500
vt 0.437500 0.593750
vt 0.437500 0.171875
vt 0.437500 0.578125
vt 0.445312 1.000000
vt 0.437500 0.984375
vt 0.437500 0.156250
vt 0.437500 0.562500
vt 0.437500 0.968750
vt 0.437500 0.140625
vt 0.437500 0.546875
vt 0.437500 0.953125
vt 0.437500 0.125000
vt 0.437500 0.531250
vt 0.437500 0.937500
vt 0.437500 0.109375
vt 0.437500 0.515625
vt 0.437500 0.921875
vt 0.437500 0.093750
vt 0.437500 0.500000
vt 0.437500 0.906250
vt 0.437500 0.078125
vt 0.437500 0.484375
vt 0.437500 0.890625
vt 0.437500 0.062500
vt 0.437500 0.468750
vt 0.437500 0.875000
vt 0.437500 0.046875
vt 0.437500 0.453125
vt 0.437500 0.859375
vt 0.437500 0.031250
vt 0.437500 0.437500
vt 0.437500 0.843750
vt 0.437500 0.421875
vt 0.437500 0.828125
vt 0.421875 0.390625
vt 0.421875 0.375000
vt 0.421875 0.781250
vt 0.421875 0.359375
vt 0.421875 0.765625
vt 0.421875 0.343750
vt 0.421875 0.750000
vt 0.421875 0.328125
vt 0.421875 0.734375
vt 0.421875 0.312500
vt 0.421875 0.718750
vt 0.421875 0.296875
vt 0.421875 0.703125
vt 0.421875 0.281250
vt 0.421875 0.687500
vt 0.421875 0.265625
vt 0.421875 0.671875
vt 0.421875 0.250000
vt 0.421875 0.656250
vt 0.421875 0.234375
vt 0.421875 0.640625
vt 0.421875 0.218750
vt 0.421875 0.625000
vt 0.421875 0.203125
vt 0.421875 0.609375
vt 0.421875 0.187500
vt 0.421875 0.593750
vt 0.421875 0.171875
vt 0.421875 0.578125
vt 0.429688 1.000000
vt 0.421875 0.984375
vt 0.421875 0.156250
vt 0.421875 0.562500
vt 0.421875 0.968750
vt 0.421875 0.140625
vt 0.421875 0.546875
vt 0.421875 0.953125
vt 0.421875 0.125000
vt 0.421875 0.531250
vt 0.421875 0.937500
vt 0.421875 0.109375
vt 0.421875 0.515625
vt 0.421875 0.921875
vt 0.421875 0.093750
vt 0.421875 0.500000
vt 0.421875 0.906250
vt 0.421875 0.078125
vt 0.421875 0.484375
vt 0.421875 0.890625
vt 0.421875 0.062500
vt 0.421875 0.468750
vt 0.421875 0.875000
vt 0.421875 0.046875
vt 0.421875 0.453125
vt 0.421875 0.859375
vt 0.421875 0.031250
vt 0.421875 0.437500
vt 0.421875 0.843750
vt 0.421875 0.015625
vt 0.421875 0.421875
vt 0.421875 0.828125
vt 0.429688 0.000000
vt 0.421875 0.406250
vt 0.421875 0.812500
vt 0.421875 0.796875
vt 0.406250 0.359375
vt 0.406250 0.343750
vt 0.406250 0.765625
vt 0.406250 0.750000
vt 0.406250 0.328125
vt 0.406250 0.734375
vt 0.406250 0.312500
vt 0.406250 0.718750
vt 0.406250 0.296875
vt 0.406250 0.703125
vt 0.406250 0.281250
vt 0.406250 0.687500
vt 0.406250 0.265625
vt 0.406250 0.671875
vt 0.406250 0.250000
vt 0.406250 0.656250
vt 0.406250 0.234375
vt 0.406250 0.640625
vt 0.406250 0.218750
vt 0.406250 0.625000
vt 0.406250 0.203125
vt 0.406250 0.609375
vt 0.406250 0.187500
vt 0.406250 0.593750
vt 0.406250 0.171875
vt 0.406250 0.578125
vt 0.414062 1.000000
vt 0.406250 0.984375
vt 0.406250 0.156250
vt 0.406250 0.562500
vt 0.406250 0.968750
vt 0.406250 0.140625
vt 0.406250 0.546875
vt 0.406250 0.953125
vt 0.406250 0.125000
vt 0.406250 0.531250
vt 0.406250 0.937500
vt 0.406250 0.109375
vt 0.406250 0.515625
vt 0.406250 0.921875
vt 0.406250 0.093750
vt 0.406250 0.500000
vt 0.406250 0.906250
vt 0.406250 0.078125
vt 0.406250 0.484375
vt 0.406250 0.890625
vt 0.406250 0.062500
vt 0.406250 0.468750
vt 0.406250 0.875000
vt 0.406250 0.046875
vt 0.406250 0.453125
vt 0.406250 0.859375
vt 0.406250 0.031250
vt 0.406250 0.437500
vt 0.406250 0.843750
vt 0.406250 0.015625
vt 0.406250 0.421875
vt 0.406250 0.828125
vt 0.414062 0.000000
vt 0.406250 0.406250
vt 0.406250 0.812500
vt 0.406250 0.390625
vt 0.406250 0.796875
vt 0.406250 0.375000
vt 0.406250 0.781250
vt 0.390625 0.312500
vt 0.390625 0.718750
vt 0.390625 0.296875
vt 0.390625 0.703125
vt 0.390625 0.281250
vt 0.390625 0.687500
vt 0.390625 0.265625
vt 0.390625 0.671875
vt 0.390625 0.250000
vt 0.390625 0.656250
vt 0.390625 0.234375
vt 0.390625 0.640625
vt 0.390625 0.218750
vt 0.390625 0.625000
vt 0.390625 0.203125
vt 0.390625 0.609375
vt 0.390625 0.187500
vt 0.390625 0.593750
vt 0.390625 0.171875
vt 0.390625 0.578125
vt 0.398438 1.000000
vt 0.390625 0.984375
vt 0.390625 0.156250
vt 0.390625 0.562500
vt 0.390625 0.968750
vt 0.390625 0.140625
vt 0.390625 0.546875
vt 0.390625 0.953125
vt 0.390625 0.125000
vt 0.390625 0.531250
vt 0.390625 0.937500
vt 0.390625 0.109375
vt 0.390625 0.515625
vt 0.390625 0.921875
vt 0.390625 0.093750
vt 0.390625 0.500000
vt 0.390625 0.906250
vt 0.390625 0.078125
vt 0.390625 0.484375
vt 0.390625 0.890625
vt 0.390625 0.062500
vt 0.390625 0.468750
vt 0.390625 0.875000
vt 0.390625 0.046875
vt 0.390625 0.453125
vt 0.390625 0.859375
vt 0.390625 0.031250
vt 0.390625 0.437500
vt 0.390625 0.843750
vt 0.390625 0.015625
vt 0.390625 0.421875
vt 0.390625 0.828125
vt 0.398438 0.000000
vt 0.390625 0.406250
vt 0.390625 0.812500
vt 0.390625 0.390625
vt 0.390625 0.796875
vt 0.390625 0.375000
vt 0.390625 0.781250
vt 0.390625 0.359375
vt 0.390625 0.765625
vt 0.390625 0.343750
vt 0.390625 0.750000
vt 0.390625 0.328125
vt 0.390625 0.734375
vt 0.375000 0.281250
vt 0.375000 0.687500
vt 0.375000 0.265625
vt 0.375000 0.671875
vt 0.375000 0.250000
vt 0.375000 0.656250
vt 0.375000 0.234375
vt 0.375000 0.640625
vt 0.375000 0.218750
vt 0.375000 0.625000
vt 0.375000 0.203125
vt 0.375000 0.609375
vt 0.375000 0.187500
vt 0.375000 0.593750
vt 0.375000 0.171875
vt 0.375000 0.578125
vt 0.382812 1.000000
vt 0.375000 0.984375
vt 0.375000 0.156250
vt 0.375000 0.562500
vt 0.375000 0.968750
vt 0.375000 0.140625
vt 0.375000 0.546875
vt 0.375000 0.953125
vt 0.375000 0.125000
vt 0.375000 0.531250
vt 0.375000 0.937500
vt 0.375000 0.109375
vt 0.375000 0.515625
vt 0.375000 0.921875
vt 0.375000 0.093750
vt 0.375000 0.500000
vt 0.375000 0.906250
vt 0.375000 0.078125
vt 0.375000 0.484375
vt 0.375000 0.890625
vt 0.375000 0.062500
vt 0.375000 0.468750
vt 0.375000 0.875000
vt 0.375000 0.046875
vt 0.375000 0.453125
vt 0.375000 0.859375
vt 0.375000 0.031250
vt 0.375000 0.437500
vt 0.375000 0.843750
vt 0.375000 0.015625
vt 0.375000 0.421875
vt 0.375000 0.828125
vt 0.382812 0.000000
vt 0.375000 0.406250
vt 0.375000 0.812500
vt 0.375000 0.390625
vt 0.375000 0.796875
vt 0.375000 0.375000
vt 0.375000 0.781250
vt 0.375000 0.359375
vt 0.375000 0.765625
vt 0.375000 0.343750
vt 0.375000 0.750000
vt 0.375000 0.328125
vt 0.375000 0.734375
vt 0.375000 0.312500
vt 0.375000 0.718750
vt 0.375000 0.296875
vt 0.375000 0.703125
vt 0.359375 0.265625
vt 0.359375 0.250000
vt 0.359375 0.671875
vt 0.359375 0.656250
vt 0.359375 0.234375
vt 0.359375 0.640625
vt 0.359375 0.218750
vt 0.359375 0.625000
vt 0.359375 0.203125
vt 0.359375 0.609375
vt 0.359375 0.187500
vt 0.359375 0.593750
vt 0.359375 0.171875
vt 0.359375 0.578125
vt 0.367188 1.000000
vt 0.359375 0.984375
vt 0.359375 0.156250
vt 0.359375 0.562500
vt 0.359375 0.968750
vt 0.359375 0.140625
vt 0.359375 0.546875
vt 0.359375 0.953125
vt 0.359375 0.125000
vt 0.359375 0.531250
vt 0.359375 0.937500
vt 0.359375 0.109375
vt 0.359375 0.515625
vt 0.359375 0.921875
vt 0.359375 0.093750
vt 0.359375 0.500000
vt 0.359375 0.906250
vt 0.359375 0.078125
vt 0.359375 0.484375
vt 0.359375 0.890625
vt 0.359375 0.062500
vt 0.359375 0.468750
vt 0.359375 0.875000
vt 0.359375 0.046875
vt 0.359375 0.453125
vt 0.359375 0.859375
vt 0.359375 0.031250
vt 0.359375 0.437500
vt 0.359375 0.843750
vt 0.359375 0.015625
vt 0.359375 0.421875
vt 0.359375 0.828125
vt 0.367188 0.000000
vt 0.359375 0.406250
vt 0.359375 0.812500
vt 0.359375 0.390625
vt 0.359375 0.796875
vt 0.359375 0.375000
vt 0.359375 0.781250
vt 0.359375 0.359375
vt 0.359375 0.765625
vt 0.359375 0.343750
vt 0.359375 0.750000
vt 0.359375 0.328125
vt 0.359375 0.734375
vt 0.359375 0.312500
vt 0.359375 0.718750
vt 0.359375 0.296875
vt 0.359375 0.703125
vt 0.359375 0.281250
vt 0.359375 0.687500
vt 0.343750 0.234375
vt 0.343750 0.218750
vt 0.343750 0.640625
vt 0.343750 0.625000
vt 0.343750 0.203125
vt 0.343750 0.609375
vt 0.343750 0.187500
vt 0.343750 0.593750
vt 0.343750 0.171875
vt 0.343750 0.578125
vt 0.351562 1.000000
vt 0.343750 0.984375
vt 0.343750 0.156250
vt 0.343750 0.562500
vt 0.343750 0.968750
vt 0.343750 0.140625
vt 0.343750 0.546875
vt 0.343750 0.953125
vt 0.343750 0.125000
vt 0.343750 0.531250
vt 0.343750 0.937500
vt 0.343750 0.109375
vt 0.343750 0.515625
vt 0.343750 0.921875
vt 0.343750 0.093750
vt 0.343750 0.500000
vt 0.343750 0.906250
vt 0.343750 0.078125
vt 0.343750 0.484375
vt 0.343750 0.890625
vt 0.343750 0.062500
vt 0.343750 0.468750
vt 0.343750 0.875000
vt 0.343750 0.046875
vt 0.343750 0.453125
vt 0.343750 0.859375
vt 0.343750 0.031250
vt 0.343750 0.437500
vt 0.343750 0.843750
vt 0.343750 0.015625
vt 0.343750 0.421875
vt 0.343750 0.828125
vt 0.351562 0.000000
vt 0.343750 0.406250
vt 0.343750 0.812500
vt 0.343750 0.390625
vt 0.343750 0.796875
vt 0.343750 0.375000
vt 0.343750 0.781250
vt 0.343750 0.359375
vt 0.343750 0.765625
vt 0.343750 0.343750
vt 0.343750 0.750000
vt 0.343750 0.328125
vt 0.343750 0.734375
vt 0.343750 0.312500
vt 0.343750 0.718750
vt 0.343750 0.296875
vt 0.343750 0.703125
vt 0.343750 0.281250
vt 0.343750 0.687500
vt 0.343750 0.265625
vt 0.343750 0.671875
vt 0.343750 0.250000
vt 0.343750 0.656250
vt 0.328125 0.187500
vt 0.328125 0.609375
vt 0.328125 0.593750
vt 0.328125 0.171875
vt 0.328125 0.578125
vt 0.335937 1.000000
vt 0.328125 0.984375
vt 0.328125 0.156250
vt 0.328125 0.562500
vt 0.328125 0.968750
vt 0.328125 0.140625
vt 0.328125 0.546875
vt 0.328125 0.953125
vt 0.328125 0.125000
vt 0.328125 0.531250
vt 0.328125 0.937500
vt 0.328125 0.109375
vt 0.328125 0.515625
vt 0.328125 0.921875
vt 0.328125 0.093750
vt 0.328125 0.500000
vt 0.328125 0.906250
vt 0.328125 0.078125
vt 0.328125 0.484375
vt 0.328125 0.890625
vt 0.328125 0.062500
vt 0.328125 0.468750
vt 0.328125 0.875000
vt 0.328125 0.046875
vt 0.328125 0.453125
vt 0.328125 0.859375
vt 0.328125 0.031250
vt 0.328125 0.437500
vt 0.328125 0.843750
vt 0.328125 0.015625
vt 0.328125 0.421875
vt 0.328125 0.828125
vt 0.335937 0.000000
vt 0.328125 0.406250
vt 0.328125 0.812500
vt 0.328125 0.390625
vt 0.328125 0.796875
vt 0.328125 0.375000
vt 0.328125 0.781250
vt 0.328125 0.359375
vt 0.328125 0.765625
vt 0.328125 0.343750
vt 0.328125 0.750000
vt 0.328125 0.328125
vt 0.328125 0.734375
vt 0.328125 0.312500
vt 0.328125 0.718750
vt 0.328125 0.296875
vt 0.328125 0.703125
vt 0.328125 0.281250
vt 0.328125 0.687500
vt 0.328125 0.265625
vt 0.328125 0.671875
vt 0.328125 0.250000
vt 0.328125 0.656250
vt 0.328125 0.234375
vt 0.328125 0.640625
vt 0.328125 0.218750
vt 0.328125 0.625000
vt 0.328125 0.203125
vt 0.312500 0.156250
vt 0.312500 0.562500
vt 0.312500 0.968750
vt 0.312500 0.140625
vt 0.312500 0.546875
vt 0.312500 0.953125
vt 0.312500 0.125000
vt 0.312500 0.531250
vt 0.312500 0.937500
vt 0.312500 0.109375
vt 0.312500 0.515625
vt 0.312500 0.921875
vt 0.312500 0.093750
vt 0.312500 0.500000
vt 0.312500 0.906250
vt 0.312500 0.078125
vt 0.312500 0.484375
vt 0.312500 0.890625
vt 0.312500 0.062500
vt 0.312500 0.468750
vt 0.312500 0.875000
vt 0.312500 0.046875
vt 0.312500 0.453125
vt 0.312500 0.859375
vt 0.312500 0.031250
vt 0.312500 0.437500
vt 0.312500 0.843750
vt 0.312500 0.015625
vt 0.312500 0.421875
vt 0.312500 0.828125
vt 0.320312 0.000000
vt 0.312500 0.406250
vt 0.312500 0.812500
vt 0.312500 0.390625
vt 0.312500 0.796875
vt 0.312500 0.375000
vt 0.312500 0.781250
vt 0.312500 0.359375
vt 0.312500 0.765625
vt 0.312500 0.343750
vt 0.312500 0.750000
vt 0.312500 0.328125
vt 0.312500 0.734375
vt 0.312500 0.312500
vt 0.312500 0.718750
vt 0.312500 0.296875
vt 0.312500 0.703125
vt 0.312500 0.281250
vt 0.312500 0.687500
vt 0.312500 0.265625
vt 0.312500 0.671875
vt 0.312500 0.250000
vt 0.312500 0.656250
vt 0.312500 0.234375
vt 0.312500 0.640625
vt 0.312500 0.218750
vt 0.312500 0.625000
vt 0.312500 0.203125
vt 0.312500 0.609375
vt 0.312500 0.187500
vt 0.312500 0.593750
vt 0.312500 0.171875
vt 0.312500 0.578125
vt 0.320312 1.000000
vt 0.312500 0.984375
vt 0.296875 0.140625
vt 0.296875 0.125000
vt 0.296875 0.546875
vt 0.296875 0.531250
vt 0.296875 0.953125
vt 0.296875 0.937500
vt 0.296875 0.109375
vt 0.296875 0.515625
vt 0.296875 0.921875
vt 0.296875 0.093750
vt 0.296875 0.500000
vt 0.296875 0.906250
vt 0.296875 0.078125
vt 0.296875 0.484375
vt 0.296875 0.890625
vt 0.296875 0.062500
vt 0.296875 0.468750
vt 0.296875 0.875000
vt 0.296875 0.046875
vt 0.296875 0.453125
vt 0.296875 0.859375
vt 0.296875 0.031250
vt 0.296875 0.437500
vt 0.296875 0.843750
vt 0.296875 0.015625
vt 0.296875 0.421875
vt 0.296875 0.828125
vt 0.304688 0.000000
vt 0.296875 0.406250
vt 0.296875 0.812500
vt 0.296875 0.390625
vt 0.296875 0.796875
vt 0.296875 0.375000
vt 0.296875 0.781250
vt 0.296875 0.359375
vt 0.296875 0.765625
vt 0.296875 0.343750
vt 0.296875 0.750000
vt 0.296875 0.328125
vt 0.296875 0.734375
vt 0.296875 0.312500
vt 0.296875 0.718750
vt 0.296875 0.296875
vt 0.296875 0.703125
vt 0.296875 0.281250
vt 0.296875 0.687500
vt 0.296875 0.265625
vt 0.296875 0.671875
vt 0.296875 0.250000
vt 0.296875 0.656250
vt 0.296875 0.234375
vt 0.296875 0.640625
vt 0.296875 0.218750
vt 0.296875 0.625000
vt 0.296875 0.203125
vt 0.296875 0.609375
vt 0.296875 0.187500
vt 0.296875 0.593750
vt 0.296875 0.171875
vt 0.296875 0.578125
vt 0.304688 1.000000
vt 0.296875 0.984375
vt 0.296875 0.156250
vt 0.296875 0.562500
vt 0.296875 0.968750
vt 0.281250 0.093750
vt 0.281250 0.515625
vt 0.281250 0.500000
vt 0.281250 0.906250
vt 0.281250 0.078125
vt 0.281250 0.484375
vt 0.281250 0.890625
vt 0.281250 0.062500
vt 0.281250 0.468750
vt 0.281250 0.875000
vt 0.281250 0.046875
vt 0.281250 0.453125
vt 0.281250 0.859375
vt 0.281250 0.031250
vt 0.281250 0.437500
vt 0.281250 0.843750
vt 0.281250 0.015625
vt 0.281250 0.421875
vt 0.281250 0.828125
vt 0.289062 0.000000
vt 0.281250 0.406250
vt 0.281250 0.812500
vt 0.281250 0.390625
vt 0.281250 0.796875
vt 0.281250 0.375000
vt 0.281250 0.781250
vt 0.281250 0.359375
vt 0.281250 0.765625
vt 0.281250 0.343750
vt 0.281250 0.750000
vt 0.281250 0.328125
vt 0.281250 0.734375
vt 0.281250 0.312500
vt 0.281250 0.718750
vt 0.281250 0.296875
vt 0.281250 0.703125
vt 0.281250 0.281250
vt 0.281250 0.687500
vt 0.281250 0.265625
vt 0.281250 0.671875
vt 0.281250 0.250000
vt 0.281250 0.656250
vt 0.281250 0.234375
vt 0.281250 0.640625
vt 0.281250 0.218750
vt 0.281250 0.625000
vt 0.281250 0.203125
vt 0.281250 0.609375
vt 0.281250 0.187500
vt 0.281250 0.593750
vt 0.281250 0.171875
vt 0.281250 0.578125
vt 0.289062 1.000000
vt 0.281250 0.984375
vt 0.281250 0.156250
vt 0.281250 0.562500
vt 0.281250 0.968750
vt 0.281250 0.140625
vt 0.281250 0.546875
vt 0.281250 0.953125
vt 0.281250 0.125000
vt 0.281250 0.531250
vt 0.281250 0.937500
vt 0.281250 0.109375
vt 0.281250 0.921875
vt 0.265625 0.062500
vt 0.265625 0.484375
vt 0.265625 0.468750
vt 0.265625 0.875000
vt 0.265625 0.046875
vt 0.265625 0.453125
vt 0.265625 0.859375
vt 0.265625 0.031250
vt 0.265625 0.437500
vt 0.265625 0.843750
vt 0.265625 0.015625
vt 0.265625 0.421875
vt 0.265625 0.828125
vt 0.273438 0.000000
vt 0.265625 0.406250
vt 0.265625 0.812500
vt 0.265625 0.390625
vt 0.265625 0.796875
vt 0.265625 0.375000
vt 0.265625 0.781250
vt 0.265625 0.359375
vt 0.265625 0.765625
vt 0.265625 0.343750
vt 0.265625 0.750000
vt 0.265625 0.328125
vt 0.265625 0.734375
vt 0.265625 0.312500
vt 0.265625 0.718750
vt 0.265625 0.296875
vt 0.265625 0.703125
vt 0.265625 0.281250
vt 0.265625 0.687500
vt 0.265625 0.265625
vt 0.265625 0.671875
vt 0.265625 0.250000
vt 0.265625 0.656250
vt 0.265625 0.234375
vt 0.265625 0.640625
vt 0.265625 0.218750
vt 0.265625 0.625000
vt 0.265625 0.203125
vt 0.265625 0.609375
vt 0.265625 0.187500
vt 0.265625 0.593750
vt 0.265625 0.171875
vt 0.265625 0.578125
vt 0.273438 1.000000
vt 0.265625 0.984375
vt 0.265625 0.156250
vt 0.265625 0.562500
vt 0.265625 0.968750
vt 0.265625 0.140625
vt 0.265625 0.546875
vt 0.265625 0.953125
vt 0.265625 0.125000
vt 0.265625 0.531250
vt 0.265625 0.937500
vt 0.265625 0.109375
vt 0.265625 0.515625
vt 0.265625 0.921875
vt 0.265625 0.093750
vt 0.265625 0.500000
vt 0.265625 0.906250
vt 0.265625 0.078125
vt 0.265625 0.890625
vt 0.250000 0.031250
vt 0.250000 0.453125
vt 0.250000 0.437500
vt 0.250000 0.859375
vt 0.250000 0.843750
vt 0.250000 0.015625
vt 0.250000 0.421875
vt 0.250000 0.828125
vt 0.257812 0.000000
vt 0.250000 0.406250
vt 0.250000 0.812500
vt 0.250000 0.390625
vt 0.250000 0.796875
vt 0.250000 0.375000
vt 0.250000 0.781250
vt 0.250000 0.359375
vt 0.250000 0.765625
vt 0.250000 0.343750
vt 0.250000 0.750000
vt 0.250000 0.328125
vt 0.250000 0.734375
vt 0.250000 0.312500
vt 0.250000 0.718750
vt 0.250000 0.296875
vt 0.250000 0.703125
vt 0.250000 0.281250
vt 0.250000 0.687500
vt 0.250000 0.265625
vt 0.250000 0.671875
vt 0.250000 0.250000
vt 0.250000 0.656250
vt 0.250000 0.234375
vt 0.250000 0.640625
vt 0.250000 0.218750
vt 0.250000 0.625000
vt 0.250000 0.203125
vt 0.250000 0.609375
vt 0.250000 0.187500
vt 0.250000 0.593750
vt 0.250000 0.171875
vt 0.250000 0.578125
vt 0.257812 1.000000
vt 0.250000 0.984375
vt 0.250000 0.156250
vt 0.250000 0.562500
vt 0.250000 0.968750
vt 0.250000 0.140625
vt 0.250000 0.546875
vt 0.250000 0.953125
vt 0.250000 0.125000
vt 0.250000 0.531250
vt 0.250000 0.937500
vt 0.250000 0.109375
vt 0.250000 0.515625
vt 0.250000 0.921875
vt 0.250000 0.093750
vt 0.250000 0.500000
vt 0.250000 0.906250
vt 0.250000 0.078125
vt 0.250000 0.484375
vt 0.250000 0.890625
vt 0.250000 0.062500
vt 0.250000 0.468750
vt 0.250000 0.875000
vt 0.250000 0.046875
vt 0.242187 0.000000
vt 0.234375 0.015625
vt 0.234375 0.406250
vt 0.234375 0.812500
vt 0.234375 0.390625
vt 0.234375 0.796875
vt 0.234375 0.375000
vt 0.234375 0.781250
vt 0.234375 0.359375
vt 0.234375 0.765625
vt 0.234375 0.343750
vt 0.234375 0.750000
vt 0.234375 0.328125
vt 0.234375 0.734375
vt 0.234375 0.312500
vt 0.234375 0.718750
vt 0.234375 0.296875
vt 0.234375 0.703125
vt 0.234375 0.281250
vt 0.234375 0.687500
vt 0.234375 0.265625
vt 0.234375 0.671875
vt 0.234375 0.250000
vt 0.234375 0.656250
vt 0.234375 0.234375
vt 0.234375 0.640625
vt 0.234375 0.218750
vt 0.234375 0.625000
vt 0.234375 0.203125
vt 0.234375 0.609375
vt 0.234375 0.187500
vt 0.234375 0.593750
vt 0.234375 0.171875
vt 0.234375 0.578125
vt 0.242187 1.000000
vt 0.234375 0.984375
vt 0.234375 0.156250
vt 0.234375 0.562500
vt 0.234375 0.968750
vt 0.234375 0.140625
vt 0.234375 0.546875
vt 0.234375 0.953125
vt 0.234375 0.125000
vt 0.234375 0.531250
vt 0.234375 0.937500
vt 0.234375 0.109375
vt 0.234375 0.515625
vt 0.234375 0.921875
vt 0.234375 0.093750
vt 0.234375 0.500000
vt 0.234375 0.906250
vt 0.234375 0.078125
vt 0.234375 0.484375
vt 0.234375 0.890625
vt 0.234375 0.062500
vt 0.234375 0.468750
vt 0.234375 0.875000
vt 0.234375 0.046875
vt 0.234375 0.453125
vt 0.234375 0.859375
vt 0.234375 0.031250
vt 0.234375 0.437500
vt 0.234375 0.843750
vt 0.234375 0.421875
vt 0.234375 0.828125
vt 0.218750 0.390625
vt 0.218750 0.375000
vt 0.218750 0.781250
vt 0.218750 0.359375
vt 0.218750 0.765625
vt 0.218750 0.343750
vt 0.218750 0.750000
vt 0.218750 0.328125
vt 0.218750 0.734375
vt 0.218750 0.312500
vt 0.218750 0.718750
vt 0.218750 0.296875
vt 0.218750 0.703125
vt 0.218750 0.281250
vt 0.218750 0.687500
vt 0.218750 0.265625
vt 0.218750 0.671875
vt 0.218750 0.250000
vt 0.218750 0.656250
vt 0.218750 0.234375
vt 0.218750 0.640625
vt 0.218750 0.218750
vt 0.218750 0.625000
vt 0.218750 0.203125
vt 0.218750 0.609375
vt 0.218750 0.187500
vt 0.218750 0.593750
vt 0.218750 0.171875
vt 0.218750 0.578125
vt 0.226562 1.000000
vt 0.218750 0.984375
vt 0.218750 0.156250
vt 0.218750 0.562500
vt 0.218750 0.968750
vt 0.218750 0.140625
vt 0.218750 0.546875
vt 0.218750 0.953125
vt 0.218750 0.125000
vt 0.218750 0.531250
vt 0.218750 0.937500
vt 0.218750 0.109375
vt 0.218750 0.515625
vt 0.218750 0.921875
vt 0.218750 0.093750
vt 0.218750 0.500000
vt 0.218750 0.906250
vt 0.218750 0.078125
vt 0.218750 0.484375
vt 0.218750 0.890625
vt 0.218750 0.062500
vt 0.218750 0.468750
vt 0.218750 0.875000
vt 0.218750 0.046875
vt 0.218750 0.453125
vt 0.218750 0.859375
vt 0.218750 0.031250
vt 0.218750 0.437500
vt 0.218750 0.843750
vt 0.218750 0.015625
vt 0.218750 0.421875
vt 0.218750 0.828125
vt 0.226562 0.000000
vt 0.218750 0.406250
vt 0.218750 0.812500
vt 0.218750 0.796875
vt 0.203125 0.359375
vt 0.203125 0.343750
vt 0.203125 0.765625
vt 0.203125 0.750000
vt 0.203125 0.328125
vt 0.203125 0.734375
vt 0.203125 0.312500
vt 0.203125 0.718750
vt 0.203125 0.296875
vt 0.203125 0.703125
vt 0.203125 0.281250
vt 0.203125 0.687500
vt 0.203125 0.265625
vt 0.203125 0.671875
vt 0.203125 0.250000
vt 0.203125 0.656250
vt 0.203125 0.234375
vt 0.203125 0.640625
vt 0.203125 0.218750
vt 0.203125 0.625000
vt 0.203125 0.203125
vt 0.203125 0.609375
vt 0.203125 0.187500
vt 0.203125 0.593750
vt 0.203125 0.171875
vt 0.203125 0.578125
vt 0.210938 1.000000
vt 0.203125 0.984375
vt 0.203125 0.156250
vt 0.203125 0.562500
vt 0.203125 0.968750
vt 0.203125 0.140625
vt 0.203125 0.546875
vt 0.203125 0.953125
vt 0.203125 0.125000
vt 0.203125 0.531250
vt 0.203125 0.937500
vt 0.203125 0.109375
vt 0.203125 0.515625
vt 0.203125 0.921875
vt 0.203125 0.093750
vt 0.203125 0.500000
vt 0.203125 0.906250
vt 0.203125 0.078125
vt 0.203125 0.484375
vt 0.203125 0.890625
vt 0.203125 0.062500
vt 0.203125 0.468750
vt 0.203125 0.875000
vt 0.203125 0.046875
vt 0.203125 0.453125
vt 0.203125 0.859375
vt 0.203125 0.031250
vt 0.203125 0.437500
vt 0.203125 0.843750
vt 0.203125 0.015625
vt 0.203125 0.421875
vt 0.203125 0.828125
vt 0.210938 0.000000
vt 0.203125 0.406250
vt 0.203125 0.812500
vt 0.203125 0.390625
vt 0.203125 0.796875
vt 0.203125 0.375000
vt 0.203125 0.781250
vt 0.187500 0.312500
vt 0.187500 0.718750
vt 0.187500 0.296875
vt 0.187500 0.703125
vt 0.187500 0.281250
vt 0.187500 0.687500
vt 0.187500 0.265625
vt 0.187500 0.671875
vt 0.187500 0.250000
vt 0.187500 0.656250
vt 0.187500 0.234375
vt 0.187500 0.640625
vt 0.187500 0.218750
vt 0.187500 0.625000
vt 0.187500 0.203125
vt 0.187500 0.609375
vt 0.187500 0.187500
vt 0.187500 0.593750
vt 0.187500 0.171875
vt 0.187500 0.578125
vt 0.195312 1.000000
vt 0.187500 0.984375
vt 0.187500 0.156250
vt 0.187500 0.562500
vt 0.187500 0.968750
vt 0.187500 0.140625
vt 0.187500 0.546875
vt 0.187500 0.953125
vt 0.187500 0.125000
vt 0.187500 0.531250
vt 0.187500 0.937500
vt 0.187500 0.109375
vt 0.187500 0.515625
vt 0.187500 0.921875
vt 0.187500 0.093750
vt 0.187500 0.500000
vt 0.187500 0.906250
vt 0.187500 0.078125
vt 0.187500 0.484375
vt 0.187500 0.890625
vt 0.187500 0.062500
vt 0.187500 0.468750
vt 0.187500 0.875000
vt 0.187500 0.046875
vt 0.187500 0.453125
vt 0.187500 0.859375
vt 0.187500 0.031250
vt 0.187500 0.437500
vt 0.187500 0.843750
vt 0.187500 0.015625
vt 0.187500 0.421875
vt 0.187500 0.828125
vt 0.195312 0.000000
vt 0.187500 0.406250
vt 0.187500 0.812500
vt 0.187500 0.390625
vt 0.187500 0.796875
vt 0.187500 0.375000
vt 0.187500 0.781250
vt 0.187500 0.359375
vt 0.187500 0.765625
vt 0.187500 0.343750
vt 0.187500 0.750000
vt 0.187500 0.328125
vt 0.187500 0.734375
vt 0.171875 0.281250
vt 0.171875 0.687500
vt 0.171875 0.265625
vt 0.171875 0.671875
vt 0.171875 0.250000
vt 0.171875 0.656250
vt 0.171875 0.234375
vt 0.171875 0.640625
vt 0.171875 0.218750
vt 0.171875 0.625000
vt 0.171875 0.203125
vt 0.171875 0.609375
vt 0.171875 0.187500
vt 0.171875 0.593750
vt 0.171875 0.171875
vt 0.171875 0.578125
vt 0.179687 1.000000
vt 0.171875 0.984375
vt 0.171875 0.156250
vt 0.171875 0.562500
vt 0.171875 0.968750
vt 0.171875 0.140625
vt 0.171875 0.546875
vt 0.171875 0.953125
vt 0.171875 0.125000
vt 0.171875 0.531250
vt 0.171875 0.937500
vt 0.171875 0.109375
vt 0.171875 0.515625
vt 0.171875 0.921875
vt 0.171875 0.093750
vt 0.171875 0.500000
vt 0.171875 0.906250
vt 0.171875 0.078125
vt 0.171875 0.484375
vt 0.171875 0.890625
vt 0.171875 0.062500
vt 0.171875 0.468750
vt 0.171875 0.875000
vt 0.171875 0.046875
vt 0.171875 0.453125
vt 0.171875 0.859375
vt 0.171875 0.031250
vt 0.171875 0.437500
vt 0.171875 0.843750
vt 0.171875 0.015625
vt 0.171875 0.421875
vt 0.171875 0.828125
vt 0.179687 0.000000
vt 0.171875 0.406250
vt 0.171875 0.812500
vt 0.171875 0.390625
vt 0.171875 0.796875
vt 0.171875 0.375000
vt 0.171875 0.781250
vt 0.171875 0.359375
vt 0.171875 0.765625
vt 0.171875 0.343750
vt 0.171875 0.750000
vt 0.171875 0.328125
vt 0.171875 0.734375
vt 0.171875 0.312500
vt 0.171875 0.718750
vt 0.171875 0.296875
vt 0.171875 0.703125
vt 0.156250 0.265625
vt 0.156250 0.250000
vt 0.156250 0.671875
vt 0.156250 0.656250
vt 0.156250 0.234375
vt 0.156250 0.640625
vt 0.156250 0.218750
vt 0.156250 0.625000
vt 0.156250 0.203125
vt 0.156250 0.609375
vt 0.156250 0.187500
vt 0.156250 0.593750
vt 0.156250 0.171875
vt 0.156250 0.578125
vt 0.164062 1.000000
vt 0.156250 0.984375
vt 0.156250 0.156250
vt 0.156250 0.562500
vt 0.156250 0.968750
vt 0.156250 0.140625
vt 0.156250 0.546875
vt 0.156250 0.953125
vt 0.156250 0.125000
vt 0.156250 0.531250
vt 0.156250 0.937500
vt 0.156250 0.109375
vt 0.156250 0.515625
vt 0.156250 0.921875
vt 0.156250 0.093750
vt 0.156250 0.500000
vt 0.156250 0.906250
vt 0.156250 0.078125
vt 0.156250 0.484375
vt 0.156250 0.890625
vt 0.156250 0.062500
vt 0.156250 0.468750
vt 0.156250 0.875000
vt 0.156250 0.046875
vt 0.156250 0.453125
vt 0.156250 0.859375
vt 0.156250 0.031250
vt 0.156250 0.437500
vt 0.156250 0.843750
vt 0.156250 0.015625
vt 0.156250 0.421875
vt 0.156250 0.828125
vt 0.164062 0.000000
vt 0.156250 0.406250
vt 0.156250 0.812500
vt 0.156250 0.390625
vt 0.156250 0.796875
vt 0.156250 0.375000
vt 0.156250 0.781250
vt 0.156250 0.359375
vt 0.156250 0.765625
vt 0.156250 0.343750
vt 0.156250 0.750000
vt 0.156250 0.328125
vt 0.156250 0.734375
vt 0.156250 0.312500
vt 0.156250 0.718750
vt 0.156250 0.296875
vt 0.156250 0.703125
vt 0.156250 0.281250
vt 0.156250 0.687500
vt 0.140625 0.234375
vt 0.140625 0.218750
vt 0.140625 0.640625
vt 0.140625 0.625000
vt 0.140625 0.203125
vt 0.140625 0.609375
vt 0.140625 0.187500
vt 0.140625 0.593750
vt 0.140625 0.171875
vt 0.140625 0.578125
vt 0.148437 1.000000
vt 0.140625 0.984375
vt 0.140625 0.156250
vt 0.140625 0.562500
vt 0.140625 0.968750
vt 0.140625 0.140625
vt 0.140625 0.546875
vt 0.140625 0.953125
vt 0.140625 0.125000
vt 0.140625 0.531250
vt 0.140625 0.937500
vt 0.140625 0.109375
vt 0.140625 0.515625
vt 0.140625 0.921875
vt 0.140625 0.093750
vt 0.140625 0.500000
vt 0.140625 0.906250
vt 0.140625 0.078125
vt 0.140625 0.484375
vt 0.140625 0.890625
vt 0.140625 0.062500
vt 0.140625 0.468750
vt 0.140625 0.875000
vt 0.140625 0.046875
vt 0.140625 0.453125
vt 0.140625 0.859375
vt 0.140625 0.031250
vt 0.140625 0.437500
vt 0.140625 0.843750
vt 0.140625 0.015625
vt 0.140625 0.421875
vt 0.140625 0.828125
vt 0.148437 0.000000
vt 0.140625 0.406250
vt 0.140625 0.812500
vt 0.140625 0.390625
vt 0.140625 0.796875
vt 0.140625 0.375000
vt 0.140625 0.781250
vt 0.140625 0.359375
vt 0.140625 0.765625
vt 0.140625 0.343750
vt 0.140625 0.750000
vt 0.140625 0.328125
vt 0.140625 0.734375
vt 0.140625 0.312500
vt 0.140625 0.718750
vt 0.140625 0.296875
vt 0.140625 0.703125
vt 0.140625 0.281250
vt 0.140625 0.687500
vt 0.140625 0.265625
vt 0.140625 0.671875
vt 0.140625 0.250000
vt 0.140625 0.656250
vt 0.125000 0.062500
vt 0.125000 0.046875
vt 0.125000 0.453125
vt 0.125000 0.859375
vt 0.125000 0.031250
vt 0.125000 0.437500
vt 0.125000 0.843750
vt 0.125000 0.015625
vt 0.125000 0.421875
vt 0.125000 0.828125
vt 0.132812 0.000000
vt 0.125000 0.406250
vt 0.125000 0.812500
vt 0.125000 0.390625
vt 0.125000 0.796875
vt 0.125000 0.375000
vt 0.125000 0.781250
vt 0.125000 0.359375
vt 0.125000 0.765625
vt 0.125000 0.343750
vt 0.125000 0.750000
vt 0.125000 0.328125
vt 0.125000 0.734375
vt 0.125000 0.312500
vt 0.125000 0.718750
vt 0.125000 0.296875
vt 0.125000 0.703125
vt 0.125000 0.281250
vt 0.125000 0.687500
vt 0.125000 0.265625
vt 0.125000 0.671875
vt 0.125000 0.250000
vt 0.125000 0.656250
vt 0.125000 0.234375
vt 0.125000 0.640625
vt 0.125000 0.218750
vt 0.125000 0.625000
vt 0.125000 0.203125
vt 0.125000 0.609375
vt 0.125000 0.187500
vt 0.125000 0.593750
vt 0.125000 0.171875
vt 0.125000 0.578125
vt 0.132812 1.000000
vt 0.125000 0.984375
vt 0.125000 0.156250
vt 0.125000 0.562500
vt 0.125000 0.968750
vt 0.125000 0.140625
vt 0.125000 0.546875
vt 0.125000 0.953125
vt 0.125000 0.125000
vt 0.125000 0.531250
vt 0.125000 0.937500
vt 0.125000 0.109375
vt 0.125000 0.515625
vt 0.125000 0.921875
vt 0.125000 0.093750
vt 0.125000 0.500000
vt 0.125000 0.906250
vt 0.125000 0.078125
vt 0.125000 0.484375
vt 0.125000 0.890625
vt 0.125000 0.468750
vt 0.125000 0.875000
vt 0.109375 0.031250
vt 0.109375 0.015625
vt 0.109375 0.437500
vt 0.109375 0.421875
vt 0.109375 0.843750
vt 0.109375 0.828125
vt 0.117188 0.000000
vt 0.109375 0.406250
vt 0.109375 0.812500
vt 0.109375 0.390625
vt 0.109375 0.796875
vt 0.109375 0.375000
vt 0.109375 0.781250
vt 0.109375 0.359375
vt 0.109375 0.765625
vt 0.109375 0.343750
vt 0.109375 0.750000
vt 0.109375 0.328125
vt 0.109375 0.734375
vt 0.109375 0.312500
vt 0.109375 0.718750
vt 0.109375 0.296875
vt 0.109375 0.703125
vt 0.109375 0.281250
vt 0.109375 0.687500
vt 0.109375 0.265625
vt 0.109375 0.671875
vt 0.109375 0.250000
vt 0.109375 0.656250
vt 0.109375 0.234375
vt 0.109375 0.640625
vt 0.109375 0.218750
vt 0.109375 0.625000
vt 0.109375 0.203125
vt 0.109375 0.609375
vt 0.109375 0.187500
vt 0.109375 0.593750
vt 0.109375 0.171875
vt 0.109375 0.578125
vt 0.117188 1.000000
vt 0.109375 0.984375
vt 0.109375 0.156250
vt 0.109375 0.562500
vt 0.109375 0.968750
vt 0.109375 0.140625
vt 0.109375 0.546875
vt 0.109375 0.953125
vt 0.109375 0.125000
vt 0.109375 0.531250
vt 0.109375 0.937500
vt 0.109375 0.109375
vt 0.109375 0.515625
vt 0.109375 0.921875
vt 0.109375 0.093750
vt 0.109375 0.500000
vt 0.109375 0.906250
vt 0.109375 0.078125
vt 0.109375 0.484375
vt 0.109375 0.890625
vt 0.109375 0.062500
vt 0.109375 0.468750
vt 0.109375 0.875000
vt 0.109375 0.046875
vt 0.109375 0.453125
vt 0.109375 0.859375
vt 0.093750 0.390625
vt 0.093750 0.812500
vt 0.093750 0.796875
vt 0.093750 0.375000
vt 0.093750 0.781250
vt 0.093750 0.359375
vt 0.093750 0.765625
vt 0.093750 0.343750
vt 0.093750 0.750000
vt 0.093750 0.328125
vt 0.093750 0.734375
vt 0.093750 0.312500
vt 0.093750 0.718750
vt 0.093750 0.296875
vt 0.093750 0.703125
vt 0.093750 0.281250
vt 0.093750 0.687500
vt 0.093750 0.265625
vt 0.093750 0.671875
vt 0.093750 0.250000
vt 0.093750 0.656250
vt 0.093750 0.234375
vt 0.093750 0.640625
vt 0.093750 0.218750
vt 0.093750 0.625000
vt 0.093750 0.203125
vt 0.093750 0.609375
vt 0.093750 0.187500
vt 0.093750 0.593750
vt 0.093750 0.171875
vt 0.093750 0.578125
vt 0.101562 1.000000
vt 0.093750 0.984375
vt 0.093750 0.156250
vt 0.093750 0.562500
vt 0.093750 0.968750
vt 0.093750 0.140625
vt 0.093750 0.546875
vt 0.093750 0.953125
vt 0.093750 0.125000
vt 0.093750 0.531250
vt 0.093750 0.937500
vt 0.093750 0.109375
vt 0.093750 0.515625
vt 0.093750 0.921875
vt 0.093750 0.093750
vt 0.093750 0.500000
vt 0.093750 0.906250
vt 0.093750 0.078125
vt 0.093750 0.484375
vt 0.093750 0.890625
vt 0.093750 0.062500
vt 0.093750 0.468750
vt 0.093750 0.875000
vt 0.093750 0.046875
vt 0.093750 0.453125
vt 0.093750 0.859375
vt 0.093750 0.031250
vt 0.093750 0.437500
vt 0.093750 0.843750
vt 0.093750 0.015625
vt 0.093750 0.421875
vt 0.093750 0.828125
vt 0.101562 0.000000
vt 0.093750 0.406250
vt 0.078125 0.359375
vt 0.078125 0.781250
vt 0.078125 0.765625
vt 0.078125 0.343750
vt 0.078125 0.750000
vt 0.078125 0.328125
vt 0.078125 0.734375
vt 0.078125 0.312500
vt 0.078125 0.718750
vt 0.078125 0.296875
vt 0.078125 0.703125
vt 0.078125 0.281250
vt 0.078125 0.687500
vt 0.078125 0.265625
vt 0.078125 0.671875
vt 0.078125 0.250000
vt 0.078125 0.656250
vt 0.078125 0.234375
vt 0.078125 0.640625
vt 0.078125 0.218750
vt 0.078125 0.625000
vt 0.078125 0.203125
vt 0.078125 0.609375
vt 0.078125 0.187500
vt 0.078125 0.593750
vt 0.078125 0.171875
vt 0.078125 0.578125
vt 0.085937 1.000000
vt 0.078125 0.984375
vt 0.078125 0.156250
vt 0.078125 0.562500
vt 0.078125 0.968750
vt 0.078125 0.140625
vt 0.078125 0.546875
vt 0.078125 0.953125
vt 0.078125 0.125000
vt 0.078125 0.531250
vt 0.078125 0.937500
vt 0.078125 0.109375
vt 0.078125 0.515625
vt 0.078125 0.921875
vt 0.078125 0.093750
vt 0.078125 0.500000
vt 0.078125 0.906250
vt 0.078125 0.078125
vt 0.078125 0.484375
vt 0.078125 0.890625
vt 0.078125 0.062500
vt 0.078125 0.468750
vt 0.078125 0.875000
vt 0.078125 0.046875
vt 0.078125 0.453125
vt 0.078125 0.859375
vt 0.078125 0.031250
vt 0.078125 0.437500
vt 0.078125 0.843750
vt 0.078125 0.015625
vt 0.078125 0.421875
vt 0.078125 0.828125
vt 0.085937 0.000000
vt 0.078125 0.406250
vt 0.078125 0.812500
vt 0.078125 0.390625
vt 0.078125 0.796875
vt 0.078125 0.375000
vt 0.062500 0.328125
vt 0.062500 0.734375
vt 0.062500 0.312500
vt 0.062500 0.718750
vt 0.062500 0.296875
vt 0.062500 0.703125
vt 0.062500 0.281250
vt 0.062500 0.687500
vt 0.062500 0.265625
vt 0.062500 0.671875
vt 0.062500 0.250000
vt 0.062500 0.656250
vt 0.062500 0.234375
vt 0.062500 0.640625
vt 0.062500 0.218750
vt 0.062500 0.625000
vt 0.062500 0.203125
vt 0.062500 0.609375
vt 0.062500 0.187500
vt 0.062500 0.593750
vt 0.062500 0.171875
vt 0.062500 0.578125
vt 0.070312 1.000000
vt 0.062500 0.984375
vt 0.062500 0.156250
vt 0.062500 0.562500
vt 0.062500 0.968750
vt 0.062500 0.140625
vt 0.062500 0.546875
vt 0.062500 0.953125
vt 0.062500 0.125000
vt 0.062500 0.531250
vt 0.062500 0.937500
vt 0.062500 0.109375
vt 0.062500 0.515625
vt 0.062500 0.921875
vt 0.062500 0.093750
vt 0.062500 0.500000
vt 0.062500 0.906250
vt 0.062500 0.078125
vt 0.062500 0.484375
vt 0.062500 0.890625
vt 0.062500 0.062500
vt 0.062500 0.468750
vt 0.062500 0.875000
vt 0.062500 0.046875
vt 0.062500 0.453125
vt 0.062500 0.859375
vt 0.062500 0.031250
vt 0.062500 0.437500
vt 0.062500 0.843750
vt 0.062500 0.015625
vt 0.062500 0.421875
vt 0.062500 0.828125
vt 0.070312 0.000000
vt 0.062500 0.406250
vt 0.062500 0.812500
vt 0.062500 0.390625
vt 0.062500 0.796875
vt 0.062500 0.375000
vt 0.062500 0.781250
vt 0.062500 0.359375
vt 0.062500 0.765625
vt 0.062500 0.343750
vt 0.062500 0.750000
vt 0.046875 0.312500
vt 0.046875 0.296875
vt 0.046875 0.718750
vt 0.046875 0.703125
vt 0.046875 0.281250
vt 0.046875 0.687500
vt 0.046875 0.265625
vt 0.046875 0.671875
vt 0.046875 0.250000
vt 0.046875 0.656250
vt 0.046875 0.234375
vt 0.046875 0.640625
vt 0.046875 0.218750
vt 0.046875 0.625000
vt 0.046875 0.203125
vt 0.046875 0.609375
vt 0.046875 0.187500
vt 0.046875 0.593750
vt 0.046875 0.171875
vt 0.046875 0.578125
vt 0.054688 1.000000
vt 0.046875 0.984375
vt 0.046875 0.156250
vt 0.046875 0.562500
vt 0.046875 0.968750
vt 0.046875 0.140625
vt 0.046875 0.546875
vt 0.046875 0.953125
vt 0.046875 0.125000
vt 0.046875 0.531250
vt 0.046875 0.937500
vt 0.046875 0.109375
vt 0.046875 0.515625
vt 0.046875 0.921875
vt 0.046875 0.093750
vt 0.046875 0.500000
vt 0.046875 0.906250
vt 0.046875 0.078125
vt 0.046875 0.484375
vt 0.046875 0.890625
vt 0.046875 0.062500
vt 0.046875 0.468750
vt 0.046875 0.875000
vt 0.046875 0.046875
vt 0.046875 0.453125
vt 0.046875 0.859375
vt 0.046875 0.031250
vt 0.046875 0.437500
vt 0.046875 0.843750
vt 0.046875 0.015625
vt 0.046875 0.421875
vt 0.046875 0.828125
vt 0.054688 0.000000
vt 0.046875 0.406250
vt 0.046875 0.812500
vt 0.046875 0.390625
vt 0.046875 0.796875
vt 0.046875 0.375000
vt 0.046875 0.781250
vt 0.046875 0.359375
vt 0.046875 0.765625
vt 0.046875 0.343750
vt 0.046875 0.750000
vt 0.046875 0.328125
vt 0.046875 0.734375
vt 0.031250 0.281250
vt 0.031250 0.265625
vt 0.031250 0.687500
vt 0.031250 0.671875
vt 0.031250 0.250000
vt 0.031250 0.656250
vt 0.031250 0.234375
vt 0.031250 0.640625
vt 0.031250 0.218750
vt 0.031250 0.625000
vt 0.031250 0.203125
vt 0.031250 0.609375
vt 0.031250 0.187500
vt 0.031250 0.593750
vt 0.031250 0.171875
vt 0.031250 0.578125
vt 0.039062 1.000000
vt 0.031250 0.984375
vt 0.031250 0.156250
vt 0.031250 0.562500
vt 0.031250 0.968750
vt 0.031250 0.140625
vt 0.031250 0.546875
vt 0.031250 0.953125
vt 0.031250 0.125000
vt 0.031250 0.531250
vt 0.031250 0.937500
vt 0.031250 0.109375
vt 0.031250 0.515625
vt 0.031250 0.921875
vt 0.031250 0.093750
vt 0.031250 0.500000
vt 0.031250 0.906250
vt 0.031250 0.078125
vt 0.031250 0.484375
vt 0.031250 0.890625
vt 0.031250 0.062500
vt 0.031250 0.468750
vt 0.031250 0.875000
vt 0.031250 0.046875
vt 0.031250 0.453125
vt 0.031250 0.859375
vt 0.031250 0.031250
vt 0.031250 0.437500
vt 0.031250 0.843750
vt 0.031250 0.015625
vt 0.031250 0.421875
vt 0.031250 0.828125
vt 0.039062 0.000000
vt 0.031250 0.406250
vt 0.031250 0.812500
vt 0.031250 0.390625
vt 0.031250 0.796875
vt 0.031250 0.375000
vt 0.031250 0.781250
vt 0.031250 0.359375
vt 0.031250 0.765625
vt 0.031250 0.343750
vt 0.031250 0.750000
vt 0.031250 0.328125
vt 0.031250 0.734375
vt 0.031250 0.312500
vt 0.031250 0.718750
vt 0.031250 0.296875
vt 0.031250 0.703125
vt 0.015625 0.234375
vt 0.015625 0.640625
vt 0.015625 0.218750
vt 0.015625 0.625000
vt 0.015625 0.203125
vt 0.015625 0.609375
vt 0.015625 0.187500
vt 0.015625 0.593750
vt 0.015625 0.171875
vt 0.015625 0.578125
vt 0.023438 1.000000
vt 0.015625 0.984375
vt 0.015625 0.156250
vt 0.015625 0.562500
vt 0.015625 0.968750
vt 0.015625 0.140625
vt 0.015625 0.546875
vt 0.015625 0.953125
vt 0.015625 0.125000
vt 0.015625 0.531250
vt 0.015625 0.937500
vt 0.015625 0.109375
vt 0.015625 0.515625
vt 0.015625 0.921875
vt 0.015625 0.093750
vt 0.015625 0.500000
vt 0.015625 0.906250
vt 0.015625 0.078125
vt 0.015625 0.484375
vt 0.015625 0.890625
vt 0.015625 0.062500
vt 0.015625 0.468750
vt 0.015625 0.875000
vt 0.015625 0.046875
vt 0.015625 0.453125
vt 0.015625 0.859375
vt 0.015625 0.031250
vt 0.015625 0.437500
vt 0.015625 0.843750
vt 0.015625 0.015625
vt 0.015625 0.421875
vt 0.015625 0.828125
vt 0.023438 0.000000
vt 0.015625 0.406250
vt 0.015625 0.812500
vt 0.015625 0.390625
vt 0.015625 0.796875
vt 0.015625 0.375000
vt 0.015625 0.781250
vt 0.015625 0.359375
vt 0.015625 0.765625
vt 0.015625 0.343750
vt 0.015625 0.750000
vt 0.015625 0.328125
vt 0.015625 0.734375
vt 0.015625 0.312500
vt 0.015625 0.718750
vt 0.015625 0.296875
vt 0.015625 0.703125
vt 0.015625 0.281250
vt 0.015625 0.687500
vt 0.015625 0.265625
vt 0.015625 0.671875
vt 0.015625 0.250000
vt 0.015625 0.656250
vt 0.000000 0.218750
vt 0.000000 0.203125
vt 0.000000 0.609375
vt 0.000000 0.187500
vt 0.000000 0.593750
vt 0.000000 0.171875
vt 0.000000 0.578125
vt 0.007812 1.000000
vt 0.000000 0.984375
vt 0.000000 0.156250
vt 0.000000 0.562500
vt 0.000000 0.968750
vt 0.000000 0.140625
vt 0.000000 0.546875
vt 0.000000 0.953125
vt 0.000000 0.125000
vt 0.000000 0.531250
vt 0.000000 0.937500
vt 0.000000 0.109375
vt 0.000000 0.515625
vt 0.000000 0.921875
vt 0.000000 0.093750
vt 0.000000 0.500000
vt 0.000000 0.906250
vt 0.000000 0.078125
vt 0.000000 0.484375
vt 0.000000 0.890625
vt 0.000000 0.062500
vt 0.000000 0.468750
vt 0.000000 0.875000
vt 0.000000 0.046875
vt 0.000000 0.453125
vt 0.000000 0.859375
vt 0.000000 0.031250
vt 0.000000 0.437500
vt 0.000000 0.843750
vt 0.000000 0.015625
vt 0.000000 0.421875
vt 0.000000 0.828125
vt 0.007812 0.000000
vt 0.000000 0.406250
vt 0.000000 0.812500
vt 0.000000 0.390625
vt 0.000000 0.796875
vt 0.000000 0.375000
vt 0.000000 0.781250
vt 0.000000 0.359375
vt 0.000000 0.765625
vt 0.000000 0.343750
vt 0.000000 0.750000
vt 0.000000 0.328125
vt 0.000000 0.734375
vt 0.000000 0.312500
vt 0.000000 0.718750
vt 0.000000 0.296875
vt 0.000000 0.703125
vt 0.000000 0.281250
vt 0.000000 0.687500
vt 0.000000 0.265625
vt 0.000000 0.671875
vt 0.000000 0.250000
vt 0.000000 0.656250
vt 0.000000 0.234375
vt 0.000000 0.640625
vt 0.000000 0.625000
vt 1.000000 0.171875
vt 0.984375 0.187500
vt 0.984375 0.171875
vt 1.000000 0.593750
vt 0.984375 0.578125
vt 1.000000 0.578125
vt 1.000000 0.984375
vt 0.992187 1.000000
vt 0.984375 0.984375
vt 0.984375 0.156250
vt 1.000000 0.156250
vt 0.984375 0.562500
vt 1.000000 0.562500
vt 1.000000 0.968750
vt 0.984375 0.968750
vt 0.984375 0.140625
vt 1.000000 0.140625
vt 1.000000 0.546875
vt 0.984375 0.546875
vt 0.984375 0.953125
vt 1.000000 0.953125
vt 0.984375 0.125000
vt 1.000000 0.125000
vt 1.000000 0.531250
vt 0.984375 0.531250
vt 0.984375 0.937500
vt 1.000000 0.937500
vt 1.000000 0.109375
vt 0.984375 0.109375
vt 0.984375 0.515625
vt 1.000000 0.515625
vt 1.000000 0.921875
vt 0.984375 0.921875
vt 0.984375 0.093750
vt 1.000000 0.093750
vt 1.000000 0.500000
vt 0.984375 0.500000
vt 0.984375 0.906250
vt 1.000000 0.906250
vt 0.984375 0.078125
vt 1.000000 0.078125
vt 0.984375 0.484375
vt 1.000000 0.484375
vt 1.000000 0.890625
vt 0.984375 0.890625
vt 0.984375 0.062500
vt 1.000000 0.062500
vt 1.000000 0.468750
vt 0.984375 0.468750
vt 0.984375 0.875000
vt 1.000000 0.875000
vt 1.000000 0.046875
vt 0.984375 0.046875
vt 0.984375 0.453125
vt 1.000000 0.453125
vt 0.984375 0.859375
vt 1.000000 0.859375
vt 1.000000 0.031250
vt 0.984375 0.031250
vt 0.984375 0.437500
vt 1.000000 0.437500
vt 1.000000 0.843750
vt 0.984375 0.843750
vt 0.984375 0.015625
vt 1.000000 0.015625
vt 1.000000 0.421875
vt 0.984375 0.421875
vt 1.000000 0.828125
vt 0.984375 0.828125
vt 0.992187 0.000000
vt 1.000000 0.406250
vt 0.984375 0.406250
vt 0.984375 0.812500
vt 1.000000 0.812500
vt 0.984375 0.390625
vt 1.000000 0.390625
vt 1.000000 0.796875
vt 0.984375 0.796875
vt 1.000000 0.375000
vt 0.984375 0.375000
vt 0.984375 0.781250
vt 1.000000 0.781250
vt 0.984375 0.359375
vt 1.000000 0.359375
vt 1.000000 0.765625
vt 0.984375 0.765625
vt 1.000000 0.343750
vt 0.984375 0.343750
vt 1.000000 0.750000
vt 0.984375 0.750000
vt 0.984375 0.328125
vt 1.000000 0.328125
vt 0.984375 0.734375
vt 1.000000 0.734375
vt 0.984375 0.312500
vt 1.000000 0.312500
vt 0.984375 0.718750
vt 1.000000 0.718750
vt 1.000000 0.296875
vt 0.984375 0.296875
vt 1.000000 0.703125
vt 0.984375 0.703125
vt 0.984375 0.281250
vt 1.000000 0.281250
vt 0.984375 0.687500
vt 1.000000 0.687500
vt 1.000000 0.265625
vt 0.984375 0.265625
vt 1.000000 0.671875
vt 0.984375 0.671875
vt 1.000000 0.250000
vt 0.984375 0.250000
vt 1.000000 0.656250
vt 0.984375 0.656250
vt 0.984375 0.234375
vt 1.000000 0.234375
vt 0.984375 0.640625
vt 1.000000 0.640625
vt 0.984375 0.218750
vt 1.000000 0.218750
vt 1.000000 0.625000
vt 0.984375 0.625000
vt 1.000000 0.203125
vt 0.984375 0.203125
vt 0.984375 0.609375
vt 1.000000 0.609375
vt 1.000000 0.187500
vt 0.984375 0.593750
vt 0.968750 0.140625
vt 0.968750 0.562500
vt 0.968750 0.546875
vt 0.968750 0.953125
vt 0.968750 0.125000
vt 0.968750 0.531250
vt 0.968750 0.937500
vt 0.968750 0.109375
vt 0.968750 0.515625
vt 0.968750 0.921875
vt 0.968750 0.093750
vt 0.968750 0.500000
vt 0.968750 0.906250
vt 0.968750 0.078125
vt 0.968750 0.484375
vt 0.968750 0.890625
vt 0.968750 0.062500
vt 0.968750 0.468750
vt 0.968750 0.875000
vt 0.968750 0.046875
vt 0.968750 0.453125
vt 0.968750 0.859375
vt 0.968750 0.031250
vt 0.968750 0.437500
vt 0.968750 0.843750
vt 0.968750 0.015625
vt 0.968750 0.421875
vt 0.968750 0.828125
vt 0.976562 0.000000
vt 0.968750 0.406250
vt 0.968750 0.812500
vt 0.968750 0.390625
vt 0.968750 0.796875
vt 0.968750 0.375000
vt 0.968750 0.781250
vt 0.968750 0.359375
vt 0.968750 0.765625
vt 0.968750 0.343750
vt 0.968750 0.750000
vt 0.968750 0.328125
vt 0.968750 0.734375
vt 0.968750 0.312500
vt 0.968750 0.718750
vt 0.968750 0.296875
vt 0.968750 0.703125
vt 0.968750 0.281250
vt 0.968750 0.687500
vt 0.968750 0.265625
vt 0.968750 0.671875
vt 0.968750 0.250000
vt 0.968750 0.656250
vt 0.968750 0.234375
vt 0.968750 0.640625
vt 0.968750 0.218750
vt 0.968750 0.625000
vt 0.968750 0.203125
vt 0.968750 0.609375
vt 0.968750 0.187500
vt 0.968750 0.593750
vt 0.968750 0.171875
vt 0.968750 0.578125
vt 0.976562 1.000000
vt 0.968750 0.984375
vt 0.968750 0.156250
vt 0.968750 0.968750
vt 0.953125 0.125000
vt 0.953125 0.109375
vt 0.953125 0.515625
vt 0.953125 0.937500
vt 0.953125 0.921875
vt 0.953125 0.093750
vt 0.953125 0.500000
vt 0.953125 0.906250
vt 0.953125 0.078125
vt 0.953125 0.484375
vt 0.953125 0.890625
vt 0.953125 0.062500
vt 0.953125 0.468750
vt 0.953125 0.875000
vt 0.953125 0.046875
vt 0.953125 0.453125
vt 0.953125 0.859375
vt 0.953125 0.031250
vt 0.953125 0.437500
vt 0.953125 0.843750
vt 0.953125 0.015625
vt 0.953125 0.421875
vt 0.953125 0.828125
vt 0.960938 0.000000
vt 0.953125 0.406250
vt 0.953125 0.812500
vt 0.953125 0.390625
vt 0.953125 0.796875
vt 0.953125 0.375000
vt 0.953125 0.781250
vt 0.953125 0.359375
vt 0.953125 0.765625
vt 0.953125 0.343750
vt 0.953125 0.750000
vt 0.953125 0.328125
vt 0.953125 0.734375
vt 0.953125 0.312500
vt 0.953125 0.718750
vt 0.953125 0.296875
vt 0.953125 0.703125
vt 0.953125 0.281250
vt 0.953125 0.687500
vt 0.953125 0.265625
vt 0.953125 0.671875
vt 0.953125 0.250000
vt 0.953125 0.656250
vt 0.953125 0.234375
vt 0.953125 0.640625
vt 0.953125 0.218750
vt 0.953125 0.625000
vt 0.953125 0.203125
vt 0.953125 0.609375
vt 0.953125 0.187500
vt 0.953125 0.593750
vt 0.953125 0.171875
vt 0.953125 0.578125
vt 0.960938 1.000000
vt 0.953125 0.984375
vt 0.953125 0.156250
vt 0.953125 0.562500
vt 0.953125 0.968750
vt 0.953125 0.140625
vt 0.953125 0.546875
vt 0.953125 0.953125
vt 0.953125 0.531250
vt 0.937500 0.484375
vt 0.937500 0.359375
vt 0.937500 0.906250
vt 0.937500 0.890625
vt 0.937500 0.468750
vt 0.937500 0.343750
vt 0.937500 0.875000
vt 0.937500 0.453125
vt 0.937500 0.859375
vt 0.937500 0.328125
vt 0.937500 0.437500
vt 0.937500 0.843750
vt 0.937500 0.312500
vt 0.937500 0.421875
vt 0.937500 0.828125
vt 0.937500 0.296875
vt 0.937500 0.406250
vt 0.937500 0.812500
vt 0.937500 0.281250
vt 0.937500 0.796875
vt 0.937500 0.265625
vt 0.937500 0.781250
vt 0.937500 0.250000
vt 0.937500 0.234375
vt 0.937500 0.765625
vt 0.937500 0.218750
vt 0.937500 0.750000
vt 0.937500 0.203125
vt 0.937500 0.734375
vt 0.937500 0.187500
vt 0.937500 0.718750
vt 0.937500 0.171875
vt 0.937500 0.703125
vt 0.937500 0.156250
vt 0.937500 0.687500
vt 0.937500 0.140625
vt 0.937500 0.671875
vt 0.937500 0.125000
vt 0.937500 0.656250
vt 0.937500 0.109375
vt 0.937500 0.640625
vt 0.937500 0.093750
vt 0.937500 0.625000
vt 0.937500 0.078125
vt 0.937500 0.609375
vt 0.937500 0.062500
vt 0.937500 0.593750
vt 0.937500 0.046875
vt 0.937500 0.578125
vt 0.945312 1.000000
vt 0.937500 0.984375
vt 0.937500 0.031250
vt 0.937500 0.562500
vt 0.937500 0.968750
vt 0.937500 0.015625
vt 0.937500 0.546875
vt 0.937500 0.953125
vt 0.945312 0.000000
vt 0.937500 0.531250
vt 0.937500 0.937500
vt 0.937500 0.515625
vt 0.937500 0.390625
vt 0.937500 0.921875
vt 0.937500 0.500000
vt 0.937500 0.375000
vt 0.921875 0.328125
vt 0.921875 0.734375
vt 0.921875 0.312500
vt 0.921875 0.718750
vt 0.921875 0.296875
vt 0.921875 0.703125
vt 0.921875 0.281250
vt 0.921875 0.687500
vt 0.921875 0.265625
vt 0.921875 0.671875
vt 0.921875 0.250000
vt 0.921875 0.656250
vt 0.921875 0.234375
vt 0.921875 0.640625
vt 0.921875 0.218750
vt 0.921875 0.625000
vt 0.921875 0.203125
vt 0.921875 0.609375
vt 0.921875 0.187500
vt 0.921875 0.593750
vt 0.921875 0.171875
vt 0.921875 0.578125
vt 0.929687 1.000000
vt 0.921875 0.984375
vt 0.921875 0.156250
vt 0.921875 0.562500
vt 0.921875 0.968750
vt 0.921875 0.140625
vt 0.921875 0.546875
vt 0.921875 0.953125
vt 0.921875 0.125000
vt 0.921875 0.531250
vt 0.921875 0.937500
vt 0.921875 0.109375
vt 0.921875 0.515625
vt 0.921875 0.921875
vt 0.921875 0.093750
vt 0.921875 0.500000
vt 0.921875 0.906250
vt 0.921875 0.078125
vt 0.921875 0.484375
vt 0.921875 0.890625
vt 0.921875 0.062500
vt 0.921875 0.468750
vt 0.921875 0.875000
vt 0.921875 0.046875
vt 0.921875 0.453125
vt 0.921875 0.859375
vt 0.921875 0.031250
vt 0.921875 0.437500
vt 0.921875 0.843750
vt 0.921875 0.015625
vt 0.921875 0.421875
vt 0.921875 0.828125
vt 0.929687 0.000000
vt 0.921875 0.406250
vt 0.921875 0.812500
vt 0.921875 0.390625
vt 0.921875 0.796875
vt 0.921875 0.375000
vt 0.921875 0.781250
vt 0.921875 0.359375
vt 0.921875 0.765625
vt 0.921875 0.343750
vt 0.921875 0.750000
vt 0.906250 0.312500
vt 0.906250 0.296875
vt 0.906250 0.718750
vt 0.906250 0.703125
vt 0.906250 0.281250
vt 0.906250 0.687500
vt 0.906250 0.265625
vt 0.906250 0.671875
vt 0.906250 0.250000
vt 0.906250 0.656250
vt 0.906250 0.234375
vt 0.906250 0.640625
vt 0.906250 0.218750
vt 0.906250 0.625000
vt 0.906250 0.203125
vt 0.906250 0.609375
vt 0.906250 0.187500
vt 0.906250 0.593750
vt 0.906250 0.171875
vt 0.906250 0.578125
vt 0.914062 1.000000
vt 0.906250 0.984375
vt 0.906250 0.156250
vt 0.906250 0.562500
vt 0.906250 0.968750
vt 0.906250 0.140625
vt 0.906250 0.546875
vt 0.906250 0.953125
vt 0.906250 0.125000
vt 0.906250 0.531250
vt 0.906250 0.937500
vt 0.906250 0.109375
vt 0.906250 0.515625
vt 0.906250 0.921875
vt 0.906250 0.093750
vt 0.906250 0.500000
vt 0.906250 0.906250
vt 0.906250 0.078125
vt 0.906250 0.484375
vt 0.906250 0.890625
vt 0.906250 0.062500
vt 0.906250 0.468750
vt 0.906250 0.875000
vt 0.906250 0.046875
vt 0.906250 0.453125
vt 0.906250 0.859375
vt 0.906250 0.031250
vt 0.906250 0.437500
vt 0.906250 0.843750
vt 0.906250 0.015625
vt 0.906250 0.421875
vt 0.906250 0.828125
vt 0.914062 0.000000
vt 0.906250 0.406250
vt 0.906250 0.812500
vt 0.906250 0.390625
vt 0.906250 0.796875
vt 0.906250 0.375000
vt 0.906250 0.781250
vt 0.906250 0.359375
vt 0.906250 0.765625
vt 0.906250 0.343750
vt 0.906250 0.750000
vt 0.906250 0.328125
vt 0.906250 0.734375
vt 0.890625 0.281250
vt 0.890625 0.265625
vt 0.890625 0.687500
vt 0.890625 0.671875
vt 0.890625 0.250000
vt 0.890625 0.656250
vt 0.890625 0.234375
vt 0.890625 0.640625
vt 0.890625 0.218750
vt 0.890625 0.625000
vt 0.890625 0.203125
vt 0.890625 0.609375
vt 0.890625 0.187500
vt 0.890625 0.593750
vt 0.890625 0.171875
vt 0.890625 0.578125
vt 0.898437 1.000000
vt 0.890625 0.984375
vt 0.890625 0.156250
vt 0.890625 0.562500
vt 0.890625 0.968750
vt 0.890625 0.140625
vt 0.890625 0.546875
vt 0.890625 0.953125
vt 0.890625 0.125000
vt 0.890625 0.531250
vt 0.890625 0.937500
vt 0.890625 0.109375
vt 0.890625 0.515625
vt 0.890625 0.921875
vt 0.890625 0.093750
vt 0.890625 0.500000
vt 0.890625 0.906250
vt 0.890625 0.078125
vt 0.890625 0.484375
vt 0.890625 0.890625
vt 0.890625 0.062500
vt 0.890625 0.468750
vt 0.890625 0.875000
vt 0.890625 0.046875
vt 0.890625 0.453125
vt 0.890625 0.859375
vt 0.890625 0.031250
vt 0.890625 0.437500
vt 0.890625 0.843750
vt 0.890625 0.015625
vt 0.890625 0.421875
vt 0.890625 0.828125
vt 0.898437 0.000000
vt 0.890625 0.406250
vt 0.890625 0.812500
vt 0.890625 0.390625
vt 0.890625 0.796875
vt 0.890625 0.375000
vt 0.890625 0.781250
vt 0.890625 0.359375
vt 0.890625 0.765625
vt 0.890625 0.343750
vt 0.890625 0.750000
vt 0.890625 0.328125
vt 0.890625 0.734375
vt 0.890625 0.312500
vt 0.890625 0.718750
vt 0.890625 0.296875
vt 0.890625 0.703125
vt 0.875000 0.234375
vt 0.875000 0.640625
vt 0.875000 0.218750
vt 0.875000 0.625000
vt 0.875000 0.203125
vt 0.875000 0.609375
vt 0.875000 0.187500
vt 0.875000 0.593750
vt 0.875000 0.171875
vt 0.875000 0.578125
vt 0.882812 1.000000
vt 0.875000 0.984375
vt 0.875000 0.156250
vt 0.875000 0.562500
vt 0.875000 0.968750
vt 0.875000 0.140625
vt 0.875000 0.546875
vt 0.875000 0.953125
vt 0.875000 0.125000
vt 0.875000 0.531250
vt 0.875000 0.937500
vt 0.875000 0.109375
vt 0.875000 0.515625
vt 0.875000 0.921875
vt 0.875000 0.093750
vt 0.875000 0.500000
vt 0.875000 0.906250
vt 0.875000 0.078125
vt 0.875000 0.484375
vt 0.875000 0.890625
vt 0.875000 0.062500
vt 0.875000 0.468750
vt 0.875000 0.875000
vt 0.875000 0.046875
vt 0.875000 0.453125
vt 0.875000 0.859375
vt 0.875000 0.031250
vt 0.875000 0.437500
vt 0.875000 0.843750
vt 0.875000 0.015625
vt 0.875000 0.421875
vt 0.875000 0.828125
vt 0.882812 0.000000
vt 0.875000 0.406250
vt 0.875000 0.812500
vt 0.875000 0.390625
vt 0.875000 0.796875
vt 0.875000 0.375000
vt 0.875000 0.781250
vt 0.875000 0.359375
vt 0.875000 0.765625
vt 0.875000 0.343750
vt 0.875000 0.750000
vt 0.875000 0.328125
vt 0.875000 0.734375
vt 0.875000 0.312500
vt 0.875000 0.718750
vt 0.875000 0.296875
vt 0.875000 0.703125
vt 0.875000 0.281250
vt 0.875000 0.687500
vt 0.875000 0.265625
vt 0.875000 0.671875
vt 0.875000 0.250000
vt 0.875000 0.656250
vt 0.859375 0.218750
vt 0.859375 0.203125
vt 0.859375 0.609375
vt 0.859375 0.187500
vt 0.859375 0.593750
vt 0.859375 0.171875
vt 0.859375 0.578125
vt 0.867187 1.000000
vt 0.859375 0.984375
vt 0.859375 0.156250
vt 0.859375 0.562500
vt 0.859375 0.968750
vt 0.859375 0.140625
vt 0.859375 0.546875
vt 0.859375 0.953125
vt 0.859375 0.125000
vt 0.859375 0.531250
vt 0.859375 0.937500
vt 0.859375 0.109375
vt 0.859375 0.515625
vt 0.859375 0.921875
vt 0.859375 0.093750
vt 0.859375 0.500000
vt 0.859375 0.906250
vt 0.859375 0.078125
vt 0.859375 0.484375
vt 0.859375 0.890625
vt 0.859375 0.062500
vt 0.859375 0.468750
vt 0.859375 0.875000
vt 0.859375 0.046875
vt 0.859375 0.453125
vt 0.859375 0.859375
vt 0.859375 0.031250
vt 0.859375 0.437500
vt 0.859375 0.843750
vt 0.859375 0.015625
vt 0.859375 0.421875
vt 0.859375 0.828125
vt 0.867187 0.000000
vt 0.859375 0.406250
vt 0.859375 0.812500
vt 0.859375 0.390625
vt 0.859375 0.796875
vt 0.859375 0.375000
vt 0.859375 0.781250
vt 0.859375 0.359375
vt 0.859375 0.765625
vt 0.859375 0.343750
vt 0.859375 0.750000
vt 0.859375 0.328125
vt 0.859375 0.734375
vt 0.859375 0.312500
vt 0.859375 0.718750
vt 0.859375 0.296875
vt 0.859375 0.703125
vt 0.859375 0.281250
vt 0.859375 0.687500
vt 0.859375 0.265625
vt 0.859375 0.671875
vt 0.859375 0.250000
vt 0.859375 0.656250
vt 0.859375 0.234375
vt 0.859375 0.640625
vt 0.859375 0.625000
vt 0.843750 0.187500
vt 0.843750 0.171875
vt 0.843750 0.578125
vt 0.851562 1.000000
vt 0.843750 0.984375
vt 0.843750 0.156250
vt 0.843750 0.562500
vt 0.843750 0.968750
vt 0.843750 0.140625
vt 0.843750 0.546875
vt 0.843750 0.953125
vt 0.843750 0.125000
vt 0.843750 0.531250
vt 0.843750 0.937500
vt 0.843750 0.109375
vt 0.843750 0.515625
vt 0.843750 0.921875
vt 0.843750 0.093750
vt 0.843750 0.500000
vt 0.843750 0.906250
vt 0.843750 0.078125
vt 0.843750 0.484375
vt 0.843750 0.890625
vt 0.843750 0.062500
vt 0.843750 0.468750
vt 0.843750 0.875000
vt 0.843750 0.046875
vt 0.843750 0.453125
vt 0.843750 0.859375
vt 0.843750 0.031250
vt 0.843750 0.437500
vt 0.843750 0.843750
vt 0.843750 0.015625
vt 0.843750 0.421875
vt 0.843750 0.828125
vt 0.851562 0.000000
vt 0.843750 0.406250
vt 0.843750 0.812500
vt 0.843750 0.390625
vt 0.843750 0.796875
vt 0.843750 0.375000
vt 0.843750 0.781250
vt 0.843750 0.359375
vt 0.843750 0.765625
vt 0.843750 0.343750
vt 0.843750 0.750000
vt 0.843750 0.328125
vt 0.843750 0.734375
vt 0.843750 0.312500
vt 0.843750 0.718750
vt 0.843750 0.296875
vt 0.843750 0.703125
vt 0.843750 0.281250
vt 0.843750 0.687500
vt 0.843750 0.265625
vt 0.843750 0.671875
vt 0.843750 0.250000
vt 0.843750 0.656250
vt 0.843750 0.234375
vt 0.843750 0.640625
vt 0.843750 0.218750
vt 0.843750 0.625000
vt 0.843750 0.203125
vt 0.843750 0.609375
vt 0.843750 0.593750
vt 0.828125 0.968750
vt 0.828125 0.140625
vt 0.828125 0.562500
vt 0.828125 0.546875
vt 0.828125 0.953125
vt 0.828125 0.125000
vt 0.828125 0.531250
vt 0.828125 0.937500
vt 0.828125 0.109375
vt 0.828125 0.515625
vt 0.828125 0.921875
vt 0.828125 0.093750
vt 0.828125 0.500000
vt 0.828125 0.906250
vt 0.828125 0.078125
vt 0.828125 0.484375
vt 0.828125 0.890625
vt 0.828125 0.062500
vt 0.828125 0.468750
vt 0.828125 0.875000
vt 0.828125 0.046875
vt 0.828125 0.453125
vt 0.828125 0.859375
vt 0.828125 0.031250
vt 0.828125 0.437500
vt 0.828125 0.843750
vt 0.828125 0.015625
vt 0.828125 0.421875
vt 0.828125 0.828125
vt 0.835938 0.000000
vt 0.828125 0.406250
vt 0.828125 0.812500
vt 0.828125 0.390625
vt 0.828125 0.796875
vt 0.828125 0.375000
vt 0.828125 0.781250
vt 0.828125 0.359375
vt 0.828125 0.765625
vt 0.828125 0.343750
vt 0.828125 0.750000
vt 0.828125 0.328125
vt 0.828125 0.734375
vt 0.828125 0.312500
vt 0.828125 0.718750
vt 0.828125 0.296875
vt 0.828125 0.703125
vt 0.828125 0.281250
vt 0.828125 0.687500
vt 0.828125 0.265625
vt 0.828125 0.671875
vt 0.828125 0.250000
vt 0.828125 0.656250
vt 0.828125 0.234375
vt 0.828125 0.640625
vt 0.828125 0.218750
vt 0.828125 0.625000
vt 0.828125 0.203125
vt 0.828125 0.609375
vt 0.828125 0.187500
vt 0.828125 0.593750
vt 0.828125 0.171875
vt 0.828125 0.578125
vt 0.835938 1.000000
vt 0.828125 0.984375
vt 0.828125 0.156250
vt 0.812500 0.937500
vt 0.812500 0.125000
vt 0.812500 0.109375
vt 0.812500 0.531250
vt 0.812500 0.515625
vt 0.812500 0.921875
vt 0.812500 0.093750
vt 0.812500 0.500000
vt 0.812500 0.906250
vt 0.812500 0.078125
vt 0.812500 0.484375
vt 0.812500 0.890625
vt 0.812500 0.062500
vt 0.812500 0.468750
vt 0.812500 0.875000
vt 0.812500 0.046875
vt 0.812500 0.453125
vt 0.812500 0.859375
vt 0.812500 0.031250
vt 0.812500 0.437500
vt 0.812500 0.843750
vt 0.812500 0.015625
vt 0.812500 0.421875
vt 0.812500 0.828125
vt 0.820312 0.000000
vt 0.812500 0.406250
vt 0.812500 0.812500
vt 0.812500 0.390625
vt 0.812500 0.796875
vt 0.812500 0.375000
vt 0.812500 0.781250
vt 0.812500 0.359375
vt 0.812500 0.765625
vt 0.812500 0.343750
vt 0.812500 0.750000
vt 0.812500 0.328125
vt 0.812500 0.734375
vt 0.812500 0.312500
vt 0.812500 0.718750
vt 0.812500 0.296875
vt 0.812500 0.703125
vt 0.812500 0.281250
vt 0.812500 0.687500
vt 0.812500 0.265625
vt 0.812500 0.671875
vt 0.812500 0.250000
vt 0.812500 0.656250
vt 0.812500 0.234375
vt 0.812500 0.640625
vt 0.812500 0.218750
vt 0.812500 0.625000
vt 0.812500 0.203125
vt 0.812500 0.609375
vt 0.812500 0.187500
vt 0.812500 0.593750
vt 0.812500 0.171875
vt 0.812500 0.578125
vt 0.820312 1.000000
vt 0.812500 0.984375
vt 0.812500 0.156250
vt 0.812500 0.562500
vt 0.812500 0.968750
vt 0.812500 0.140625
vt 0.812500 0.546875
vt 0.812500 0.953125
vt 0.796875 0.906250
vt 0.796875 0.093750
vt 0.796875 0.078125
vt 0.796875 0.484375
vt 0.796875 0.890625
vt 0.796875 0.062500
vt 0.796875 0.468750
vt 0.796875 0.875000
vt 0.796875 0.046875
vt 0.796875 0.453125
vt 0.796875 0.859375
vt 0.796875 0.031250
vt 0.796875 0.437500
vt 0.796875 0.843750
vt 0.796875 0.015625
vt 0.796875 0.421875
vt 0.796875 0.828125
vt 0.804688 0.000000
vt 0.796875 0.406250
vt 0.796875 0.812500
vt 0.796875 0.390625
vt 0.796875 0.796875
vt 0.796875 0.375000
vt 0.796875 0.781250
vt 0.796875 0.359375
vt 0.796875 0.765625
vt 0.796875 0.343750
vt 0.796875 0.750000
vt 0.796875 0.328125
vt 0.796875 0.734375
vt 0.796875 0.312500
vt 0.796875 0.718750
vt 0.796875 0.296875
vt 0.796875 0.703125
vt 0.796875 0.281250
vt 0.796875 0.687500
vt 0.796875 0.265625
vt 0.796875 0.671875
vt 0.796875 0.250000
vt 0.796875 0.656250
vt 0.796875 0.234375
vt 0.796875 0.640625
vt 0.796875 0.218750
vt 0.796875 0.625000
vt 0.796875 0.203125
vt 0.796875 0.609375
vt 0.796875 0.187500
vt 0.796875 0.593750
vt 0.796875 0.171875
vt 0.796875 0.578125
vt 0.804688 1.000000
vt 0.796875 0.984375
vt 0.796875 0.156250
vt 0.796875 0.562500
vt 0.796875 0.968750
vt 0.796875 0.140625
vt 0.796875 0.546875
vt 0.796875 0.953125
vt 0.796875 0.125000
vt 0.796875 0.531250
vt 0.796875 0.937500
vt 0.796875 0.109375
vt 0.796875 0.515625
vt 0.796875 0.921875
vt 0.796875 0.500000
vt 0.781250 0.875000
vt 0.781250 0.046875
vt 0.781250 0.468750
vt 0.781250 0.453125
vt 0.781250 0.859375
vt 0.781250 0.031250
vt 0.781250 0.437500
vt 0.781250 0.843750
vt 0.781250 0.015625
vt 0.781250 0.421875
vt 0.781250 0.828125
vt 0.789062 0.000000
vt 0.781250 0.406250
vt 0.781250 0.812500
vt 0.781250 0.390625
vt 0.781250 0.796875
vt 0.781250 0.375000
vt 0.781250 0.781250
vt 0.781250 0.359375
vt 0.781250 0.765625
vt 0.781250 0.343750
vt 0.781250 0.750000
vt 0.781250 0.328125
vt 0.781250 0.734375
vt 0.781250 0.312500
vt 0.781250 0.718750
vt 0.781250 0.296875
vt 0.781250 0.703125
vt 0.781250 0.281250
vt 0.781250 0.687500
vt 0.781250 0.265625
vt 0.781250 0.671875
vt 0.781250 0.250000
vt 0.781250 0.656250
vt 0.781250 0.234375
vt 0.781250 0.640625
vt 0.781250 0.218750
vt 0.781250 0.625000
vt 0.781250 0.203125
vt 0.781250 0.609375
vt 0.781250 0.187500
vt 0.781250 0.593750
vt 0.781250 0.171875
vt 0.781250 0.578125
vt 0.789062 1.000000
vt 0.781250 0.984375
vt 0.781250 0.156250
vt 0.781250 0.562500
vt 0.781250 0.968750
vt 0.781250 0.140625
vt 0.781250 0.546875
vt 0.781250 0.953125
vt 0.781250 0.125000
vt 0.781250 0.531250
vt 0.781250 0.937500
vt 0.781250 0.109375
vt 0.781250 0.515625
vt 0.781250 0.921875
vt 0.781250 0.093750
vt 0.781250 0.500000
vt 0.781250 0.906250
vt 0.781250 0.078125
vt 0.781250 0.484375
vt 0.781250 0.890625
vt 0.781250 0.062500
vt 0.765625 0.843750
vt 0.765625 0.015625
vt 0.765625 0.437500
vt 0.765625 0.421875
vt 0.765625 0.828125
vt 0.773437 0.000000
vt 0.765625 0.406250
vt 0.765625 0.812500
vt 0.765625 0.390625
vt 0.765625 0.796875
vt 0.765625 0.375000
vt 0.765625 0.781250
vt 0.765625 0.359375
vt 0.765625 0.765625
vt 0.765625 0.343750
vt 0.765625 0.750000
vt 0.765625 0.328125
vt 0.765625 0.734375
vt 0.765625 0.312500
vt 0.765625 0.718750
vt 0.765625 0.296875
vt 0.765625 0.703125
vt 0.765625 0.281250
vt 0.765625 0.687500
vt 0.765625 0.265625
vt 0.765625 0.671875
vt 0.765625 0.250000
vt 0.765625 0.656250
vt 0.765625 0.234375
vt 0.765625 0.640625
vt 0.765625 0.218750
vt 0.765625 0.625000
vt 0.765625 0.203125
vt 0.765625 0.609375
vt 0.765625 0.187500
vt 0.765625 0.593750
vt 0.765625 0.171875
vt 0.765625 0.578125
vt 0.773437 1.000000
vt 0.765625 0.984375
vt 0.765625 0.156250
vt 0.765625 0.562500
vt 0.765625 0.968750
vt 0.765625 0.140625
vt 0.765625 0.546875
vt 0.765625 0.953125
vt 0.765625 0.125000
vt 0.765625 0.531250
vt 0.765625 0.937500
vt 0.765625 0.109375
vt 0.765625 0.515625
vt 0.765625 0.921875
vt 0.765625 0.093750
vt 0.765625 0.500000
vt 0.765625 0.906250
vt 0.765625 0.078125
vt 0.765625 0.484375
vt 0.765625 0.890625
vt 0.765625 0.062500
vt 0.765625 0.468750
vt 0.765625 0.875000
vt 0.765625 0.046875
vt 0.765625 0.453125
vt 0.765625 0.859375
vt 0.765625 0.031250
vt 0.757812 1.000000
vt 0.757812 0.000000
s 0
f 4030/1/1 92/2/1 93/3/1
f 13/4/2 67/5/2 14/6/2
f 35/7/3 93/3/3 94/8/3
f 14/6/4 68/9/4 15/10/4
f 4013/11/5 2058/12/5 42/13/5
f 36/14/6 94/8/6 95/15/6
f 4025/16/7 68/9/7 69/17/7
f 4014/18/8 42/13/8 43/19/8
f 36/14/9 96/20/9 37/21/9
f 4025/16/10 70/22/10 16/23/10
f 4015/24/11 43/19/11 44/25/11
f 38/26/12 96/20/12 97/27/12
f 16/23/13 71/28/13 17/29/13
f 1/30/14 44/25/14 45/31/14
f 39/32/15 97/27/15 98/33/15
f 17/29/16 72/34/16 18/35/16
f 4016/36/17 45/31/17 46/37/17
f 39/32/18 99/38/18 40/39/18
f 19/40/19 72/34/19 73/41/19
f 2/42/20 46/37/20 47/43/20
f 40/39/21 100/44/21 4031/45/21
f 4026/46/22 73/41/22 74/47/22
f 4017/48/23 47/43/23 48/49/23
f 4031/45/24 101/50/24 41/51/24
f 4026/46/25 75/52/25 20/53/25
f 4018/54/26 48/49/26 49/55/26
f 41/51/27 102/56/27 4032/57/27
f 20/53/28 76/58/28 21/59/28
f 4019/60/29 49/55/29 50/61/29
f 4032/57/30 103/62/30 4033/63/30
f 4027/64/31 76/58/31 77/65/31
f 4020/66/32 50/61/32 51/67/32
f 4033/63/33 104/68/33 4034/69/33
f 4027/64/34 78/70/34 22/71/34
f 4021/72/35 51/67/35 52/73/35
f 2752/74/36 4034/69/36 104/68/36
f 22/71/37 79/75/37 23/76/37
f 4022/77/38 52/73/38 53/78/38
f 23/76/39 80/79/39 4028/80/39
f 4022/77/40 54/81/40 3/82/40
f 24/83/41 80/79/41 81/84/41
f 3/82/42 55/85/42 4023/86/42
f 24/83/43 82/87/43 25/88/43
f 4/89/44 55/85/44 56/90/44
f 25/88/45 83/91/45 26/92/45
f 5/93/46 56/90/46 57/94/46
f 26/92/47 84/95/47 27/96/47
f 5/93/48 58/97/48 6/98/48
f 27/96/49 85/99/49 28/100/49
f 4024/101/50 58/97/50 59/102/50
f 29/103/51 85/99/51 86/104/51
f 7/105/52 59/102/52 60/106/52
f 29/103/53 87/107/53 4029/108/53
f 7/105/54 61/109/54 8/110/54
f 4029/108/55 88/111/55 30/112/55
f 8/110/56 62/113/56 9/114/56
f 31/115/57 88/111/57 89/116/57
f 9/114/58 63/117/58 10/118/58
f 31/115/59 90/119/59 32/120/59
f 10/118/60 64/121/60 11/122/60
f 32/120/61 91/123/61 33/124/61
f 12/125/62 64/121/62 65/126/62
f 34/127/63 91/123/63 92/2/63
f 12/125/64 66/128/64 13/4/64
f 80/79/65 144/129/65 81/84/65
f 54/81/66 118/130/66 55/85/66
f 82/87/67 144/129/67 145/131/67
f 55/85/68 119/132/68 56/90/68
f 82/87/69 146/133/69 83/91/69
f 56/90/70 120/134/70 57/94/70
f 83/91/71 147/135/71 84/95/71
f 57/94/72 121/136/72 58/97/72
f 84/95/73 148/137/73 85/99/73
f 58/97/74 122/138/74 59/102/74
f 85/99/75 149/139/75 86/104/75
f 60/106/76 122/138/76 123/140/76
f 86/104/77 150/141/77 87/107/77
f 60/106/78 124/142/78 61/109/78
f 88/111/79 150/141/79 151/143/79
f 61/109/80 125/144/80 62/113/80
f 88/111/81 152/145/81 89/116/81
f 62/113/82 126/146/82 63/117/82
f 89/116/83 153/147/83 90/119/83
f 63/117/84 127/148/84 64/121/84
f 91/123/85 153/147/85 154/149/85
f 64/121/86 128/150/86 65/126/86
f 92/2/87 154/149/87 155/151/87
f 66/128/88 128/150/88 129/152/88
f 93/3/89 155/151/89 156/153/89
f 66/128/90 130/154/90 67/5/90
f 94/8/91 156/153/91 157/155/91
f 67/5/92 131/156/92 68/9/92
f 42/13/93 2058/157/93 105/158/93
f 95/15/94 157/155/94 158/159/94
f 68/9/95 132/160/95 69/17/95
f 42/13/96 106/161/96 43/19/96
f 95/15/97 159/162/97 96/20/97
f 69/17/98 133/163/98 70/22/98
f 43/19/99 107/164/99 44/25/99
f 97/27/100 159/162/100 160/165/100
f 70/22/101 134/166/101 71/28/101
f 45/31/102 107/164/102 108/167/102
f 98/33/103 160/165/103 161/168/103
f 72/34/104 134/166/104 135/169/104
f 46/37/105 108/167/105 109/170/105
f 99/38/106 161/168/106 162/171/106
f 72/34/107 136/172/107 73/41/107
f 46/37/108 110/173/108 47/43/108
f 100/44/109 162/171/109 163/174/109
f 73/41/110 137/175/110 74/47/110
f 47/43/111 111/176/111 48/49/111
f 100/44/112 164/177/112 101/50/112
f 74/47/113 138/178/113 75/52/113
f 48/49/114 112/179/114 49/55/114
f 101/50/115 165/180/115 102/56/115
f 76/58/116 138/178/116 139/181/116
f 50/61/117 112/179/117 113/182/117
f 103/62/118 165/180/118 166/183/118
f 77/65/119 139/181/119 140/184/119
f 51/67/120 113/182/120 114/185/120
f 104/68/121 166/183/121 167/186/121
f 77/65/122 141/187/122 78/70/122
f 51/67/123 115/188/123 52/73/123
f 2752/189/124 104/68/124 167/186/124
f 79/75/125 141/187/125 142/190/125
f 52/73/126 116/191/126 53/78/126
f 80/79/127 142/190/127 143/192/127
f 53/78/128 117/193/128 54/81/128
f 145/131/129 209/194/129 146/133/129
f 119/132/130 183/195/130 120/134/130
f 147/135/131 209/194/131 210/196/131
f 120/134/132 184/197/132 121/136/132
f 147/135/133 211/198/133 148/137/133
f 121/136/134 185/199/134 122/138/134
f 148/137/135 212/200/135 149/139/135
f 123/140/136 185/199/136 186/201/136
f 149/139/137 213/202/137 150/141/137
f 124/142/138 186/201/138 187/203/138
f 151/143/139 213/202/139 214/204/139
f 124/142/140 188/205/140 125/144/140
f 151/143/141 215/206/141 152/145/141
f 125/144/142 189/207/142 126/146/142
f 153/147/143 215/206/143 216/208/143
f 127/148/144 189/207/144 190/209/144
f 154/149/145 216/208/145 217/210/145
f 127/148/146 191/211/146 128/150/146
f 154/149/147 218/212/147 155/151/147
f 129/152/148 191/211/148 192/213/148
f 155/151/149 219/214/149 156/153/149
f 129/152/150 193/215/150 130/154/150
f 157/155/151 219/214/151 220/216/151
f 130/154/152 194/217/152 131/156/152
f 105/158/153 2058/218/153 168/219/153
f 157/155/154 221/220/154 158/159/154
f 132/160/155 194/217/155 195/221/155
f 105/158/156 169/222/156 106/161/156
f 158/159/157 222/223/157 159/162/157
f 132/160/158 196/224/158 133/163/158
f 106/161/159 170/225/159 107/164/159
f 159/162/160 223/226/160 160/165/160
f 133/163/161 197/227/161 134/166/161
f 107/164/162 171/228/162 108/167/162
f 160/165/163 224/229/163 161/168/163
f 134/166/164 198/230/164 135/169/164
f 108/167/165 172/231/165 109/170/165
f 162/171/166 224/229/166 225/232/166
f 136/172/167 198/230/167 199/233/167
f 109/170/168 173/234/168 110/173/168
f 162/171/169 226/235/169 163/174/169
f 136/172/170 200/236/170 137/175/170
f 110/173/171 174/237/171 111/176/171
f 163/174/172 227/238/172 164/177/172
f 137/175/173 201/239/173 138/178/173
f 112/179/174 174/237/174 175/240/174
f 165/180/175 227/238/175 228/241/175
f 138/178/176 202/242/176 139/181/176
f 113/182/177 175/240/177 176/243/177
f 166/183/178 228/241/178 229/244/178
f 139/181/179 203/245/179 140/184/179
f 114/185/180 176/243/180 177/246/180
f 167/186/181 229/244/181 230/247/181
f 140/184/182 204/248/182 141/187/182
f 114/185/183 178/249/183 115/188/183
f 2752/250/184 167/186/184 230/247/184
f 142/190/185 204/248/185 205/251/185
f 115/188/186 179/252/186 116/191/186
f 143/192/187 205/251/187 206/253/187
f 117/193/188 179/252/188 180/254/188
f 143/192/189 207/255/189 144/129/189
f 117/193/190 181/256/190 118/130/190
f 144/129/191 208/257/191 145/131/191
f 118/130/192 182/258/192 119/132/192
f 211/198/193 273/259/193 274/260/193
f 184/197/194 248/261/194 185/199/194
f 211/198/195 275/262/195 212/200/195
f 186/201/196 248/261/196 249/263/196
f 212/200/197 276/264/197 213/202/197
f 186/201/198 250/265/198 187/203/198
f 214/204/199 276/264/199 277/266/199
f 187/203/200 251/267/200 188/205/200
f 215/206/201 277/266/201 278/268/201
f 188/205/202 252/269/202 189/207/202
f 215/206/203 279/270/203 216/208/203
f 189/207/204 253/271/204 190/209/204
f 216/208/205 280/272/205 217/210/205
f 191/211/206 253/271/206 254/273/206
f 218/212/207 280/272/207 281/274/207
f 192/213/208 254/273/208 255/275/208
f 218/212/209 282/276/209 219/214/209
f 192/213/210 256/277/210 193/215/210
f 220/216/211 282/276/211 283/278/211
f 194/217/212 256/277/212 257/279/212
f 168/219/213 2058/280/213 231/281/213
f 220/216/214 284/282/214 221/220/214
f 195/221/215 257/279/215 258/283/215
f 168/219/216 232/284/216 169/222/216
f 221/220/217 285/285/217 222/223/217
f 195/221/218 259/286/218 196/224/218
f 169/222/219 233/287/219 170/225/219
f 223/226/220 285/285/220 286/288/220
f 197/227/221 259/286/221 260/289/221
f 170/225/222 234/290/222 171/228/222
f 223/226/223 287/291/223 224/229/223
f 197/227/224 261/292/224 198/230/224
f 171/228/225 235/293/225 172/231/225
f 225/232/226 287/291/226 288/294/226
f 199/233/227 261/292/227 262/295/227
f 172/231/228 236/296/228 173/234/228
f 225/232/229 289/297/229 226/235/229
f 199/233/230 263/298/230 200/236/230
f 173/234/231 237/299/231 174/237/231
f 226/235/232 290/300/232 227/238/232
f 201/239/233 263/298/233 264/301/233
f 174/237/234 238/302/234 175/240/234
f 227/238/235 291/303/235 228/241/235
f 202/242/236 264/301/236 265/304/236
f 175/240/237 239/305/237 176/243/237
f 228/241/238 292/306/238 229/244/238
f 202/242/239 266/307/239 203/245/239
f 177/246/240 239/305/240 240/308/240
f 229/244/241 293/309/241 230/247/241
f 203/245/242 267/310/242 204/248/242
f 178/249/243 240/308/243 241/311/243
f 2752/312/244 230/247/244 293/309/244
f 204/248/245 268/313/245 205/251/245
f 178/249/246 242/314/246 179/252/246
f 206/253/247 268/313/247 269/315/247
f 180/254/248 242/314/248 243/316/248
f 206/253/249 270/317/249 207/255/249
f 180/254/250 244/318/250 181/256/250
f 208/257/251 270/317/251 271/319/251
f 181/256/252 245/320/252 182/258/252
f 208/257/253 272/321/253 209/194/253
f 183/195/254 245/320/254 246/322/254
f 209/194/255 273/259/255 210/196/255
f 183/195/256 247/323/256 184/197/256
f 275/262/257 339/324/257 276/264/257
f 250/265/258 312/325/258 313/326/258
f 277/266/259 339/324/259 340/327/259
f 251/267/260 313/326/260 314/328/260
f 277/266/261 341/329/261 278/268/261
f 251/267/262 315/330/262 252/269/262
f 278/268/263 342/331/263 279/270/263
f 253/271/264 315/330/264 316/332/264
f 280/272/265 342/331/265 343/333/265
f 253/271/266 317/334/266 254/273/266
f 280/272/267 344/335/267 281/274/267
f 255/275/268 317/334/268 318/336/268
f 281/274/269 345/337/269 282/276/269
f 255/275/270 319/338/270 256/277/270
f 283/278/271 345/337/271 346/339/271
f 256/277/272 320/340/272 257/279/272
f 231/281/273 2058/341/273 294/342/273
f 283/278/274 347/343/274 284/282/274
f 258/283/275 320/340/275 321/344/275
f 231/281/276 295/345/276 232/284/276
f 284/282/277 348/346/277 285/285/277
f 259/286/278 321/344/278 322/347/278
f 233/287/279 295/345/279 296/348/279
f 286/288/280 348/346/280 349/349/280
f 259/286/281 323/350/281 260/289/281
f 234/290/282 296/348/282 297/351/282
f 287/291/283 349/349/283 350/352/283
f 261/292/284 323/350/284 324/353/284
f 234/290/285 298/354/285 235/293/285
f 288/294/286 350/352/286 351/355/286
f 262/295/287 324/353/287 325/356/287
f 235/293/288 299/357/288 236/296/288
f 288/294/289 352/358/289 289/297/289
f 262/295/290 326/359/290 263/298/290
f 236/296/291 300/360/291 237/299/291
f 289/297/292 353/361/292 290/300/292
f 264/301/293 326/359/293 327/362/293
f 237/299/294 301/363/294 238/302/294
f 290/300/295 354/364/295 291/303/295
f 264/301/296 328/365/296 265/304/296
f 238/302/297 302/366/297 239/305/297
f 292/306/298 354/364/298 355/367/298
f 266/307/299 328/365/299 329/368/299
f 240/308/300 302/366/300 303/369/300
f 293/309/301 355/367/301 356/370/301
f 266/307/302 330/371/302 267/310/302
f 241/311/303 303/369/303 304/372/303
f 2752/373/304 293/309/304 356/370/304
f 267/310/305 331/374/305 268/313/305
f 241/311/306 305/375/306 242/314/306
f 269/315/307 331/374/307 332/376/307
f 243/316/308 305/375/308 306/377/308
f 269/315/309 333/378/309 270/317/309
f 243/316/310 307/379/310 244/318/310
f 270/317/311 334/380/311 271/319/311
f 244/318/312 308/381/312 245/320/312
f 271/319/313 335/382/313 272/321/313
f 246/322/314 308/381/314 309/383/314
f 272/321/315 336/384/315 273/259/315
f 247/323/316 309/383/316 310/385/316
f 273/259/317 337/386/317 274/260/317
f 247/323/318 311/387/318 248/261/318
f 274/260/319 338/388/319 275/262/319
f 249/263/320 311/387/320 312/325/320
f 341/329/321 403/389/321 404/390/321
f 314/328/322 378/391/322 315/330/322
f 341/329/323 405/392/323 342/331/323
f 315/330/324 379/393/324 316/332/324
f 343/333/325 405/392/325 406/394/325
f 316/332/326 380/395/326 317/334/326
f 343/333/327 407/396/327 344/335/327
f 317/334/328 381/397/328 318/336/328
f 344/335/329 408/398/329 345/337/329
f 318/336/330 382/399/330 319/338/330
f 346/339/331 408/398/331 409/400/331
f 319/338/332 383/401/332 320/340/332
f 294/342/333 2058/402/333 357/403/333
f 346/339/334 410/404/334 347/343/334
f 321/344/335 383/401/335 384/405/335
f 295/345/336 357/403/336 358/406/336
f 347/343/337 411/407/337 348/346/337
f 321/344/338 385/408/338 322/347/338
f 295/345/339 359/409/339 296/348/339
f 349/349/340 411/407/340 412/410/340
f 322/347/341 386/411/341 323/350/341
f 296/348/342 360/412/342 297/351/342
f 349/349/343 413/413/343 350/352/343
f 324/353/344 386/411/344 387/414/344
f 297/351/345 361/415/345 298/354/345
f 351/355/346 413/413/346 414/416/346
f 325/356/347 387/414/347 388/417/347
f 299/357/348 361/415/348 362/418/348
f 351/355/349 415/419/349 352/358/349
f 325/356/350 389/420/350 326/359/350
f 299/357/351 363/421/351 300/360/351
f 353/361/352 415/419/352 416/422/352
f 327/362/353 389/420/353 390/423/353
f 300/360/354 364/424/354 301/363/354
f 354/364/355 416/422/355 417/425/355
f 327/362/356 391/426/356 328/365/356
f 301/363/357 365/427/357 302/366/357
f 355/367/358 417/425/358 418/428/358
f 329/368/359 391/426/359 392/429/359
f 303/369/360 365/427/360 366/430/360
f 355/367/361 419/431/361 356/370/361
f 329/368/362 393/432/362 330/371/362
f 303/369/363 367/433/363 304/372/363
f 2752/434/364 356/370/364 419/431/364
f 331/374/365 393/432/365 394/435/365
f 304/372/366 368/436/366 305/375/366
f 331/374/367 395/437/367 332/376/367
f 306/377/368 368/436/368 369/438/368
f 332/376/369 396/439/369 333/378/369
f 306/377/370 370/440/370 307/379/370
f 333/378/371 397/441/371 334/380/371
f 307/379/372 371/442/372 308/381/372
f 334/380/373 398/443/373 335/382/373
f 309/383/374 371/442/374 372/444/374
f 336/384/375 398/443/375 399/445/375
f 309/383/376 373/446/376 310/385/376
f 336/384/377 400/447/377 337/386/377
f 310/385/378 374/448/378 311/387/378
f 337/386/379 401/449/379 338/388/379
f 312/325/380 374/448/380 375/450/380
f 338/388/381 402/451/381 339/324/381
f 313/326/382 375/450/382 376/452/382
f 340/327/383 402/451/383 403/389/383
f 314/328/384 376/452/384 377/453/384
f 406/394/385 468/454/385 469/455/385
f 379/393/386 443/456/386 380/395/386
f 407/396/387 469/455/387 470/457/387
f 380/395/388 444/458/388 381/397/388
f 407/396/389 471/459/389 408/398/389
f 381/397/390 445/460/390 382/399/390
f 409/400/391 471/459/391 472/461/391
f 382/399/392 446/462/392 383/401/392
f 357/403/393 2058/463/393 420/464/393
f 410/404/394 472/461/394 473/465/394
f 384/405/395 446/462/395 447/466/395
f 357/403/396 421/467/396 358/406/396
f 410/404/397 474/468/397 411/407/397
f 384/405/398 448/469/398 385/408/398
f 358/406/399 422/470/399 359/409/399
f 412/410/400 474/468/400 475/471/400
f 385/408/401 449/472/401 386/411/401
f 359/409/402 423/473/402 360/412/402
f 413/413/403 475/471/403 476/474/403
f 387/414/404 449/472/404 450/475/404
f 360/412/405 424/476/405 361/415/405
f 414/416/406 476/474/406 477/477/406
f 388/417/407 450/475/407 451/478/407
f 361/415/408 425/479/408 362/418/408
f 415/419/409 477/477/409 478/480/409
f 388/417/410 452/481/410 389/420/410
f 362/418/411 426/482/411 363/421/411
f 416/422/412 478/480/412 479/483/412
f 389/420/413 453/484/413 390/423/413
f 363/421/414 427/485/414 364/424/414
f 416/422/415 480/486/415 417/425/415
f 391/426/416 453/484/416 454/487/416
f 364/424/417 428/488/417 365/427/417
f 417/425/418 481/489/418 418/428/418
f 392/429/419 454/487/419 455/490/419
f 366/430/420 428/488/420 429/491/420
f 419/431/421 481/489/421 482/492/421
f 392/429/422 456/493/422 393/432/422
f 366/430/423 430/494/423 367/433/423
f 2752/495/424 419/431/424 482/492/424
f 394/435/425 456/493/425 457/496/425
f 367/433/426 431/497/426 368/436/426
f 395/437/427 457/496/427 458/498/427
f 369/438/428 431/497/428 432/499/428
f 395/437/429 459/500/429 396/439/429
f 369/438/430 433/501/430 370/440/430
f 396/439/431 460/502/431 397/441/431
f 370/440/432 434/503/432 371/442/432
f 397/441/433 461/504/433 398/443/433
f 372/444/434 434/503/434 435/505/434
f 399/445/435 461/504/435 462/506/435
f 372/444/436 436/507/436 373/446/436
f 400/447/437 462/506/437 463/508/437
f 373/446/438 437/509/438 374/448/438
f 400/447/439 464/510/439 401/449/439
f 375/450/440 437/509/440 438/511/440
f 401/449/441 465/512/441 402/451/441
f 376/452/442 438/511/442 439/513/442
f 403/389/443 465/512/443 466/514/443
f 376/452/444 440/515/444 377/453/444
f 404/390/445 466/514/445 467/516/445
f 377/453/446 441/517/446 378/391/446
f 404/390/447 468/454/447 405/392/447
f 379/393/448 441/517/448 442/518/448
f 470/457/449 534/519/449 471/459/449
f 444/458/450 508/520/450 445/460/450
f 472/461/451 534/519/451 535/521/451
f 445/460/452 509/522/452 446/462/452
f 420/464/453 2058/523/453 483/524/453
f 473/465/454 535/521/454 536/525/454
f 447/466/455 509/522/455 510/526/455
f 421/467/456 483/524/456 484/527/456
f 473/465/457 537/528/457 474/468/457
f 447/466/458 511/529/458 448/469/458
f 421/467/459 485/530/459 422/470/459
f 474/468/460 538/531/460 475/471/460
f 448/469/461 512/532/461 449/472/461
f 422/470/462 486/533/462 423/473/462
f 475/471/463 539/534/463 476/474/463
f 450/475/464 512/532/464 513/535/464
f 424/476/465 486/533/465 487/536/465
f 476/474/466 540/537/466 477/477/466
f 451/478/467 513/535/467 514/538/467
f 424/476/468 488/539/468 425/479/468
f 478/480/469 540/537/469 541/540/469
f 451/478/470 515/541/470 452/481/470
f 425/479/471 489/542/471 426/482/471
f 478/480/472 542/543/472 479/483/472
f 452/481/473 516/544/473 453/484/473
f 427/485/474 489/542/474 490/545/474
f 479/483/475 543/546/475 480/486/475
f 454/487/476 516/544/476 517/547/476
f 427/485/477 491/548/477 428/488/477
f 480/486/478 544/549/478 481/489/478
f 454/487/479 518/550/479 455/490/479
f 429/491/480 491/548/480 492/551/480
f 482/492/481 544/549/481 545/552/481
f 455/490/482 519/553/482 456/493/482
f 429/491/483 493/554/483 430/494/483
f 2752/555/484 482/492/484 545/552/484
f 457/496/485 519/553/485 520/556/485
f 430/494/486 494/557/486 431/497/486
f 457/496/487 521/558/487 458/498/487
f 432/499/488 494/557/488 495/559/488
f 459/500/489 521/558/489 522/560/489
f 432/499/490 496/561/490 433/501/490
f 460/502/491 522/560/491 523/562/491
f 433/501/492 497/563/492 434/503/492
f 460/502/493 524/564/493 461/504/493
f 435/505/494 497/563/494 498/565/494
f 461/504/495 525/566/495 462/506/495
f 435/505/496 499/567/496 436/507/496
f 462/506/497 526/568/497 463/508/497
f 436/507/498 500/569/498 437/509/498
f 464/510/499 526/568/499 527/570/499
f 437/509/500 501/571/500 438/511/500
f 464/510/501 528/572/501 465/512/501
f 438/511/502 502/573/502 439/513/502
f 466/514/503 528/572/503 529/574/503
f 440/515/504 502/573/504 503/575/504
f 467/516/505 529/574/505 530/576/505
f 440/515/506 504/577/506 441/517/506
f 467/516/507 531/578/507 468/454/507
f 442/518/508 504/577/508 505/579/508
f 469/455/509 531/578/509 532/580/509
f 442/518/510 506/581/510 443/456/510
f 470/457/511 532/580/511 533/582/511
f 443/456/512 507/583/512 444/458/512
f 536/525/513 598/584/513 599/585/513
f 510/526/514 572/586/514 573/587/514
f 484/527/515 546/588/515 547/589/515
f 536/525/516 600/590/516 537/528/516
f 510/526/517 574/591/517 511/529/517
f 484/527/518 548/592/518 485/530/518
f 538/531/519 600/590/519 601/593/519
f 511/529/520 575/594/520 512/532/520
f 485/530/521 549/595/521 486/533/521
f 538/531/522 602/596/522 539/534/522
f 512/532/523 576/597/523 513/535/523
f 487/536/524 549/595/524 550/598/524
f 540/537/525 602/596/525 603/599/525
f 514/538/526 576/597/526 577/600/526
f 487/536/527 551/601/527 488/539/527
f 540/537/528 604/602/528 541/540/528
f 514/538/529 578/603/529 515/541/529
f 488/539/530 552/604/530 489/542/530
f 541/540/531 605/605/531 542/543/531
f 516/544/532 578/603/532 579/606/532
f 490/545/533 552/604/533 553/607/533
f 542/543/534 606/608/534 543/546/534
f 517/547/535 579/606/535 580/609/535
f 490/545/536 554/610/536 491/548/536
f 543/546/537 607/611/537 544/549/537
f 518/550/538 580/609/538 581/612/538
f 492/551/539 554/610/539 555/613/539
f 545/552/540 607/611/540 608/614/540
f 518/550/541 582/615/541 519/553/541
f 492/551/542 556/616/542 493/554/542
f 2752/617/543 545/552/543 608/614/543
f 520/556/544 582/615/544 583/618/544
f 493/554/545 557/619/545 494/557/545
f 520/556/546 584/620/546 521/558/546
f 495/559/547 557/619/547 558/621/547
f 522/560/548 584/620/548 585/622/548
f 495/559/549 559/623/549 496/561/549
f 522/560/550 586/624/550 523/562/550
f 496/561/551 560/625/551 497/563/551
f 523/562/552 587/626/552 524/564/552
f 498/565/553 560/625/553 561/627/553
f 524/564/554 588/628/554 525/566/554
f 498/565/555 562/629/555 499/567/555
f 525/566/556 589/630/556 526/568/556
f 499/567/557 563/631/557 500/569/557
f 527/570/558 589/630/558 590/632/558
f 501/571/559 563/631/559 564/633/559
f 527/570/560 591/634/560 528/572/560
f 501/571/561 565/635/561 502/573/561
f 529/574/562 591/634/562 592/636/562
f 502/573/563 566/637/563 503/575/563
f 530/576/564 592/636/564 593/638/564
f 504/577/565 566/637/565 567/639/565
f 530/576/566 594/640/566 531/578/566
f 504/577/567 568/641/567 505/579/567
f 532/580/568 594/640/568 595/642/568
f 505/579/569 569/643/569 506/581/569
f 533/582/570 595/642/570 596/644/570
f 506/581/571 570/645/571 507/583/571
f 533/582/572 597/646/572 534/519/572
f 507/583/573 571/647/573 508/520/573
f 535/521/574 597/646/574 598/584/574
f 508/520/575 572/586/575 509/522/575
f 483/524/576 2058/648/576 546/588/576
f 601/593/577 663/649/577 664/650/577
f 575/594/578 637/651/578 638/652/578
f 548/592/579 612/653/579 549/595/579
f 601/593/580 665/654/580 602/596/580
f 575/594/581 639/655/581 576/597/581
f 550/598/582 612/653/582 613/656/582
f 602/596/583 666/657/583 603/599/583
f 577/600/584 639/655/584 640/658/584
f 550/598/585 614/659/585 551/601/585
f 604/602/586 666/657/586 667/660/586
f 577/600/587 641/661/587 578/603/587
f 551/601/588 615/662/588 552/604/588
f 604/602/589 668/663/589 605/605/589
f 579/606/590 641/661/590 642/664/590
f 552/604/591 616/665/591 553/607/591
f 606/608/592 668/663/592 669/666/592
f 579/606/593 643/667/593 580/609/593
f 553/607/594 617/668/594 554/610/594
f 607/611/595 669/666/595 670/669/595
f 581/612/596 643/667/596 644/670/596
f 555/613/597 617/668/597 618/671/597
f 607/611/598 671/672/598 608/614/598
f 581/612/599 645/673/599 582/615/599
f 555/613/600 619/674/600 556/616/600
f 2752/675/601 608/614/601 671/672/601
f 583/618/602 645/673/602 646/676/602
f 556/616/603 620/677/603 557/619/603
f 583/618/604 647/678/604 584/620/604
f 558/621/605 620/677/605 621/679/605
f 585/622/606 647/678/606 648/680/606
f 558/621/607 622/681/607 559/623/607
f 585/622/608 649/682/608 586/624/608
f 559/623/609 623/683/609 560/625/609
f 587/626/610 649/682/610 650/684/610
f 561/627/611 623/683/611 624/685/611
f 587/626/612 651/686/612 588/628/612
f 561/627/613 625/687/613 562/629/613
f 588/628/614 652/688/614 589/630/614
f 562/629/615 626/689/615 563/631/615
f 590/632/616 652/688/616 653/690/616
f 564/633/617 626/689/617 627/691/617
f 590/632/618 654/692/618 591/634/618
f 564/633/619 628/693/619 565/635/619
f 592/636/620 654/692/620 655/694/620
f 565/635/621 629/695/621 566/637/621
f 593/638/622 655/694/622 656/696/622
f 567/639/623 629/695/623 630/697/623
f 593/638/624 657/698/624 594/640/624
f 567/639/625 631/699/625 568/641/625
f 595/642/626 657/698/626 658/700/626
f 569/643/627 631/699/627 632/701/627
f 596/644/628 658/700/628 659/702/628
f 569/643/629 633/703/629 570/645/629
f 596/644/630 660/704/630 597/646/630
f 571/647/631 633/703/631 634/705/631
f 598/584/632 660/704/632 661/706/632
f 571/647/633 635/707/633 572/586/633
f 546/588/634 2058/708/634 609/709/634
f 599/585/635 661/706/635 662/710/635
f 573/587/636 635/707/636 636/711/636
f 547/589/637 609/709/637 610/712/637
f 599/585/638 663/649/638 600/590/638
f 573/587/639 637/651/639 574/591/639
f 547/589/640 611/713/640 548/592/640
f 665/654/641 729/714/641 666/657/641
f 640/658/642 702/715/642 703/716/642
f 613/656/643 677/717/643 614/659/643
f 667/660/644 729/714/644 730/718/644
f 640/658/645 704/719/645 641/661/645
f 615/662/646 677/717/646 678/720/646
f 667/660/647 731/721/647 668/663/647
f 642/664/648 704/719/648 705/722/648
f 615/662/649 679/723/649 616/665/649
f 668/663/650 732/724/650 669/666/650
f 642/664/651 706/725/651 643/667/651
f 616/665/652 680/726/652 617/668/652
f 669/666/653 733/727/653 670/669/653
f 644/670/654 706/725/654 707/728/654
f 618/671/655 680/726/655 681/729/655
f 671/672/656 733/727/656 734/730/656
f 644/670/657 708/731/657 645/673/657
f 618/671/658 682/732/658 619/674/658
f 2752/733/659 671/672/659 734/730/659
f 646/676/660 708/731/660 709/734/660
f 619/674/661 683/735/661 620/677/661
f 646/676/662 710/736/662 647/678/662
f 621/679/663 683/735/663 684/737/663
f 648/680/664 710/736/664 711/738/664
f 621/679/665 685/739/665 622/681/665
f 648/680/666 712/740/666 649/682/666
f 622/681/667 686/741/667 623/683/667
f 650/684/668 712/740/668 713/742/668
f 624/685/669 686/741/669 687/743/669
f 650/684/670 714/744/670 651/686/670
f 624/685/671 688/745/671 625/687/671
f 651/686/672 715/746/672 652/688/672
f 625/687/673 689/747/673 626/689/673
f 653/690/674 715/746/674 716/748/674
f 627/691/675 689/747/675 690/749/675
f 653/690/676 717/750/676 654/692/676
f 627/691/677 691/751/677 628/693/677
f 655/694/678 717/750/678 718/752/678
f 629/695/679 691/751/679 692/753/679
f 656/696/680 718/752/680 719/754/680
f 629/695/681 693/755/681 630/697/681
f 656/696/682 720/756/682 657/698/682
f 630/697/683 694/757/683 631/699/683
f 658/700/684 720/756/684 721/758/684
f 632/701/685 694/757/685 695/759/685
f 659/702/686 721/758/686 722/760/686
f 632/701/687 696/761/687 633/703/687
f 659/702/688 723/762/688 660/704/688
f 633/703/689 697/763/689 634/705/689
f 661/706/690 723/762/690 724/764/690
f 634/705/691 698/765/691 635/707/691
f 609/709/692 2058/766/692 672/767/692
f 662/710/693 724/764/693 725/768/693
f 636/711/694 698/765/694 699/769/694
f 609/709/695 673/770/695 610/712/695
f 662/710/696 726/771/696 663/649/696
f 636/711/697 700/772/697 637/651/697
f 610/712/698 674/773/698 611/713/698
f 664/650/699 726/771/699 727/774/699
f 638/652/700 700/772/700 701/775/700
f 612/653/701 674/773/701 675/776/701
f 664/650/702 728/777/702 665/654/702
f 638/652/703 702/715/703 639/655/703
f 612/653/704 676/778/704 613/656/704
f 730/718/705 794/779/705 731/721/705
f 705/722/706 767/780/706 768/781/706
f 679/723/707 741/782/707 742/783/707
f 732/724/708 794/779/708 795/784/708
f 705/722/709 769/785/709 706/725/709
f 679/723/710 743/786/710 680/726/710
f 733/727/711 795/784/711 796/787/711
f 707/728/712 769/785/712 770/788/712
f 681/729/713 743/786/713 744/789/713
f 733/727/714 797/790/714 734/730/714
f 707/728/715 771/791/715 708/731/715
f 681/729/716 745/792/716 682/732/716
f 2752/793/717 734/730/717 797/790/717
f 708/731/718 772/794/718 709/734/718
f 682/732/719 746/795/719 683/735/719
f 709/734/720 773/796/720 710/736/720
f 684/737/721 746/795/721 747/797/721
f 711/738/722 773/796/722 774/798/722
f 684/737/723 748/799/723 685/739/723
f 711/738/724 775/800/724 712/740/724
f 685/739/725 749/801/725 686/741/725
f 713/742/726 775/800/726 776/802/726
f 687/743/727 749/801/727 750/803/727
f 713/742/728 777/804/728 714/744/728
f 687/743/729 751/805/729 688/745/729
f 714/744/730 778/806/730 715/746/730
f 688/745/731 752/807/731 689/747/731
f 716/748/732 778/806/732 779/808/732
f 690/749/733 752/807/733 753/809/733
f 716/748/734 780/810/734 717/750/734
f 690/749/735 754/811/735 691/751/735
f 718/752/736 780/810/736 781/812/736
f 692/753/737 754/811/737 755/813/737
f 719/754/738 781/812/738 782/814/738
f 692/753/739 756/815/739 693/755/739
f 719/754/740 783/816/740 720/756/740
f 693/755/741 757/817/741 694/757/741
f 720/756/742 784/818/742 721/758/742
f 695/759/743 757/817/743 758/819/743
f 722/760/744 784/818/744 785/820/744
f 695/759/745 759/821/745 696/761/745
f 722/760/746 786/822/746 723/762/746
f 696/761/747 760/823/747 697/763/747
f 724/764/748 786/822/748 787/824/748
f 698/765/749 760/823/749 761/825/749
f 672/767/750 2058/826/750 735/827/750
f 725/768/751 787/824/751 788/828/751
f 699/769/752 761/825/752 762/829/752
f 672/767/753 736/830/753 673/770/753
f 725/768/754 789/831/754 726/771/754
f 699/769/755 763/832/755 700/772/755
f 673/770/756 737/833/756 674/773/756
f 727/774/757 789/831/757 790/834/757
f 701/775/758 763/832/758 764/835/758
f 674/773/759 738/836/759 675/776/759
f 728/777/760 790/834/760 791/837/760
f 701/775/761 765/838/761 702/715/761
f 676/778/762 738/836/762 739/839/762
f 728/777/763 792/840/763 729/714/763
f 703/716/764 765/838/764 766/841/764
f 676/778/765 740/842/765 677/717/765
f 729/714/766 793/843/766 730/718/766
f 703/716/767 767/780/767 704/719/767
f 678/720/768 740/842/768 741/782/768
f 795/784/769 859/844/769 796/787/769
f 769/785/770 833/845/770 770/788/770
f 744/789/771 806/846/771 807/847/771
f 796/787/772 860/848/772 797/790/772
f 770/788/773 834/849/773 771/791/773
f 744/789/774 808/850/774 745/792/774
f 2752/851/775 797/790/775 860/848/775
f 771/791/776 835/852/776 772/794/776
f 745/792/777 809/853/777 746/795/777
f 772/794/778 836/854/778 773/796/778
f 747/797/779 809/853/779 810/855/779
f 774/798/780 836/854/780 837/856/780
f 747/797/781 811/857/781 748/799/781
f 774/798/782 838/858/782 775/800/782
f 748/799/783 812/859/783 749/801/783
f 776/802/784 838/858/784 839/860/784
f 750/803/785 812/859/785 813/861/785
f 776/802/786 840/862/786 777/804/786
f 750/803/787 814/863/787 751/805/787
f 777/804/788 841/864/788 778/806/788
f 751/805/789 815/865/789 752/807/789
f 779/808/790 841/864/790 842/866/790
f 753/809/791 815/865/791 816/867/791
f 779/808/792 843/868/792 780/810/792
f 753/809/793 817/869/793 754/811/793
f 781/812/794 843/868/794 844/870/794
f 755/813/795 817/869/795 818/871/795
f 782/814/796 844/870/796 845/872/796
f 755/813/797 819/873/797 756/815/797
f 782/814/798 846/874/798 783/816/798
f 756/815/799 820/875/799 757/817/799
f 783/816/800 847/876/800 784/818/800
f 758/819/801 820/875/801 821/877/801
f 785/820/802 847/876/802 848/878/802
f 758/819/803 822/879/803 759/821/803
f 785/820/804 849/880/804 786/822/804
f 759/821/805 823/881/805 760/823/805
f 787/824/806 849/880/806 850/882/806
f 760/823/807 824/883/807 761/825/807
f 735/827/808 2058/884/808 798/885/808
f 788/828/809 850/882/809 851/886/809
f 762/829/810 824/883/810 825/887/810
f 735/827/811 799/888/811 736/830/811
f 788/828/812 852/889/812 789/831/812
f 763/832/813 825/887/813 826/890/813
f 736/830/814 800/891/814 737/833/814
f 790/834/815 852/889/815 853/892/815
f 764/835/816 826/890/816 827/893/816
f 738/836/817 800/891/817 801/894/817
f 790/834/818 854/895/818 791/837/818
f 764/835/819 828/896/819 765/838/819
f 739/839/820 801/894/820 802/897/820
f 791/837/821 855/898/821 792/840/821
f 766/841/822 828/896/822 829/899/822
f 739/839/823 803/900/823 740/842/823
f 792/840/824 856/901/824 793/843/824
f 766/841/825 830/902/825 767/780/825
f 741/782/826 803/900/826 804/903/826
f 793/843/827 857/904/827 794/779/827
f 768/781/828 830/902/828 831/905/828
f 741/782/829 805/906/829 742/783/829
f 794/779/830 858/907/830 795/784/830
f 768/781/831 832/908/831 769/785/831
f 742/783/832 806/846/832 743/786/832
f 848/878/833 912/909/833 849/880/833
f 808/850/834 872/910/834 809/853/834
f 850/882/835 912/909/835 913/911/835
f 824/883/836 886/912/836 887/913/836
f 810/855/837 872/910/837 873/914/837
f 850/882/838 914/915/838 851/886/838
f 824/883/839 888/916/839 825/887/839
f 810/855/840 874/917/840 811/857/840
f 851/886/841 915/918/841 852/889/841
f 825/887/842 889/919/842 826/890/842
f 812/859/843 874/917/843 875/920/843
f 852/889/844 916/921/844 853/892/844
f 827/893/845 889/919/845 890/922/845
f 813/861/846 875/920/846 876/923/846
f 854/895/847 916/921/847 917/924/847
f 827/893/848 891/925/848 828/896/848
f 813/861/849 877/926/849 814/863/849
f 855/898/850 917/924/850 918/927/850
f 829/899/851 891/925/851 892/928/851
f 814/863/852 878/929/852 815/865/852
f 856/901/853 918/927/853 919/930/853
f 829/899/854 893/931/854 830/902/854
f 816/867/855 878/929/855 879/932/855
f 856/901/856 920/933/856 857/904/856
f 831/905/857 893/931/857 894/934/857
f 816/867/858 880/935/858 817/869/858
f 857/904/859 921/936/859 858/907/859
f 831/905/860 895/937/860 832/908/860
f 818/871/861 880/935/861 881/938/861
f 858/907/862 922/939/862 859/844/862
f 833/845/863 895/937/863 896/940/863
f 819/873/864 881/938/864 882/941/864
f 859/844/865 923/942/865 860/848/865
f 833/845/866 897/943/866 834/849/866
f 819/873/867 883/944/867 820/875/867
f 2752/945/868 860/848/868 923/942/868
f 834/849/869 898/946/869 835/852/869
f 821/877/870 883/944/870 884/947/870
f 836/854/871 898/946/871 899/948/871
f 821/877/872 885/949/872 822/879/872
f 837/856/873 899/948/873 900/950/873
f 822/879/874 886/912/874 823/881/874
f 837/856/875 901/951/875 838/858/875
f 798/885/876 2058/952/876 861/953/876
f 839/860/877 901/951/877 902/954/877
f 799/888/878 861/953/878 862/955/878
f 839/860/879 903/956/879 840/862/879
f 799/888/880 863/957/880 800/891/880
f 840/862/881 904/958/881 841/864/881
f 801/894/882 863/957/882 864/959/882
f 842/866/883 904/958/883 905/960/883
f 802/897/884 864/959/884 865/961/884
f 842/866/885 906/962/885 843/868/885
f 803/900/886 865/961/886 866/963/886
f 844/870/887 906/962/887 907/964/887
f 803/900/888 867/965/888 804/903/888
f 845/872/889 907/964/889 908/966/889
f 804/903/890 868/967/890 805/906/890
f 845/872/891 909/968/891 846/874/891
f 805/906/892 869/969/892 806/846/892
f 846/874/893 910/970/893 847/876/893
f 807/847/894 869/969/894 870/971/894
f 848/878/895 910/970/895 911/972/895
f 808/850/896 870/971/896 871/973/896
f 914/915/897 976/974/897 977/975/897
f 887/913/898 951/976/898 888/916/898
f 861/953/899 925/977/899 862/955/899
f 914/915/900 978/978/900 915/918/900
f 888/916/901 952/979/901 889/919/901
f 862/955/902 926/980/902 863/957/902
f 916/921/903 978/978/903 979/981/903
f 890/922/904 952/979/904 953/982/904
f 864/959/905 926/980/905 927/983/905
f 917/924/906 979/981/906 980/984/906
f 890/922/907 954/985/907 891/925/907
f 865/961/908 927/983/908 928/986/908
f 917/924/909 981/987/909 918/927/909
f 892/928/910 954/985/910 955/988/910
f 865/961/911 929/989/911 866/963/911
f 918/927/912 982/990/912 919/930/912
f 892/928/913 956/991/913 893/931/913
f 866/963/914 930/992/914 867/965/914
f 919/930/915 983/993/915 920/933/915
f 894/934/916 956/991/916 957/994/916
f 867/965/917 931/995/917 868/967/917
f 921/936/918 983/993/918 984/996/918
f 894/934/919 958/997/919 895/937/919
f 868/967/920 932/998/920 869/969/920
f 921/936/921 985/999/921 922/939/921
f 895/937/922 959/1000/922 896/940/922
f 870/971/923 932/998/923 933/1001/923
f 922/939/924 986/1002/924 923/942/924
f 897/943/925 959/1000/925 960/1003/925
f 870/971/926 934/1004/926 871/973/926
f 2752/1005/927 923/942/927 986/1002/927
f 897/943/928 961/1006/928 898/946/928
f 871/973/929 935/1007/929 872/910/929
f 899/948/930 961/1006/930 962/1008/930
f 873/914/931 935/1007/931 936/1009/931
f 900/950/932 962/1008/932 963/1010/932
f 873/914/933 937/1011/933 874/917/933
f 900/950/934 964/1012/934 901/951/934
f 874/917/935 938/1013/935 875/920/935
f 902/954/936 964/1012/936 965/1014/936
f 876/923/937 938/1013/937 939/1015/937
f 902/954/938 966/1016/938 903/956/938
f 876/923/939 940/1017/939 877/926/939
f 903/956/940 967/1018/940 904/958/940
f 877/926/941 941/1019/941 878/929/941
f 905/960/942 967/1018/942 968/1020/942
f 879/932/943 941/1019/943 942/1021/943
f 905/960/944 969/1022/944 906/962/944
f 879/932/945 943/1023/945 880/935/945
f 907/964/946 969/1022/946 970/1024/946
f 881/938/947 943/1023/947 944/1025/947
f 908/966/948 970/1024/948 971/1026/948
f 881/938/949 945/1027/949 882/941/949
f 908/966/950 972/1028/950 909/968/950
f 882/941/951 946/1029/951 883/944/951
f 910/970/952 972/1028/952 973/1030/952
f 884/947/953 946/1029/953 947/1031/953
f 911/972/954 973/1030/954 974/1032/954
f 884/947/955 948/1033/955 885/949/955
f 911/972/956 975/1034/956 912/909/956
f 885/949/957 949/1035/957 886/912/957
f 913/911/958 975/1034/958 976/974/958
f 887/913/959 949/1035/959 950/1036/959
f 861/953/960 2058/1037/960 924/1038/960
f 979/981/961 1041/1039/961 1042/1040/961
f 953/982/962 1015/1041/962 1016/1042/962
f 927/983/963 989/1043/963 990/1044/963
f 980/984/964 1042/1040/964 1043/1045/964
f 953/982/965 1017/1046/965 954/985/965
f 928/986/966 990/1044/966 991/1047/966
f 981/987/967 1043/1045/967 1044/1048/967
f 955/988/968 1017/1046/968 1018/1049/968
f 929/989/969 991/1047/969 992/1050/969
f 981/987/970 1045/1051/970 982/990/970
f 955/988/971 1019/1052/971 956/991/971
f 929/989/972 993/1053/972 930/992/972
f 982/990/973 1046/1054/973 983/993/973
f 957/994/974 1019/1052/974 1020/1055/974
f 930/992/975 994/1056/975 931/995/975
f 983/993/976 1047/1057/976 984/996/976
f 957/994/977 1021/1058/977 958/997/977
f 931/995/978 995/1059/978 932/998/978
f 985/999/979 1047/1057/979 1048/1060/979
f 959/1000/980 1021/1058/980 1022/1061/980
f 933/1001/981 995/1059/981 996/1062/981
f 985/999/982 1049/1063/982 986/1002/982
f 959/1000/983 1023/1064/983 960/1003/983
f 933/1001/984 997/1065/984 934/1004/984
f 2752/1066/985 986/1002/985 1049/1063/985
f 960/1003/986 1024/1067/986 961/1006/986
f 934/1004/987 998/1068/987 935/1007/987
f 962/1008/988 1024/1067/988 1025/1069/988
f 936/1009/989 998/1068/989 999/1070/989
f 963/1010/990 1025/1069/990 1026/1071/990
f 936/1009/991 1000/1072/991 937/1011/991
f 963/1010/992 1027/1073/992 964/1012/992
f 937/1011/993 1001/1074/993 938/1013/993
f 965/1014/994 1027/1073/994 1028/1075/994
f 939/1015/995 1001/1074/995 1002/1076/995
f 965/1014/996 1029/1077/996 966/1016/996
f 939/1015/997 1003/1078/997 940/1017/997
f 966/1016/998 1030/1079/998 967/1018/998
f 940/1017/999 1004/1080/999 941/1019/999
f 968/1020/1000 1030/1079/1000 1031/1081/1000
f 942/1021/1001 1004/1080/1001 1005/1082/1001
f 968/1020/1002 1032/1083/1002 969/1022/1002
f 942/1021/1003 1006/1084/1003 943/1023/1003
f 970/1024/1004 1032/1083/1004 1033/1085/1004
f 944/1025/1005 1006/1084/1005 1007/1086/1005
f 971/1026/1006 1033/1085/1006 1034/1087/1006
f 944/1025/1007 1008/1088/1007 945/1027/1007
f 971/1026/1008 1035/1089/1008 972/1028/1008
f 945/1027/1009 1009/1090/1009 946/1029/1009
f 972/1028/1010 1036/1091/1010 973/1030/1010
f 947/1031/1011 1009/1090/1011 1010/1092/1011
f 974/1032/1012 1036/1091/1012 1037/1093/1012
f 947/1031/1013 1011/1094/1013 948/1033/1013
f 974/1032/1014 1038/1095/1014 975/1034/1014
f 948/1033/1015 1012/1096/1015 949/1035/1015
f 976/974/1016 1038/1095/1016 1039/1097/1016
f 950/1036/1017 1012/1096/1017 1013/1098/1017
f 924/1038/1018 2058/1099/1018 987/1100/1018
f 976/974/1019 1040/1101/1019 977/975/1019
f 950/1036/1020 1014/1102/1020 951/976/1020
f 924/1038/1021 988/1103/1021 925/977/1021
f 977/975/1022 1041/1039/1022 978/978/1022
f 951/976/1023 1015/1041/1023 952/979/1023
f 925/977/1024 989/1043/1024 926/980/1024
f 1044/1048/1025 1106/1104/1025 1107/1105/1025
f 1018/1049/1026 1080/1106/1026 1081/1107/1026
f 991/1047/1027 1055/1108/1027 992/1050/1027
f 1044/1048/1028 1108/1109/1028 1045/1051/1028
f 1018/1049/1029 1082/1110/1029 1019/1052/1029
f 992/1050/1030 1056/1111/1030 993/1053/1030
f 1045/1051/1031 1109/1112/1031 1046/1054/1031
f 1020/1055/1032 1082/1110/1032 1083/1113/1032
f 993/1053/1033 1057/1114/1033 994/1056/1033
f 1047/1057/1034 1109/1112/1034 1110/1115/1034
f 1020/1055/1035 1084/1116/1035 1021/1058/1035
f 994/1056/1036 1058/1117/1036 995/1059/1036
f 1048/1060/1037 1110/1115/1037 1111/1118/1037
f 1022/1061/1038 1084/1116/1038 1085/1119/1038
f 996/1062/1039 1058/1117/1039 1059/1120/1039
f 1048/1060/1040 1112/1121/1040 1049/1063/1040
f 1022/1061/1041 1086/1122/1041 1023/1064/1041
f 996/1062/1042 1060/1123/1042 997/1065/1042
f 2752/1124/1043 1049/1063/1043 1112/1121/1043
f 1023/1064/1044 1087/1125/1044 1024/1067/1044
f 997/1065/1045 1061/1126/1045 998/1068/1045
f 1025/1069/1046 1087/1125/1046 1088/1127/1046
f 999/1070/1047 1061/1126/1047 1062/1128/1047
f 1026/1071/1048 1088/1127/1048 1089/1129/1048
f 999/1070/1049 1063/1130/1049 1000/1072/1049
f 1026/1071/1050 1090/1131/1050 1027/1073/1050
f 1001/1074/1051 1063/1130/1051 1064/1132/1051
f 1028/1075/1052 1090/1131/1052 1091/1133/1052
f 1002/1076/1053 1064/1132/1053 1065/1134/1053
f 1028/1075/1054 1092/1135/1054 1029/1077/1054
f 1002/1076/1055 1066/1136/1055 1003/1078/1055
f 1029/1077/1056 1093/1137/1056 1030/1079/1056
f 1003/1078/1057 1067/1138/1057 1004/1080/1057
f 1031/1081/1058 1093/1137/1058 1094/1139/1058
f 1005/1082/1059 1067/1138/1059 1068/1140/1059
f 1031/1081/1060 1095/1141/1060 1032/1083/1060
f 1005/1082/1061 1069/1142/1061 1006/1084/1061
f 1033/1085/1062 1095/1141/1062 1096/1143/1062
f 1007/1086/1063 1069/1142/1063 1070/1144/1063
f 1034/1087/1064 1096/1143/1064 1097/1145/1064
f 1007/1086/1065 1071/1146/1065 1008/1088/1065
f 1034/1087/1066 1098/1147/1066 1035/1089/1066
f 1008/1088/1067 1072/1148/1067 1009/1090/1067
f 1035/1089/1068 1099/1149/1068 1036/1091/1068
f 1010/1092/1069 1072/1148/1069 1073/1150/1069
f 1037/1093/1070 1099/1149/1070 1100/1151/1070
f 1010/1092/1071 1074/1152/1071 1011/1094/1071
f 1037/1093/1072 1101/1153/1072 1038/1095/1072
f 1011/1094/1073 1075/1154/1073 1012/1096/1073
f 1039/1097/1074 1101/1153/1074 1102/1155/1074
f 1013/1098/1075 1075/1154/1075 1076/1156/1075
f 987/1100/1076 2058/1157/1076 1050/1158/1076
f 1039/1097/1077 1103/1159/1077 1040/1101/1077
f 1013/1098/1078 1077/1160/1078 1014/1102/1078
f 988/1103/1079 1050/1158/1079 1051/1161/1079
f 1040/1101/1080 1104/1162/1080 1041/1039/1080
f 1014/1102/1081 1078/1163/1081 1015/1041/1081
f 988/1103/1082 1052/1164/1082 989/1043/1082
f 1042/1040/1083 1104/1162/1083 1105/1165/1083
f 1016/1042/1084 1078/1163/1084 1079/1166/1084
f 989/1043/1085 1053/1167/1085 990/1044/1085
f 1043/1045/1086 1105/1165/1086 1106/1104/1086
f 1016/1042/1087 1080/1106/1087 1017/1046/1087
f 991/1047/1088 1053/1167/1088 1054/1168/1088
f 1108/1109/1089 1172/1169/1089 1109/1112/1089
f 1083/1113/1090 1145/1170/1090 1146/1171/1090
f 1057/1114/1091 1119/1172/1091 1120/1173/1091
f 1109/1112/1092 1173/1174/1092 1110/1115/1092
f 1083/1113/1093 1147/1175/1093 1084/1116/1093
f 1058/1117/1094 1120/1173/1094 1121/1176/1094
f 1110/1115/1095 1174/1177/1095 1111/1118/1095
f 1085/1119/1096 1147/1175/1096 1148/1178/1096
f 1059/1120/1097 1121/1176/1097 1122/1179/1097
f 1111/1118/1098 1175/1180/1098 1112/1121/1098
f 1085/1119/1099 1149/1181/1099 1086/1122/1099
f 1059/1120/1100 1123/1182/1100 1060/1123/1100
f 2752/1183/1101 1112/1121/1101 1175/1180/1101
f 1086/1122/1102 1150/1184/1102 1087/1125/1102
f 1060/1123/1103 1124/1185/1103 1061/1126/1103
f 1088/1127/1104 1150/1184/1104 1151/1186/1104
f 1062/1128/1105 1124/1185/1105 1125/1187/1105
f 1089/1129/1106 1151/1186/1106 1152/1188/1106
f 1062/1128/1107 1126/1189/1107 1063/1130/1107
f 1089/1129/1108 1153/1190/1108 1090/1131/1108
f 1064/1132/1109 1126/1189/1109 1127/1191/1109
f 1091/1133/1110 1153/1190/1110 1154/1192/1110
f 1065/1134/1111 1127/1191/1111 1128/1193/1111
f 1091/1133/1112 1155/1194/1112 1092/1135/1112
f 1065/1134/1113 1129/1195/1113 1066/1136/1113
f 1092/1135/1114 1156/1196/1114 1093/1137/1114
f 1066/1136/1115 1130/1197/1115 1067/1138/1115
f 1094/1139/1116 1156/1196/1116 1157/1198/1116
f 1068/1140/1117 1130/1197/1117 1131/1199/1117
f 1094/1139/1118 1158/1200/1118 1095/1141/1118
f 1068/1140/1119 1132/1201/1119 1069/1142/1119
f 1096/1143/1120 1158/1200/1120 1159/1202/1120
f 1070/1144/1121 1132/1201/1121 1133/1203/1121
f 1097/1145/1122 1159/1202/1122 1160/1204/1122
f 1070/1144/1123 1134/1205/1123 1071/1146/1123
f 1097/1145/1124 1161/1206/1124 1098/1147/1124
f 1071/1146/1125 1135/1207/1125 1072/1148/1125
f 1098/1147/1126 1162/1208/1126 1099/1149/1126
f 1073/1150/1127 1135/1207/1127 1136/1209/1127
f 1100/1151/1128 1162/1208/1128 1163/1210/1128
f 1073/1150/1129 1137/1211/1129 1074/1152/1129
f 1100/1151/1130 1164/1212/1130 1101/1153/1130
f 1074/1152/1131 1138/1213/1131 1075/1154/1131
f 1102/1155/1132 1164/1212/1132 1165/1214/1132
f 1076/1156/1133 1138/1213/1133 1139/1215/1133
f 1050/1158/1134 2058/1216/1134 1113/1217/1134
f 1103/1159/1135 1165/1214/1135 1166/1218/1135
f 1076/1156/1136 1140/1219/1136 1077/1160/1136
f 1050/1158/1137 1114/1220/1137 1051/1161/1137
f 1103/1159/1138 1167/1221/1138 1104/1162/1138
f 1077/1160/1139 1141/1222/1139 1078/1163/1139
f 1051/1161/1140 1115/1223/1140 1052/1164/1140
f 1105/1165/1141 1167/1221/1141 1168/1224/1141
f 1079/1166/1142 1141/1222/1142 1142/1225/1142
f 1052/1164/1143 1116/1226/1143 1053/1167/1143
f 1106/1104/1144 1168/1224/1144 1169/1227/1144
f 1079/1166/1145 1143/1228/1145 1080/1106/1145
f 1054/1168/1146 1116/1226/1146 1117/1229/1146
f 1107/1105/1147 1169/1227/1147 1170/1230/1147
f 1081/1107/1148 1143/1228/1148 1144/1231/1148
f 1054/1168/1149 1118/1232/1149 1055/1108/1149
f 1108/1109/1150 1170/1230/1150 1171/1233/1150
f 1081/1107/1151 1145/1170/1151 1082/1110/1151
f 1056/1111/1152 1118/1232/1152 1119/1172/1152
f 1174/1177/1153 1236/1234/1153 1237/1235/1153
f 1148/1178/1154 1210/1236/1154 1211/1237/1154
f 1122/1179/1155 1184/1238/1155 1185/1239/1155
f 1174/1177/1156 1238/1240/1156 1175/1180/1156
f 1148/1178/1157 1212/1241/1157 1149/1181/1157
f 1123/1182/1158 1185/1239/1158 1186/1242/1158
f 2752/1243/1159 1175/1180/1159 1238/1240/1159
f 1149/1181/1160 1213/1244/1160 1150/1184/1160
f 1123/1182/1161 1187/1245/1161 1124/1185/1161
f 1150/1184/1162 1214/1246/1162 1151/1186/1162
f 1125/1187/1163 1187/1245/1163 1188/1247/1163
f 1152/1188/1164 1214/1246/1164 1215/1248/1164
f 1125/1187/1165 1189/1249/1165 1126/1189/1165
f 1152/1188/1166 1216/1250/1166 1153/1190/1166
f 1126/1189/1167 1190/1251/1167 1127/1191/1167
f 1154/1192/1168 1216/1250/1168 1217/1252/1168
f 1128/1193/1169 1190/1251/1169 1191/1253/1169
f 1154/1192/1170 1218/1254/1170 1155/1194/1170
f 1128/1193/1171 1192/1255/1171 1129/1195/1171
f 1155/1194/1172 1219/1256/1172 1156/1196/1172
f 1129/1195/1173 1193/1257/1173 1130/1197/1173
f 1157/1198/1174 1219/1256/1174 1220/1258/1174
f 1131/1199/1175 1193/1257/1175 1194/1259/1175
f 1157/1198/1176 1221/1260/1176 1158/1200/1176
f 1131/1199/1177 1195/1261/1177 1132/1201/1177
f 1159/1202/1178 1221/1260/1178 1222/1262/1178
f 1133/1203/1179 1195/1261/1179 1196/1263/1179
f 1160/1204/1180 1222/1262/1180 1223/1264/1180
f 1134/1205/1181 1196/1263/1181 1197/1265/1181
f 1160/1204/1182 1224/1266/1182 1161/1206/1182
f 1134/1205/1183 1198/1267/1183 1135/1207/1183
f 1162/1208/1184 1224/1266/1184 1225/1268/1184
f 1136/1209/1185 1198/1267/1185 1199/1269/1185
f 1163/1210/1186 1225/1268/1186 1226/1270/1186
f 1136/1209/1187 1200/1271/1187 1137/1211/1187
f 1163/1210/1188 1227/1272/1188 1164/1212/1188
f 1137/1211/1189 1201/1273/1189 1138/1213/1189
f 1165/1214/1190 1227/1272/1190 1228/1274/1190
f 1139/1215/1191 1201/1273/1191 1202/1275/1191
f 1113/1217/1192 2058/1276/1192 1176/1277/1192
f 1165/1214/1193 1229/1278/1193 1166/1218/1193
f 1140/1219/1194 1202/1275/1194 1203/1279/1194
f 1113/1217/1195 1177/1280/1195 1114/1220/1195
f 1166/1218/1196 1230/1281/1196 1167/1221/1196
f 1140/1219/1197 1204/1282/1197 1141/1222/1197
f 1114/1220/1198 1178/1283/1198 1115/1223/1198
f 1168/1224/1199 1230/1281/1199 1231/1284/1199
f 1142/1225/1200 1204/1282/1200 1205/1285/1200
f 1115/1223/1201 1179/1286/1201 1116/1226/1201
f 1169/1227/1202 1231/1284/1202 1232/1287/1202
f 1142/1225/1203 1206/1288/1203 1143/1228/1203
f 1117/1229/1204 1179/1286/1204 1180/1289/1204
f 1169/1227/1205 1233/1290/1205 1170/1230/1205
f 1144/1231/1206 1206/1288/1206 1207/1291/1206
f 1118/1232/1207 1180/1289/1207 1181/1292/1207
f 1170/1230/1208 1234/1293/1208 1171/1233/1208
f 1144/1231/1209 1208/1294/1209 1145/1170/1209
f 1118/1232/1210 1182/1295/1210 1119/1172/1210
f 1171/1233/1211 1235/1296/1211 1172/1169/1211
f 1146/1171/1212 1208/1294/1212 1209/1297/1212
f 1119/1172/1213 1183/1298/1213 1120/1173/1213
f 1172/1169/1214 1236/1234/1214 1173/1174/1214
f 1146/1171/1215 1210/1236/1215 1147/1175/1215
f 1120/1173/1216 1184/1238/1216 1121/1176/1216
f 2752/1299/1217 1238/1240/1217 1301/1300/1217
f 1212/1241/1218 1276/1301/1218 1213/1244/1218
f 1186/1242/1219 1250/1302/1219 1187/1245/1219
f 1213/1244/1220 1277/1303/1220 1214/1246/1220
f 1188/1247/1221 1250/1302/1221 1251/1304/1221
f 1215/1248/1222 1277/1303/1222 1278/1305/1222
f 1188/1247/1223 1252/1306/1223 1189/1249/1223
f 1215/1248/1224 1279/1307/1224 1216/1250/1224
f 1190/1251/1225 1252/1306/1225 1253/1308/1225
f 1217/1252/1226 1279/1307/1226 1280/1309/1226
f 1191/1253/1227 1253/1308/1227 1254/1310/1227
f 1217/1252/1228 1281/1311/1228 1218/1254/1228
f 1191/1253/1229 1255/1312/1229 1192/1255/1229
f 1218/1254/1230 1282/1313/1230 1219/1256/1230
f 1192/1255/1231 1256/1314/1231 1193/1257/1231
f 1220/1258/1232 1282/1313/1232 1283/1315/1232
f 1194/1259/1233 1256/1314/1233 1257/1316/1233
f 1220/1258/1234 1284/1317/1234 1221/1260/1234
f 1194/1259/1235 1258/1318/1235 1195/1261/1235
f 1222/1262/1236 1284/1317/1236 1285/1319/1236
f 1196/1263/1237 1258/1318/1237 1259/1320/1237
f 1223/1264/1238 1285/1319/1238 1286/1321/1238
f 1197/1265/1239 1259/1320/1239 1260/1322/1239
f 1223/1264/1240 1287/1323/1240 1224/1266/1240
f 1197/1265/1241 1261/1324/1241 1198/1267/1241
f 1224/1266/1242 1288/1325/1242 1225/1268/1242
f 1199/1269/1243 1261/1324/1243 1262/1326/1243
f 1226/1270/1244 1288/1325/1244 1289/1327/1244
f 1199/1269/1245 1263/1328/1245 1200/1271/1245
f 1226/1270/1246 1290/1329/1246 1227/1272/1246
f 1201/1273/1247 1263/1328/1247 1264/1330/1247
f 1228/1274/1248 1290/1329/1248 1291/1331/1248
f 1202/1275/1249 1264/1330/1249 1265/1332/1249
f 1176/1277/1250 2058/1333/1250 1239/1334/1250
f 1228/1274/1251 1292/1335/1251 1229/1278/1251
f 1202/1275/1252 1266/1336/1252 1203/1279/1252
f 1177/1280/1253 1239/1334/1253 1240/1337/1253
f 1229/1278/1254 1293/1338/1254 1230/1281/1254
f 1203/1279/1255 1267/1339/1255 1204/1282/1255
f 1177/1280/1256 1241/1340/1256 1178/1283/1256
f 1230/1281/1257 1294/1341/1257 1231/1284/1257
f 1205/1285/1258 1267/1339/1258 1268/1342/1258
f 1179/1286/1259 1241/1340/1259 1242/1343/1259
f 1231/1284/1260 1295/1344/1260 1232/1287/1260
f 1205/1285/1261 1269/1345/1261 1206/1288/1261
f 1179/1286/1262 1243/1346/1262 1180/1289/1262
f 1232/1287/1263 1296/1347/1263 1233/1290/1263
f 1207/1291/1264 1269/1345/1264 1270/1348/1264
f 1180/1289/1265 1244/1349/1265 1181/1292/1265
f 1234/1293/1266 1296/1347/1266 1297/1350/1266
f 1207/1291/1267 1271/1351/1267 1208/1294/1267
f 1181/1292/1268 1245/1352/1268 1182/1295/1268
f 1234/1293/1269 1298/1353/1269 1235/1296/1269
f 1209/1297/1270 1271/1351/1270 1272/1354/1270
f 1183/1298/1271 1245/1352/1271 1246/1355/1271
f 1235/1296/1272 1299/1356/1272 1236/1234/1272
f 1209/1297/1273 1273/1357/1273 1210/1236/1273
f 1183/1298/1274 1247/1358/1274 1184/1238/1274
f 1236/1234/1275 1300/1359/1275 1237/1235/1275
f 1211/1237/1276 1273/1357/1276 1274/1360/1276
f 1185/1239/1277 1247/1358/1277 1248/1361/1277
f 1238/1240/1278 1300/1359/1278 1301/1300/1278
f 1211/1237/1279 1275/1362/1279 1212/1241/1279
f 1186/1242/1280 1248/1361/1280 1249/1363/1280
f 1278/1305/1281 1340/1364/1281 1341/1365/1281
f 1251/1304/1282 1315/1366/1282 1252/1306/1282
f 1278/1305/1283 1342/1367/1283 1279/1307/1283
f 1252/1306/1284 1316/1368/1284 1253/1308/1284
f 1280/1309/1285 1342/1367/1285 1343/1369/1285
f 1254/1310/1286 1316/1368/1286 1317/1370/1286
f 1280/1309/1287 1344/1371/1287 1281/1311/1287
f 1254/1310/1288 1318/1372/1288 1255/1312/1288
f 1281/1311/1289 1345/1373/1289 1282/1313/1289
f 1255/1312/1290 1319/1374/1290 1256/1314/1290
f 1283/1315/1291 1345/1373/1291 1346/1375/1291
f 1257/1316/1292 1319/1374/1292 1320/1376/1292
f 1283/1315/1293 1347/1377/1293 1284/1317/1293
f 1257/1316/1294 1321/1378/1294 1258/1318/1294
f 1285/1319/1295 1347/1377/1295 1348/1379/1295
f 1259/1320/1296 1321/1378/1296 1322/1380/1296
f 1286/1321/1297 1348/1379/1297 1349/1381/1297
f 1260/1322/1298 1322/1380/1298 1323/1382/1298
f 1286/1321/1299 1350/1383/1299 1287/1323/1299
f 1260/1322/1300 1324/1384/1300 1261/1324/1300
f 1288/1325/1301 1350/1383/1301 1351/1385/1301
f 1262/1326/1302 1324/1384/1302 1325/1386/1302
f 1289/1327/1303 1351/1385/1303 1352/1387/1303
f 1262/1326/1304 1326/1388/1304 1263/1328/1304
f 1289/1327/1305 1353/1389/1305 1290/1329/1305
f 1264/1330/1306 1326/1388/1306 1327/1390/1306
f 1291/1331/1307 1353/1389/1307 1354/1391/1307
f 1264/1330/1308 1328/1392/1308 1265/1332/1308
f 1239/1334/1309 2058/1393/1309 1302/1394/1309
f 1291/1331/1310 1355/1395/1310 1292/1335/1310
f 1266/1336/1311 1328/1392/1311 1329/1396/1311
f 1239/1334/1312 1303/1397/1312 1240/1337/1312
f 1292/1335/1313 1356/1398/1313 1293/1338/1313
f 1267/1339/1314 1329/1396/1314 1330/1399/1314
f 1240/1337/1315 1304/1400/1315 1241/1340/1315
f 1294/1341/1316 1356/1398/1316 1357/1401/1316
f 1268/1342/1317 1330/1399/1317 1331/1402/1317
f 1242/1343/1318 1304/1400/1318 1305/1403/1318
f 1294/1341/1319 1358/1404/1319 1295/1344/1319
f 1268/1342/1320 1332/1405/1320 1269/1345/1320
f 1243/1346/1321 1305/1403/1321 1306/1406/1321
f 1296/1347/1322 1358/1404/1322 1359/1407/1322
f 1270/1348/1323 1332/1405/1323 1333/1408/1323
f 1243/1346/1324 1307/1409/1324 1244/1349/1324
f 1297/1350/1325 1359/1407/1325 1360/1410/1325
f 1270/1348/1326 1334/1411/1326 1271/1351/1326
f 1244/1349/1327 1308/1412/1327 1245/1352/1327
f 1297/1350/1328 1361/1413/1328 1298/1353/1328
f 1272/1354/1329 1334/1411/1329 1335/1414/1329
f 1246/1355/1330 1308/1412/1330 1309/1415/1330
f 1298/1353/1331 1362/1416/1331 1299/1356/1331
f 1272/1354/1332 1336/1417/1332 1273/1357/1332
f 1246/1355/1333 1310/1418/1333 1247/1358/1333
f 1300/1359/1334 1362/1416/1334 1363/1419/1334
f 1273/1357/1335 1337/1420/1335 1274/1360/1335
f 1248/1361/1336 1310/1418/1336 1311/1421/1336
f 1301/1300/1337 1363/1419/1337 1364/1422/1337
f 1274/1360/1338 1338/1423/1338 1275/1362/1338
f 1249/1363/1339 1311/1421/1339 1312/1424/1339
f 2752/1425/1340 1301/1300/1340 1364/1422/1340
f 1275/1362/1341 1339/1426/1341 1276/1301/1341
f 1249/1363/1342 1313/1427/1342 1250/1302/1342
f 1276/1301/1343 1340/1364/1343 1277/1303/1343
f 1251/1304/1344 1313/1427/1344 1314/1428/1344
f 1343/1369/1345 1405/1429/1345 1406/1430/1345
f 1317/1370/1346 1379/1431/1346 1380/1432/1346
f 1343/1369/1347 1407/1433/1347 1344/1371/1347
f 1317/1370/1348 1381/1434/1348 1318/1372/1348
f 1344/1371/1349 1408/1435/1349 1345/1373/1349
f 1318/1372/1350 1382/1436/1350 1319/1374/1350
f 1346/1375/1351 1408/1435/1351 1409/1437/1351
f 1320/1376/1352 1382/1436/1352 1383/1438/1352
f 1346/1375/1353 1410/1439/1353 1347/1377/1353
f 1320/1376/1354 1384/1440/1354 1321/1378/1354
f 1348/1379/1355 1410/1439/1355 1411/1441/1355
f 1322/1380/1356 1384/1440/1356 1385/1442/1356
f 1349/1381/1357 1411/1441/1357 1412/1443/1357
f 1323/1382/1358 1385/1442/1358 1386/1444/1358
f 1349/1381/1359 1413/1445/1359 1350/1383/1359
f 1323/1382/1360 1387/1446/1360 1324/1384/1360
f 1351/1385/1361 1413/1445/1361 1414/1447/1361
f 1325/1386/1362 1387/1446/1362 1388/1448/1362
f 1352/1387/1363 1414/1447/1363 1415/1449/1363
f 1325/1386/1364 1389/1450/1364 1326/1388/1364
f 1352/1387/1365 1416/1451/1365 1353/1389/1365
f 1327/1390/1366 1389/1450/1366 1390/1452/1366
f 1354/1391/1367 1416/1451/1367 1417/1453/1367
f 1327/1390/1368 1391/1454/1368 1328/1392/1368
f 1302/1394/1369 2058/1455/1369 1365/1456/1369
f 1354/1391/1370 1418/1457/1370 1355/1395/1370
f 1328/1392/1371 1392/1458/1371 1329/1396/1371
f 1303/1397/1372 1365/1456/1372 1366/1459/1372
f 1356/1398/1373 1418/1457/1373 1419/1460/1373
f 1329/1396/1374 1393/1461/1374 1330/1399/1374
f 1303/1397/1375 1367/1462/1375 1304/1400/1375
f 1357/1401/1376 1419/1460/1376 1420/1463/1376
f 1331/1402/1377 1393/1461/1377 1394/1464/1377
f 1304/1400/1378 1368/1465/1378 1305/1403/1378
f 1357/1401/1379 1421/1466/1379 1358/1404/1379
f 1331/1402/1380 1395/1467/1380 1332/1405/1380
f 1305/1403/1381 1369/1468/1381 1306/1406/1381
f 1359/1407/1382 1421/1466/1382 1422/1469/1382
f 1333/1408/1383 1395/1467/1383 1396/1470/1383
f 1306/1406/1384 1370/1471/1384 1307/1409/1384
f 1359/1407/1385 1423/1472/1385 1360/1410/1385
f 1333/1408/1386 1397/1473/1386 1334/1411/1386
f 1307/1409/1387 1371/1474/1387 1308/1412/1387
f 1360/1410/1388 1424/1475/1388 1361/1413/1388
f 1335/1414/1389 1397/1473/1389 1398/1476/1389
f 1308/1412/1390 1372/1477/1390 1309/1415/1390
f 1362/1416/1391 1424/1475/1391 1425/1478/1391
f 1335/1414/1392 1399/1479/1392 1336/1417/1392
f 1309/1415/1393 1373/1480/1393 1310/1418/1393
f 1363/1419/1394 1425/1478/1394 1426/1481/1394
f 1336/1417/1395 1400/1482/1395 1337/1420/1395
f 1310/1418/1396 1374/1483/1396 1311/1421/1396
f 1363/1419/1397 1427/1484/1397 1364/1422/1397
f 1337/1420/1398 1401/1485/1398 1338/1423/1398
f 1312/1424/1399 1374/1483/1399 1375/1486/1399
f 2752/1487/1400 1364/1422/1400 1427/1484/1400
f 1338/1423/1401 1402/1488/1401 1339/1426/1401
f 1312/1424/1402 1376/1489/1402 1313/1427/1402
f 1339/1426/1403 1403/1490/1403 1340/1364/1403
f 1314/1428/1404 1376/1489/1404 1377/1491/1404
f 1341/1365/1405 1403/1490/1405 1404/1492/1405
f 1314/1428/1406 1378/1493/1406 1315/1366/1406
f 1341/1365/1407 1405/1429/1407 1342/1367/1407
f 1315/1366/1408 1379/1431/1408 1316/1368/1408
f 1407/1433/1409 1471/1494/1409 1408/1435/1409
f 1381/1434/1410 1445/1495/1410 1382/1436/1410
f 1409/1437/1411 1471/1494/1411 1472/1496/1411
f 1383/1438/1412 1445/1495/1412 1446/1497/1412
f 1409/1437/1413 1473/1498/1413 1410/1439/1413
f 1383/1438/1414 1447/1499/1414 1384/1440/1414
f 1411/1441/1415 1473/1498/1415 1474/1500/1415
f 1385/1442/1416 1447/1499/1416 1448/1501/1416
f 1412/1443/1417 1474/1500/1417 1475/1502/1417
f 1386/1444/1418 1448/1501/1418 1449/1503/1418
f 1412/1443/1419 1476/1504/1419 1413/1445/1419
f 1386/1444/1420 1450/1505/1420 1387/1446/1420
f 1414/1447/1421 1476/1504/1421 1477/1506/1421
f 1388/1448/1422 1450/1505/1422 1451/1507/1422
f 1415/1449/1423 1477/1506/1423 1478/1508/1423
f 1388/1448/1424 1452/1509/1424 1389/1450/1424
f 1415/1449/1425 1479/1510/1425 1416/1451/1425
f 1390/1452/1426 1452/1509/1426 1453/1511/1426
f 1417/1453/1427 1479/1510/1427 1480/1512/1427
f 1390/1452/1428 1454/1513/1428 1391/1454/1428
f 1365/1456/1429 2058/1514/1429 1428/1515/1429
f 1417/1453/1430 1481/1516/1430 1418/1457/1430
f 1392/1458/1431 1454/1513/1431 1455/1517/1431
f 1366/1459/1432 1428/1515/1432 1429/1518/1432
f 1418/1457/1433 1482/1519/1433 1419/1460/1433
f 1392/1458/1434 1456/1520/1434 1393/1461/1434
f 1366/1459/1435 1430/1521/1435 1367/1462/1435
f 1420/1463/1436 1482/1519/1436 1483/1522/1436
f 1394/1464/1437 1456/1520/1437 1457/1523/1437
f 1368/1465/1438 1430/1521/1438 1431/1524/1438
f 1420/1463/1439 1484/1525/1439 1421/1466/1439
f 1394/1464/1440 1458/1526/1440 1395/1467/1440
f 1369/1468/1441 1431/1524/1441 1432/1527/1441
f 1422/1469/1442 1484/1525/1442 1485/1528/1442
f 1396/1470/1443 1458/1526/1443 1459/1529/1443
f 1369/1468/1444 1433/1530/1444 1370/1471/1444
f 1422/1469/1445 1486/1531/1445 1423/1472/1445
f 1396/1470/1446 1460/1532/1446 1397/1473/1446
f 1370/1471/1447 1434/1533/1447 1371/1474/1447
f 1423/1472/1448 1487/1534/1448 1424/1475/1448
f 1397/1473/1449 1461/1535/1449 1398/1476/1449
f 1371/1474/1450 1435/1536/1450 1372/1477/1450
f 1424/1475/1451 1488/1537/1451 1425/1478/1451
f 1398/1476/1452 1462/1538/1452 1399/1479/1452
f 1372/1477/1453 1436/1539/1453 1373/1480/1453
f 1425/1478/1454 1489/1540/1454 1426/1481/1454
f 1399/1479/1455 1463/1541/1455 1400/1482/1455
f 1374/1483/1456 1436/1539/1456 1437/1542/1456
f 1427/1484/1457 1489/1540/1457 1490/1543/1457
f 1400/1482/1458 1464/1544/1458 1401/1485/1458
f 1375/1486/1459 1437/1542/1459 1438/1545/1459
f 2752/1546/1460 1427/1484/1460 1490/1543/1460
f 1401/1485/1461 1465/1547/1461 1402/1488/1461
f 1375/1486/1462 1439/1548/1462 1376/1489/1462
f 1402/1488/1463 1466/1549/1463 1403/1490/1463
f 1377/1491/1464 1439/1548/1464 1440/1550/1464
f 1404/1492/1465 1466/1549/1465 1467/1551/1465
f 1377/1491/1466 1441/1552/1466 1378/1493/1466
f 1404/1492/1467 1468/1553/1467 1405/1429/1467
f 1378/1493/1468 1442/1554/1468 1379/1431/1468
f 1406/1430/1469 1468/1553/1469 1469/1555/1469
f 1380/1432/1470 1442/1554/1470 1443/1556/1470
f 1406/1430/1471 1470/1557/1471 1407/1433/1471
f 1380/1432/1472 1444/1558/1472 1381/1434/1472
f 1472/1496/1473 1536/1559/1473 1473/1498/1473
f 1446/1497/1474 1510/1560/1474 1447/1499/1474
f 1474/1500/1475 1536/1559/1475 1537/1561/1475
f 1448/1501/1476 1510/1560/1476 1511/1562/1476
f 1475/1502/1477 1537/1561/1477 1538/1563/1477
f 1449/1503/1478 1511/1562/1478 1512/1564/1478
f 1475/1502/1479 1539/1565/1479 1476/1504/1479
f 1449/1503/1480 1513/1566/1480 1450/1505/1480
f 1477/1506/1481 1539/1565/1481 1540/1567/1481
f 1451/1507/1482 1513/1566/1482 1514/1568/1482
f 1478/1508/1483 1540/1567/1483 1541/1569/1483
f 1451/1507/1484 1515/1570/1484 1452/1509/1484
f 1478/1508/1485 1542/1571/1485 1479/1510/1485
f 1453/1511/1486 1515/1570/1486 1516/1572/1486
f 1480/1512/1487 1542/1571/1487 1543/1573/1487
f 1453/1511/1488 1517/1574/1488 1454/1513/1488
f 1428/1515/1489 2058/1575/1489 1491/1576/1489
f 1480/1512/1490 1544/1577/1490 1481/1516/1490
f 1455/1517/1491 1517/1574/1491 1518/1578/1491
f 1428/1515/1492 1492/1579/1492 1429/1518/1492
f 1481/1516/1493 1545/1580/1493 1482/1519/1493
f 1455/1517/1494 1519/1581/1494 1456/1520/1494
f 1429/1518/1495 1493/1582/1495 1430/1521/1495
f 1483/1522/1496 1545/1580/1496 1546/1583/1496
f 1457/1523/1497 1519/1581/1497 1520/1584/1497
f 1430/1521/1498 1494/1585/1498 1431/1524/1498
f 1483/1522/1499 1547/1586/1499 1484/1525/1499
f 1458/1526/1500 1520/1584/1500 1521/1587/1500
f 1432/1527/1501 1494/1585/1501 1495/1588/1501
f 1484/1525/1502 1548/1589/1502 1485/1528/1502
f 1459/1529/1503 1521/1587/1503 1522/1590/1503
f 1432/1527/1504 1496/1591/1504 1433/1530/1504
f 1486/1531/1505 1548/1589/1505 1549/1592/1505
f 1459/1529/1506 1523/1593/1506 1460/1532/1506
f 1433/1530/1507 1497/1594/1507 1434/1533/1507
f 1486/1531/1508 1550/1595/1508 1487/1534/1508
f 1460/1532/1509 1524/1596/1509 1461/1535/1509
f 1434/1533/1510 1498/1597/1510 1435/1536/1510
f 1488/1537/1511 1550/1595/1511 1551/1598/1511
f 1461/1535/1512 1525/1599/1512 1462/1538/1512
f 1435/1536/1513 1499/1600/1513 1436/1539/1513
f 1488/1537/1514 1552/1601/1514 1489/1540/1514
f 1463/1541/1515 1525/1599/1515 1526/1602/1515
f 1437/1542/1516 1499/1600/1516 1500/1603/1516
f 1490/1543/1517 1552/1601/1517 1553/1604/1517
f 1463/1541/1518 1527/1605/1518 1464/1544/1518
f 1438/1545/1519 1500/1603/1519 1501/1606/1519
f 2752/1607/1520 1490/1543/1520 1553/1604/1520
f 1464/1544/1521 1528/1608/1521 1465/1547/1521
f 1438/1545/1522 1502/1609/1522 1439/1548/1522
f 1465/1547/1523 1529/1610/1523 1466/1549/1523
f 1440/1550/1524 1502/1609/1524 1503/1611/1524
f 1467/1551/1525 1529/1610/1525 1530/1612/1525
f 1440/1550/1526 1504/1613/1526 1441/1552/1526
f 1467/1551/1527 1531/1614/1527 1468/1553/1527
f 1441/1552/1528 1505/1615/1528 1442/1554/1528
f 1468/1553/1529 1532/1616/1529 1469/1555/1529
f 1443/1556/1530 1505/1615/1530 1506/1617/1530
f 1469/1555/1531 1533/1618/1531 1470/1557/1531
f 1443/1556/1532 1507/1619/1532 1444/1558/1532
f 1470/1557/1533 1534/1620/1533 1471/1494/1533
f 1444/1558/1534 1508/1621/1534 1445/1495/1534
f 1472/1496/1535 1534/1620/1535 1535/1622/1535
f 1446/1497/1536 1508/1621/1536 1509/1623/1536
f 1538/1563/1537 1600/1624/1537 1601/1625/1537
f 1512/1564/1538 1574/1626/1538 1575/1627/1538
f 1538/1563/1539 1602/1628/1539 1539/1565/1539
f 1512/1564/1540 1576/1629/1540 1513/1566/1540
f 1540/1567/1541 1602/1628/1541 1603/1630/1541
f 1514/1568/1542 1576/1629/1542 1577/1631/1542
f 1541/1569/1543 1603/1630/1543 1604/1632/1543
f 1514/1568/1544 1578/1633/1544 1515/1570/1544
f 1541/1569/1545 1605/1634/1545 1542/1571/1545
f 1516/1572/1546 1578/1633/1546 1579/1635/1546
f 1543/1573/1547 1605/1634/1547 1606/1636/1547
f 1516/1572/1548 1580/1637/1548 1517/1574/1548
f 1491/1576/1549 2058/1638/1549 1554/1639/1549
f 1543/1573/1550 1607/1640/1550 1544/1577/1550
f 1518/1578/1551 1580/1637/1551 1581/1641/1551
f 1491/1576/1552 1555/1642/1552 1492/1579/1552
f 1544/1577/1553 1608/1643/1553 1545/1580/1553
f 1518/1578/1554 1582/1644/1554 1519/1581/1554
f 1492/1579/1555 1556/1645/1555 1493/1582/1555
f 1546/1583/1556 1608/1643/1556 1609/1646/1556
f 1520/1584/1557 1582/1644/1557 1583/1647/1557
f 1493/1582/1558 1557/1648/1558 1494/1585/1558
f 1547/1586/1559 1609/1646/1559 1610/1649/1559
f 1520/1584/1560 1584/1650/1560 1521/1587/1560
f 1495/1588/1561 1557/1648/1561 1558/1651/1561
f 1547/1586/1562 1611/1652/1562 1548/1589/1562
f 1521/1587/1563 1585/1653/1563 1522/1590/1563
f 1495/1588/1564 1559/1654/1564 1496/1591/1564
f 1548/1589/1565 1612/1655/1565 1549/1592/1565
f 1522/1590/1566 1586/1656/1566 1523/1593/1566
f 1496/1591/1567 1560/1657/1567 1497/1594/1567
f 1549/1592/1568 1613/1658/1568 1550/1595/1568
f 1523/1593/1569 1587/1659/1569 1524/1596/1569
f 1497/1594/1570 1561/1660/1570 1498/1597/1570
f 1551/1598/1571 1613/1658/1571 1614/1661/1571
f 1524/1596/1572 1588/1662/1572 1525/1599/1572
f 1498/1597/1573 1562/1663/1573 1499/1600/1573
f 1552/1601/1574 1614/1661/1574 1615/1664/1574
f 1526/1602/1575 1588/1662/1575 1589/1665/1575
f 1500/1603/1576 1562/1663/1576 1563/1666/1576
f 1553/1604/1577 1615/1664/1577 1616/1667/1577
f 1526/1602/1578 1590/1668/1578 1527/1605/1578
f 1501/1606/1579 1563/1666/1579 1564/1669/1579
f 2752/1670/1580 1553/1604/1580 1616/1667/1580
f 1528/1608/1581 1590/1668/1581 1591/1671/1581
f 1501/1606/1582 1565/1672/1582 1502/1609/1582
f 1528/1608/1583 1592/1673/1583 1529/1610/1583
f 1503/1611/1584 1565/1672/1584 1566/1674/1584
f 1530/1612/1585 1592/1673/1585 1593/1675/1585
f 1503/1611/1586 1567/1676/1586 1504/1613/1586
f 1530/1612/1587 1594/1677/1587 1531/1614/1587
f 1504/1613/1588 1568/1678/1588 1505/1615/1588
f 1532/1616/1589 1594/1677/1589 1595/1679/1589
f 1506/1617/1590 1568/1678/1590 1569/1680/1590
f 1532/1616/1591 1596/1681/1591 1533/1618/1591
f 1506/1617/1592 1570/1682/1592 1507/1619/1592
f 1533/1618/1593 1597/1683/1593 1534/1620/1593
f 1507/1619/1594 1571/1684/1594 1508/1621/1594
f 1535/1622/1595 1597/1683/1595 1598/1685/1595
f 1509/1623/1596 1571/1684/1596 1572/1686/1596
f 1535/1622/1597 1599/1687/1597 1536/1559/1597
f 1509/1623/1598 1573/1688/1598 1510/1560/1598
f 1537/1561/1599 1599/1687/1599 1600/1624/1599
f 1511/1562/1600 1573/1688/1600 1574/1626/1600
f 1603/1630/1601 1665/1689/1601 1666/1690/1601
f 1577/1631/1602 1639/1691/1602 1640/1692/1602
f 1604/1632/1603 1666/1690/1603 1667/1693/1603
f 1577/1631/1604 1641/1694/1604 1578/1633/1604
f 1604/1632/1605 1668/1695/1605 1605/1634/1605
f 1579/1635/1606 1641/1694/1606 1642/1696/1606
f 1606/1636/1607 1668/1695/1607 1669/1697/1607
f 1579/1635/1608 1643/1698/1608 1580/1637/1608
f 1554/1639/1609 2058/1699/1609 1617/1700/1609
f 1606/1636/1610 1670/1701/1610 1607/1640/1610
f 1580/1637/1611 1644/1702/1611 1581/1641/1611
f 1554/1639/1612 1618/1703/1612 1555/1642/1612
f 1607/1640/1613 1671/1704/1613 1608/1643/1613
f 1581/1641/1614 1645/1705/1614 1582/1644/1614
f 1555/1642/1615 1619/1706/1615 1556/1645/1615
f 1609/1646/1616 1671/1704/1616 1672/1707/1616
f 1583/1647/1617 1645/1705/1617 1646/1708/1617
f 1556/1645/1618 1620/1709/1618 1557/1648/1618
f 1610/1649/1619 1672/1707/1619 1673/1710/1619
f 1583/1647/1620 1647/1711/1620 1584/1650/1620
f 1557/1648/1621 1621/1712/1621 1558/1651/1621
f 1610/1649/1622 1674/1713/1622 1611/1652/1622
f 1585/1653/1623 1647/1711/1623 1648/1714/1623
f 1558/1651/1624 1622/1715/1624 1559/1654/1624
f 1612/1655/1625 1674/1713/1625 1675/1716/1625
f 1585/1653/1626 1649/1717/1626 1586/1656/1626
f 1560/1657/1627 1622/1715/1627 1623/1718/1627
f 1612/1655/1628 1676/1719/1628 1613/1658/1628
f 1586/1656/1629 1650/1720/1629 1587/1659/1629
f 1560/1657/1630 1624/1721/1630 1561/1660/1630
f 1614/1661/1631 1676/1719/1631 1677/1722/1631
f 1587/1659/1632 1651/1723/1632 1588/1662/1632
f 1561/1660/1633 1625/1724/1633 1562/1663/1633
f 1615/1664/1634 1677/1722/1634 1678/1725/1634
f 1588/1662/1635 1652/1726/1635 1589/1665/1635
f 1563/1666/1636 1625/1724/1636 1626/1727/1636
f 1616/1667/1637 1678/1725/1637 1679/1728/1637
f 1590/1668/1638 1652/1726/1638 1653/1729/1638
f 1563/1666/1639 1627/1730/1639 1564/1669/1639
f 2752/1731/1640 1616/1667/1640 1679/1728/1640
f 1591/1671/1641 1653/1729/1641 1654/1732/1641
f 1564/1669/1642 1628/1733/1642 1565/1672/1642
f 1591/1671/1643 1655/1734/1643 1592/1673/1643
f 1566/1674/1644 1628/1733/1644 1629/1735/1644
f 1593/1675/1645 1655/1734/1645 1656/1736/1645
f 1566/1674/1646 1630/1737/1646 1567/1676/1646
f 1593/1675/1647 1657/1738/1647 1594/1677/1647
f 1567/1676/1648 1631/1739/1648 1568/1678/1648
f 1595/1679/1649 1657/1738/1649 1658/1740/1649
f 1569/1680/1650 1631/1739/1650 1632/1741/1650
f 1595/1679/1651 1659/1742/1651 1596/1681/1651
f 1569/1680/1652 1633/1743/1652 1570/1682/1652
f 1596/1681/1653 1660/1744/1653 1597/1683/1653
f 1570/1682/1654 1634/1745/1654 1571/1684/1654
f 1598/1685/1655 1660/1744/1655 1661/1746/1655
f 1572/1686/1656 1634/1745/1656 1635/1747/1656
f 1598/1685/1657 1662/1748/1657 1599/1687/1657
f 1572/1686/1658 1636/1749/1658 1573/1688/1658
f 1600/1624/1659 1662/1748/1659 1663/1750/1659
f 1574/1626/1660 1636/1749/1660 1637/1751/1660
f 1601/1625/1661 1663/1750/1661 1664/1752/1661
f 1575/1627/1662 1637/1751/1662 1638/1753/1662
f 1601/1625/1663 1665/1689/1663 1602/1628/1663
f 1575/1627/1664 1639/1691/1664 1576/1629/1664
f 1667/1693/1665 1731/1754/1665 1668/1695/1665
f 1642/1696/1666 1704/1755/1666 1705/1756/1666
f 1669/1697/1667 1731/1754/1667 1732/1757/1667
f 1642/1696/1668 1706/1758/1668 1643/1698/1668
f 1617/1700/1669 2058/1759/1669 1680/1760/1669
f 1670/1701/1670 1732/1757/1670 1733/1761/1670
f 1643/1698/1671 1707/1762/1671 1644/1702/1671
f 1617/1700/1672 1681/1763/1672 1618/1703/1672
f 1670/1701/1673 1734/1764/1673 1671/1704/1673
f 1644/1702/1674 1708/1765/1674 1645/1705/1674
f 1618/1703/1675 1682/1766/1675 1619/1706/1675
f 1672/1707/1676 1734/1764/1676 1735/1767/1676
f 1646/1708/1677 1708/1765/1677 1709/1768/1677
f 1619/1706/1678 1683/1769/1678 1620/1709/1678
f 1672/1707/1679 1736/1770/1679 1673/1710/1679
f 1646/1708/1680 1710/1771/1680 1647/1711/1680
f 1621/1712/1681 1683/1769/1681 1684/1772/1681
f 1673/1710/1682 1737/1773/1682 1674/1713/1682
f 1648/1714/1683 1710/1771/1683 1711/1774/1683
f 1621/1712/1684 1685/1775/1684 1622/1715/1684
f 1675/1716/1685 1737/1773/1685 1738/1776/1685
f 1648/1714/1686 1712/1777/1686 1649/1717/1686
f 1623/1718/1687 1685/1775/1687 1686/1778/1687
f 1675/1716/1688 1739/1779/1688 1676/1719/1688
f 1650/1720/1689 1712/1777/1689 1713/1780/1689
f 1623/1718/1690 1687/1781/1690 1624/1721/1690
f 1677/1722/1691 1739/1779/1691 1740/1782/1691
f 1650/1720/1692 1714/1783/1692 1651/1723/1692
f 1624/1721/1693 1688/1784/1693 1625/1724/1693
f 1678/1725/1694 1740/1782/1694 1741/1785/1694
f 1651/1723/1695 1715/1786/1695 1652/1726/1695
f 1626/1727/1696 1688/1784/1696 1689/1787/1696
f 1679/1728/1697 1741/1785/1697 1742/1788/1697
f 1653/1729/1698 1715/1786/1698 1716/1789/1698
f 1627/1730/1699 1689/1787/1699 1690/1790/1699
f 2752/1791/1700 1679/1728/1700 1742/1788/1700
f 1654/1732/1701 1716/1789/1701 1717/1792/1701
f 1627/1730/1702 1691/1793/1702 1628/1733/1702
f 1654/1732/1703 1718/1794/1703 1655/1734/1703
f 1629/1735/1704 1691/1793/1704 1692/1795/1704
f 1656/1736/1705 1718/1794/1705 1719/1796/1705
f 1629/1735/1706 1693/1797/1706 1630/1737/1706
f 1656/1736/1707 1720/1798/1707 1657/1738/1707
f 1630/1737/1708 1694/1799/1708 1631/1739/1708
f 1658/1740/1709 1720/1798/1709 1721/1800/1709
f 1632/1741/1710 1694/1799/1710 1695/1801/1710
f 1658/1740/1711 1722/1802/1711 1659/1742/1711
f 1632/1741/1712 1696/1803/1712 1633/1743/1712
f 1659/1742/1713 1723/1804/1713 1660/1744/1713
f 1633/1743/1714 1697/1805/1714 1634/1745/1714
f 1661/1746/1715 1723/1804/1715 1724/1806/1715
f 1635/1747/1716 1697/1805/1716 1698/1807/1716
f 1661/1746/1717 1725/1808/1717 1662/1748/1717
f 1635/1747/1718 1699/1809/1718 1636/1749/1718
f 1663/1750/1719 1725/1808/1719 1726/1810/1719
f 1637/1751/1720 1699/1809/1720 1700/1811/1720
f 1664/1752/1721 1726/1810/1721 1727/1812/1721
f 1638/1753/1722 1700/1811/1722 1701/1813/1722
f 1664/1752/1723 1728/1814/1723 1665/1689/1723
f 1638/1753/1724 1702/1815/1724 1639/1691/1724
f 1666/1690/1725 1728/1814/1725 1729/1816/1725
f 1640/1692/1726 1702/1815/1726 1703/1817/1726
f 1667/1693/1727 1729/1816/1727 1730/1818/1727
f 1640/1692/1728 1704/1755/1728 1641/1694/1728
f 1732/1757/1729 1796/1819/1729 1733/1761/1729
f 1706/1758/1730 1770/1820/1730 1707/1762/1730
f 1680/1760/1731 1744/1821/1731 1681/1763/1731
f 1733/1761/1732 1797/1822/1732 1734/1764/1732
f 1707/1762/1733 1771/1823/1733 1708/1765/1733
f 1681/1763/1734 1745/1824/1734 1682/1766/1734
f 1735/1767/1735 1797/1822/1735 1798/1825/1735
f 1709/1768/1736 1771/1823/1736 1772/1826/1736
f 1682/1766/1737 1746/1827/1737 1683/1769/1737
f 1736/1770/1738 1798/1825/1738 1799/1828/1738
f 1709/1768/1739 1773/1829/1739 1710/1771/1739
f 1684/1772/1740 1746/1827/1740 1747/1830/1740
f 1736/1770/1741 1800/1831/1741 1737/1773/1741
f 1711/1774/1742 1773/1829/1742 1774/1832/1742
f 1684/1772/1743 1748/1833/1743 1685/1775/1743
f 1737/1773/1744 1801/1834/1744 1738/1776/1744
f 1711/1774/1745 1775/1835/1745 1712/1777/1745
f 1686/1778/1746 1748/1833/1746 1749/1836/1746
f 1738/1776/1747 1802/1837/1747 1739/1779/1747
f 1713/1780/1748 1775/1835/1748 1776/1838/1748
f 1686/1778/1749 1750/1839/1749 1687/1781/1749
f 1740/1782/1750 1802/1837/1750 1803/1840/1750
f 1713/1780/1751 1777/1841/1751 1714/1783/1751
f 1687/1781/1752 1751/1842/1752 1688/1784/1752
f 1741/1785/1753 1803/1840/1753 1804/1843/1753
f 1714/1783/1754 1778/1844/1754 1715/1786/1754
f 1689/1787/1755 1751/1842/1755 1752/1845/1755
f 1742/1788/1756 1804/1843/1756 1805/1846/1756
f 1716/1789/1757 1778/1844/1757 1779/1847/1757
f 1689/1787/1758 1753/1848/1758 1690/1790/1758
f 2752/1849/1759 1742/1788/1759 1805/1846/1759
f 1716/1789/1760 1780/1850/1760 1717/1792/1760
f 1690/1790/1761 1754/1851/1761 1691/1793/1761
f 1717/1792/1762 1781/1852/1762 1718/1794/1762
f 1692/1795/1763 1754/1851/1763 1755/1853/1763
f 1719/1796/1764 1781/1852/1764 1782/1854/1764
f 1692/1795/1765 1756/1855/1765 1693/1797/1765
f 1719/1796/1766 1783/1856/1766 1720/1798/1766
f 1693/1797/1767 1757/1857/1767 1694/1799/1767
f 1721/1800/1768 1783/1856/1768 1784/1858/1768
f 1695/1801/1769 1757/1857/1769 1758/1859/1769
f 1721/1800/1770 1785/1860/1770 1722/1802/1770
f 1695/1801/1771 1759/1861/1771 1696/1803/1771
f 1722/1802/1772 1786/1862/1772 1723/1804/1772
f 1696/1803/1773 1760/1863/1773 1697/1805/1773
f 1724/1806/1774 1786/1862/1774 1787/1864/1774
f 1698/1807/1775 1760/1863/1775 1761/1865/1775
f 1724/1806/1776 1788/1866/1776 1725/1808/1776
f 1698/1807/1777 1762/1867/1777 1699/1809/1777
f 1726/1810/1778 1788/1866/1778 1789/1868/1778
f 1700/1811/1779 1762/1867/1779 1763/1869/1779
f 1727/1812/1780 1789/1868/1780 1790/1870/1780
f 1701/1813/1781 1763/1869/1781 1764/1871/1781
f 1727/1812/1782 1791/1872/1782 1728/1814/1782
f 1701/1813/1783 1765/1873/1783 1702/1815/1783
f 1729/1816/1784 1791/1872/1784 1792/1874/1784
f 1703/1817/1785 1765/1873/1785 1766/1875/1785
f 1730/1818/1786 1792/1874/1786 1793/1876/1786
f 1703/1817/1787 1767/1877/1787 1704/1755/1787
f 1730/1818/1788 1794/1878/1788 1731/1754/1788
f 1705/1756/1789 1767/1877/1789 1768/1879/1789
f 1732/1757/1790 1794/1878/1790 1795/1880/1790
f 1705/1756/1791 1769/1881/1791 1706/1758/1791
f 1680/1760/1792 2058/1882/1792 1743/1883/1792
f 1798/1825/1793 1860/1884/1793 1861/1885/1793
f 1772/1826/1794 1834/1886/1794 1835/1887/1794
f 1746/1827/1795 1808/1888/1795 1809/1889/1795
f 1799/1828/1796 1861/1885/1796 1862/1890/1796
f 1772/1826/1797 1836/1891/1797 1773/1829/1797
f 1747/1830/1798 1809/1889/1798 1810/1892/1798
f 1799/1828/1799 1863/1893/1799 1800/1831/1799
f 1774/1832/1800 1836/1891/1800 1837/1894/1800
f 1747/1830/1801 1811/1895/1801 1748/1833/1801
f 1801/1834/1802 1863/1893/1802 1864/1896/1802
f 1774/1832/1803 1838/1897/1803 1775/1835/1803
f 1749/1836/1804 1811/1895/1804 1812/1898/1804
f 1801/1834/1805 1865/1899/1805 1802/1837/1805
f 1776/1838/1806 1838/1897/1806 1839/1900/1806
f 1749/1836/1807 1813/1901/1807 1750/1839/1807
f 1802/1837/1808 1866/1902/1808 1803/1840/1808
f 1776/1838/1809 1840/1903/1809 1777/1841/1809
f 1750/1839/1810 1814/1904/1810 1751/1842/1810
f 1804/1843/1811 1866/1902/1811 1867/1905/1811
f 1777/1841/1812 1841/1906/1812 1778/1844/1812
f 1752/1845/1813 1814/1904/1813 1815/1907/1813
f 1804/1843/1814 1868/1908/1814 1805/1846/1814
f 1779/1847/1815 1841/1906/1815 1842/1909/1815
f 1752/1845/1816 1816/1910/1816 1753/1848/1816
f 2752/1911/1817 1805/1846/1817 1868/1908/1817
f 1779/1847/1818 1843/1912/1818 1780/1850/1818
f 1753/1848/1819 1817/1913/1819 1754/1851/1819
f 1780/1850/1820 1844/1914/1820 1781/1852/1820
f 1755/1853/1821 1817/1913/1821 1818/1915/1821
f 1782/1854/1822 1844/1914/1822 1845/1916/1822
f 1755/1853/1823 1819/1917/1823 1756/1855/1823
f 1782/1854/1824 1846/1918/1824 1783/1856/1824
f 1756/1855/1825 1820/1919/1825 1757/1857/1825
f 1784/1858/1826 1846/1918/1826 1847/1920/1826
f 1758/1859/1827 1820/1919/1827 1821/1921/1827
f 1784/1858/1828 1848/1922/1828 1785/1860/1828
f 1758/1859/1829 1822/1923/1829 1759/1861/1829
f 1785/1860/1830 1849/1924/1830 1786/1862/1830
f 1759/1861/1831 1823/1925/1831 1760/1863/1831
f 1787/1864/1832 1849/1924/1832 1850/1926/1832
f 1761/1865/1833 1823/1925/1833 1824/1927/1833
f 1787/1864/1834 1851/1928/1834 1788/1866/1834
f 1761/1865/1835 1825/1929/1835 1762/1867/1835
f 1789/1868/1836 1851/1928/1836 1852/1930/1836
f 1763/1869/1837 1825/1929/1837 1826/1931/1837
f 1790/1870/1838 1852/1930/1838 1853/1932/1838
f 1764/1871/1839 1826/1931/1839 1827/1933/1839
f 1790/1870/1840 1854/1934/1840 1791/1872/1840
f 1764/1871/1841 1828/1935/1841 1765/1873/1841
f 1792/1874/1842 1854/1934/1842 1855/1936/1842
f 1766/1875/1843 1828/1935/1843 1829/1937/1843
f 1793/1876/1844 1855/1936/1844 1856/1938/1844
f 1766/1875/1845 1830/1939/1845 1767/1877/1845
f 1793/1876/1846 1857/1940/1846 1794/1878/1846
f 1768/1879/1847 1830/1939/1847 1831/1941/1847
f 1795/1880/1848 1857/1940/1848 1858/1942/1848
f 1769/1881/1849 1831/1941/1849 1832/1943/1849
f 1743/1883/1850 2058/1944/1850 1806/1945/1850
f 1795/1880/1851 1859/1946/1851 1796/1819/1851
f 1769/1881/1852 1833/1947/1852 1770/1820/1852
f 1744/1821/1853 1806/1945/1853 1807/1948/1853
f 1796/1819/1854 1860/1884/1854 1797/1822/1854
f 1770/1820/1855 1834/1886/1855 1771/1823/1855
f 1744/1821/1856 1808/1888/1856 1745/1824/1856
f 1862/1890/1857 1926/1949/1857 1863/1893/1857
f 1837/1894/1858 1899/1950/1858 1900/1951/1858
f 1810/1892/1859 1874/1952/1859 1811/1895/1859
f 1864/1896/1860 1926/1949/1860 1927/1953/1860
f 1837/1894/1861 1901/1954/1861 1838/1897/1861
f 1812/1898/1862 1874/1952/1862 1875/1955/1862
f 1864/1896/1863 1928/1956/1863 1865/1899/1863
f 1839/1900/1864 1901/1954/1864 1902/1957/1864
f 1812/1898/1865 1876/1958/1865 1813/1901/1865
f 1866/1902/1866 1928/1956/1866 1929/1959/1866
f 1839/1900/1867 1903/1960/1867 1840/1903/1867
f 1814/1904/1868 1876/1958/1868 1877/1961/1868
f 1867/1905/1869 1929/1959/1869 1930/1962/1869
f 1841/1906/1870 1903/1960/1870 1904/1963/1870
f 1815/1907/1871 1877/1961/1871 1878/1964/1871
f 1867/1905/1872 1931/1965/1872 1868/1908/1872
f 1842/1909/1873 1904/1963/1873 1905/1966/1873
f 1816/1910/1874 1878/1964/1874 1879/1967/1874
f 2752/1968/1875 1868/1908/1875 1931/1965/1875
f 1842/1909/1876 1906/1969/1876 1843/1912/1876
f 1816/1910/1877 1880/1970/1877 1817/1913/1877
f 1843/1912/1878 1907/1971/1878 1844/1914/1878
f 1818/1915/1879 1880/1970/1879 1881/1972/1879
f 1845/1916/1880 1907/1971/1880 1908/1973/1880
f 1818/1915/1881 1882/1974/1881 1819/1917/1881
f 1845/1916/1882 1909/1975/1882 1846/1918/1882
f 1819/1917/1883 1883/1976/1883 1820/1919/1883
f 1847/1920/1884 1909/1975/1884 1910/1977/1884
f 1821/1921/1885 1883/1976/1885 1884/1978/1885
f 1847/1920/1886 1911/1979/1886 1848/1922/1886
f 1821/1921/1887 1885/1980/1887 1822/1923/1887
f 1848/1922/1888 1912/1981/1888 1849/1924/1888
f 1822/1923/1889 1886/1982/1889 1823/1925/1889
f 1850/1926/1890 1912/1981/1890 1913/1983/1890
f 1824/1927/1891 1886/1982/1891 1887/1984/1891
f 1850/1926/1892 1914/1985/1892 1851/1928/1892
f 1824/1927/1893 1888/1986/1893 1825/1929/1893
f 1852/1930/1894 1914/1985/1894 1915/1987/1894
f 1826/1931/1895 1888/1986/1895 1889/1988/1895
f 1853/1932/1896 1915/1987/1896 1916/1989/1896
f 1827/1933/1897 1889/1988/1897 1890/1990/1897
f 1853/1932/1898 1917/1991/1898 1854/1934/1898
f 1827/1933/1899 1891/1992/1899 1828/1935/1899
f 1855/1936/1900 1917/1991/1900 1918/1993/1900
f 1829/1937/1901 1891/1992/1901 1892/1994/1901
f 1856/1938/1902 1918/1993/1902 1919/1995/1902
f 1829/1937/1903 1893/1996/1903 1830/1939/1903
f 1856/1938/1904 1920/1997/1904 1857/1940/1904
f 1831/1941/1905 1893/1996/1905 1894/1998/1905
f 1858/1942/1906 1920/1997/1906 1921/1999/1906
f 1832/1943/1907 1894/1998/1907 1895/2000/1907
f 1806/1945/1908 2058/2001/1908 1869/2002/1908
f 1858/1942/1909 1922/2003/1909 1859/1946/1909
f 1832/1943/1910 1896/2004/1910 1833/1947/1910
f 1806/1945/1911 1870/2005/1911 1807/1948/1911
f 1859/1946/1912 1923/2006/1912 1860/1884/1912
f 1833/1947/1913 1897/2007/1913 1834/1886/1913
f 1807/1948/1914 1871/2008/1914 1808/1888/1914
f 1860/1884/1915 1924/2009/1915 1861/1885/1915
f 1835/1887/1916 1897/2007/1916 1898/2010/1916
f 1808/1888/1917 1872/2011/1917 1809/1889/1917
f 1862/1890/1918 1924/2009/1918 1925/2012/1918
f 1835/1887/1919 1899/1950/1919 1836/1891/1919
f 1810/1892/1920 1872/2011/1920 1873/2013/1920
f 1927/1953/1921 1991/2014/1921 1928/1956/1921
f 1902/1957/1922 1964/2015/1922 1965/2016/1922
f 1875/1955/1923 1939/2017/1923 1876/1958/1923
f 1928/1956/1924 1992/2018/1924 1929/1959/1924
f 1902/1957/1925 1966/2019/1925 1903/1960/1925
f 1876/1958/1926 1940/2020/1926 1877/1961/1926
f 1930/1962/1927 1992/2018/1927 1993/2021/1927
f 1904/1963/1928 1966/2019/1928 1967/2022/1928
f 1878/1964/1929 1940/2020/1929 1941/2023/1929
f 1930/1962/1930 1994/2024/1930 1931/1965/1930
f 1905/1966/1931 1967/2022/1931 1968/2025/1931
f 1878/1964/1932 1942/2026/1932 1879/1967/1932
f 2752/2027/1933 1931/1965/1933 1994/2024/1933
f 1905/1966/1934 1969/2028/1934 1906/1969/1934
f 1879/1967/1935 1943/2029/1935 1880/1970/1935
f 1906/1969/1936 1970/2030/1936 1907/1971/1936
f 1881/1972/1937 1943/2029/1937 1944/2031/1937
f 1908/1973/1938 1970/2030/1938 1971/2032/1938
f 1881/1972/1939 1945/2033/1939 1882/1974/1939
f 1908/1973/1940 1972/2034/1940 1909/1975/1940
f 1882/1974/1941 1946/2035/1941 1883/1976/1941
f 1910/1977/1942 1972/2034/1942 1973/2036/1942
f 1884/1978/1943 1946/2035/1943 1947/2037/1943
f 1910/1977/1944 1974/2038/1944 1911/1979/1944
f 1884/1978/1945 1948/2039/1945 1885/1980/1945
f 1911/1979/1946 1975/2040/1946 1912/1981/1946
f 1885/1980/1947 1949/2041/1947 1886/1982/1947
f 1913/1983/1948 1975/2040/1948 1976/2042/1948
f 1887/1984/1949 1949/2041/1949 1950/2043/1949
f 1913/1983/1950 1977/2044/1950 1914/1985/1950
f 1887/1984/1951 1951/2045/1951 1888/1986/1951
f 1915/1987/1952 1977/2044/1952 1978/2046/1952
f 1889/1988/1953 1951/2045/1953 1952/2047/1953
f 1916/1989/1954 1978/2046/1954 1979/2048/1954
f 1890/1990/1955 1952/2047/1955 1953/2049/1955
f 1916/1989/1956 1980/2050/1956 1917/1991/1956
f 1890/1990/1957 1954/2051/1957 1891/1992/1957
f 1917/1991/1958 1981/2052/1958 1918/1993/1958
f 1892/1994/1959 1954/2051/1959 1955/2053/1959
f 1919/1995/1960 1981/2052/1960 1982/2054/1960
f 1892/1994/1961 1956/2055/1961 1893/1996/1961
f 1919/1995/1962 1983/2056/1962 1920/1997/1962
f 1894/1998/1963 1956/2055/1963 1957/2057/1963
f 1921/1999/1964 1983/2056/1964 1984/2058/1964
f 1895/2000/1965 1957/2057/1965 1958/2059/1965
f 1869/2002/1966 2058/2060/1966 1932/2061/1966
f 1922/2003/1967 1984/2058/1967 1985/2062/1967
f 1895/2000/1968 1959/2063/1968 1896/2004/1968
f 1869/2002/1969 1933/2064/1969 1870/2005/1969
f 1922/2003/1970 1986/2065/1970 1923/2006/1970
f 1896/2004/1971 1960/2066/1971 1897/2007/1971
f 1870/2005/1972 1934/2067/1972 1871/2008/1972
f 1923/2006/1973 1987/2068/1973 1924/2009/1973
f 1898/2010/1974 1960/2066/1974 1961/2069/1974
f 1871/2008/1975 1935/2070/1975 1872/2011/1975
f 1925/2012/1976 1987/2068/1976 1988/2071/1976
f 1898/2010/1977 1962/2072/1977 1899/1950/1977
f 1873/2013/1978 1935/2070/1978 1936/2073/1978
f 1925/2012/1979 1989/2074/1979 1926/1949/1979
f 1900/1951/1980 1962/2072/1980 1963/2075/1980
f 1874/1952/1981 1936/2073/1981 1937/2076/1981
f 1926/1949/1982 1990/2077/1982 1927/1953/1982
f 1900/1951/1983 1964/2015/1983 1901/1954/1983
f 1875/1955/1984 1937/2076/1984 1938/2078/1984
f 1992/2018/1985 2056/2079/1985 1993/2021/1985
f 1967/2022/1986 2029/2080/1986 2030/2081/1986
f 1941/2023/1987 2003/2082/1987 2004/2083/1987
f 1993/2021/1988 2057/2084/1988 1994/2024/1988
f 1968/2025/1989 2030/2081/1989 2031/2085/1989
f 1941/2023/1990 2005/2086/1990 1942/2026/1990
f 2752/2087/1991 1994/2024/1991 2057/2084/1991
f 1968/2025/1992 2032/2088/1992 1969/2028/1992
f 1942/2026/1993 2006/2089/1993 1943/2029/1993
f 1969/2028/1994 2033/2090/1994 1970/2030/1994
f 1944/2031/1995 2006/2089/1995 2007/2091/1995
f 1971/2032/1996 2033/2090/1996 2034/2092/1996
f 1944/2031/1997 2008/2093/1997 1945/2033/1997
f 1971/2032/1998 2035/2094/1998 1972/2034/1998
f 1945/2033/1999 2009/2095/1999 1946/2035/1999
f 1973/2036/2000 2035/2094/2000 2036/2096/2000
f 1947/2037/2001 2009/2095/2001 2010/2097/2001
f 1973/2036/2002 2037/2098/2002 1974/2038/2002
f 1947/2037/2003 2011/2099/2003 1948/2039/2003
f 1974/2038/2004 2038/2100/2004 1975/2040/2004
f 1948/2039/2005 2012/2101/2005 1949/2041/2005
f 1976/2042/2006 2038/2100/2006 2039/2102/2006
f 1950/2043/2007 2012/2101/2007 2013/2103/2007
f 1976/2042/2008 2040/2104/2008 1977/2044/2008
f 1950/2043/2009 2014/2105/2009 1951/2045/2009
f 1978/2046/2010 2040/2104/2010 2041/2106/2010
f 1952/2047/2011 2014/2105/2011 2015/2107/2011
f 1979/2048/2012 2041/2106/2012 2042/2108/2012
f 1953/2049/2013 2015/2107/2013 2016/2109/2013
f 1979/2048/2014 2043/2110/2014 1980/2050/2014
f 1953/2049/2015 2017/2111/2015 1954/2051/2015
f 1980/2050/2016 2044/2112/2016 1981/2052/2016
f 1955/2053/2017 2017/2111/2017 2018/2113/2017
f 1982/2054/2018 2044/2112/2018 2045/2114/2018
f 1955/2053/2019 2019/2115/2019 1956/2055/2019
f 1982/2054/2020 2046/2116/2020 1983/2056/2020
f 1957/2057/2021 2019/2115/2021 2020/2117/2021
f 1984/2058/2022 2046/2116/2022 2047/2118/2022
f 1958/2059/2023 2020/2117/2023 2021/2119/2023
f 1932/2061/2024 2058/2120/2024 1995/2121/2024
f 1984/2058/2025 2048/2122/2025 1985/2062/2025
f 1958/2059/2026 2022/2123/2026 1959/2063/2026
f 1932/2061/2027 1996/2124/2027 1933/2064/2027
f 1985/2062/2028 2049/2125/2028 1986/2065/2028
f 1959/2063/2029 2023/2126/2029 1960/2066/2029
f 1933/2064/2030 1997/2127/2030 1934/2067/2030
f 1987/2068/2031 2049/2125/2031 2050/2128/2031
f 1961/2069/2032 2023/2126/2032 2024/2129/2032
f 1935/2070/2033 1997/2127/2033 1998/2130/2033
f 1988/2071/2034 2050/2128/2034 2051/2131/2034
f 1961/2069/2035 2025/2132/2035 1962/2072/2035
f 1936/2073/2036 1998/2130/2036 1999/2133/2036
f 1988/2071/2037 2052/2134/2037 1989/2074/2037
f 1963/2075/2038 2025/2132/2038 2026/2135/2038
f 1936/2073/2039 2000/2136/2039 1937/2076/2039
f 1990/2077/2040 2052/2134/2040 2053/2137/2040
f 1963/2075/2041 2027/2138/2041 1964/2015/2041
f 1937/2076/2042 2001/2139/2042 1938/2078/2042
f 1990/2077/2043 2054/2140/2043 1991/2014/2043
f 1965/2016/2044 2027/2138/2044 2028/2141/2044
f 1938/2078/2045 2002/2142/2045 1939/2017/2045
f 1991/2014/2046 2055/2143/2046 1992/2018/2046
f 1965/2016/2047 2029/2080/2047 1966/2019/2047
f 1939/2017/2048 2003/2082/2048 1940/2020/2048
f 2752/2144/2049 2057/2084/2049 2121/2145/2049
f 2031/2085/2050 2096/2146/2050 2032/2088/2050
f 2005/2086/2051 2070/2147/2051 2006/2089/2051
f 2032/2088/2052 2097/2148/2052 2033/2090/2052
f 2007/2091/2053 2070/2147/2053 2071/2149/2053
f 2034/2092/2054 2097/2148/2054 2098/2150/2054
f 2007/2091/2055 2072/2151/2055 2008/2093/2055
f 2034/2092/2056 2099/2152/2056 2035/2094/2056
f 2008/2093/2057 2073/2153/2057 2009/2095/2057
f 2036/2096/2058 2099/2152/2058 2100/2154/2058
f 2010/2097/2059 2073/2153/2059 2074/2155/2059
f 2036/2096/2060 2101/2156/2060 2037/2098/2060
f 2010/2097/2061 2075/2157/2061 2011/2099/2061
f 2037/2098/2062 2102/2158/2062 2038/2100/2062
f 2011/2099/2063 2076/2159/2063 2012/2101/2063
f 2039/2102/2064 2102/2158/2064 2103/2160/2064
f 2013/2103/2065 2076/2159/2065 2077/2161/2065
f 2039/2102/2066 2104/2162/2066 2040/2104/2066
f 2013/2103/2067 2078/2163/2067 2014/2105/2067
f 2041/2106/2068 2104/2162/2068 2105/2164/2068
f 2015/2107/2069 2078/2163/2069 2079/2165/2069
f 2042/2108/2070 2105/2164/2070 2106/2166/2070
f 2016/2109/2071 2079/2165/2071 2080/2167/2071
f 2042/2108/2072 2107/2168/2072 2043/2110/2072
f 2016/2109/2073 2081/2169/2073 2017/2111/2073
f 2043/2110/2074 2108/2170/2074 2044/2112/2074
f 2018/2113/2075 2081/2169/2075 2082/2171/2075
f 2045/2114/2076 2108/2170/2076 2109/2172/2076
f 2018/2113/2077 2083/2173/2077 2019/2115/2077
f 2045/2114/2078 2110/2174/2078 2046/2116/2078
f 2020/2117/2079 2083/2173/2079 2084/2175/2079
f 2047/2118/2080 2110/2174/2080 2111/2176/2080
f 2021/2119/2081 2084/2175/2081 2085/2177/2081
f 1995/2121/2082 2058/2178/2082 2059/2179/2082
f 2048/2122/2083 2111/2176/2083 2112/2180/2083
f 2021/2119/2084 2086/2181/2084 2022/2123/2084
f 1995/2121/2085 2060/2182/2085 1996/2124/2085
f 2048/2122/2086 2113/2183/2086 2049/2125/2086
f 2022/2123/2087 2087/2184/2087 2023/2126/2087
f 1996/2124/2088 2061/2185/2088 1997/2127/2088
f 2050/2128/2089 2113/2183/2089 2114/2186/2089
f 2024/2129/2090 2087/2184/2090 2088/2187/2090
f 1997/2127/2091 2062/2188/2091 1998/2130/2091
f 2051/2131/2092 2114/2186/2092 2115/2189/2092
f 2024/2129/2093 2089/2190/2093 2025/2132/2093
f 1999/2133/2094 2062/2188/2094 2063/2191/2094
f 2051/2131/2095 2116/2192/2095 2052/2134/2095
f 2026/2135/2096 2089/2190/2096 2090/2193/2096
f 2000/2136/2097 2063/2191/2097 2064/2194/2097
f 2053/2137/2098 2116/2192/2098 2117/2195/2098
f 2026/2135/2099 2091/2196/2099 2027/2138/2099
f 2001/2139/2100 2064/2194/2100 2065/2197/2100
f 2053/2137/2101 2118/2198/2101 2054/2140/2101
f 2028/2141/2102 2091/2196/2102 2092/2199/2102
f 2001/2139/2103 2066/2200/2103 2002/2142/2103
f 2055/2143/2104 2118/2198/2104 2119/2201/2104
f 2028/2141/2105 2093/2202/2105 2029/2080/2105
f 2002/2142/2106 2067/2203/2106 2003/2082/2106
f 2056/2079/2107 2119/2201/2107 2120/2204/2107
f 2030/2081/2108 2093/2202/2108 2094/2205/2108
f 2004/2083/2109 2067/2203/2109 2068/2206/2109
f 2056/2079/2110 2121/2145/2110 2057/2084/2110
f 2031/2085/2111 2094/2205/2111 2095/2207/2111
f 2005/2086/2112 2068/2206/2112 2069/2208/2112
f 2098/2150/2113 2160/2209/2113 2161/2210/2113
f 2071/2149/2114 2135/2211/2114 2072/2151/2114
f 2098/2150/2115 2162/2212/2115 2099/2152/2115
f 2073/2153/2116 2135/2211/2116 2136/2213/2116
f 2100/2154/2117 2162/2212/2117 2163/2214/2117
f 2074/2155/2118 2136/2213/2118 2137/2215/2118
f 2100/2154/2119 2164/2216/2119 2101/2156/2119
f 2074/2155/2120 2138/2217/2120 2075/2157/2120
f 2101/2156/2121 2165/2218/2121 2102/2158/2121
f 2075/2157/2122 2139/2219/2122 2076/2159/2122
f 2103/2160/2123 2165/2218/2123 2166/2220/2123
f 2077/2161/2124 2139/2219/2124 2140/2221/2124
f 2103/2160/2125 2167/2222/2125 2104/2162/2125
f 2077/2161/2126 2141/2223/2126 2078/2163/2126
f 2105/2164/2127 2167/2222/2127 2168/2224/2127
f 2079/2165/2128 2141/2223/2128 2142/2225/2128
f 2106/2166/2129 2168/2224/2129 2169/2226/2129
f 2080/2167/2130 2142/2225/2130 2143/2227/2130
f 2106/2166/2131 2170/2228/2131 2107/2168/2131
f 2080/2167/2132 2144/2229/2132 2081/2169/2132
f 2108/2170/2133 2170/2228/2133 2171/2230/2133
f 2082/2171/2134 2144/2229/2134 2145/2231/2134
f 2109/2172/2135 2171/2230/2135 2172/2232/2135
f 2082/2171/2136 2146/2233/2136 2083/2173/2136
f 2109/2172/2137 2173/2234/2137 2110/2174/2137
f 2084/2175/2138 2146/2233/2138 2147/2235/2138
f 2111/2176/2139 2173/2234/2139 2174/2236/2139
f 2085/2177/2140 2147/2235/2140 2148/2237/2140
f 2059/2179/2141 2058/2238/2141 2122/2239/2141
f 2112/2180/2142 2174/2236/2142 2175/2240/2142
f 2085/2177/2143 2149/2241/2143 2086/2181/2143
f 2060/2182/2144 2122/2239/2144 2123/2242/2144
f 2112/2180/2145 2176/2243/2145 2113/2183/2145
f 2086/2181/2146 2150/2244/2146 2087/2184/2146
f 2060/2182/2147 2124/2245/2147 2061/2185/2147
f 2114/2186/2148 2176/2243/2148 2177/2246/2148
f 2088/2187/2149 2150/2244/2149 2151/2247/2149
f 2062/2188/2150 2124/2245/2150 2125/2248/2150
f 2115/2189/2151 2177/2246/2151 2178/2249/2151
f 2088/2187/2152 2152/2250/2152 2089/2190/2152
f 2063/2191/2153 2125/2248/2153 2126/2251/2153
f 2115/2189/2154 2179/2252/2154 2116/2192/2154
f 2090/2193/2155 2152/2250/2155 2153/2253/2155
f 2063/2191/2156 2127/2254/2156 2064/2194/2156
f 2117/2195/2157 2179/2252/2157 2180/2255/2157
f 2090/2193/2158 2154/2256/2158 2091/2196/2158
f 2065/2197/2159 2127/2254/2159 2128/2257/2159
f 2117/2195/2160 2181/2258/2160 2118/2198/2160
f 2092/2199/2161 2154/2256/2161 2155/2259/2161
f 2065/2197/2162 2129/2260/2162 2066/2200/2162
f 2119/2201/2163 2181/2258/2163 2182/2261/2163
f 2092/2199/2164 2156/2262/2164 2093/2202/2164
f 2066/2200/2165 2130/2263/2165 2067/2203/2165
f 2120/2204/2166 2182/2261/2166 2183/2264/2166
f 2094/2205/2167 2156/2262/2167 2157/2265/2167
f 2068/2206/2168 2130/2263/2168 2131/2266/2168
f 2121/2145/2169 2183/2264/2169 2184/2267/2169
f 2095/2207/2170 2157/2265/2170 2158/2268/2170
f 2068/2206/2171 2132/2269/2171 2069/2208/2171
f 2752/2270/2172 2121/2145/2172 2184/2267/2172
f 2095/2207/2173 2159/2271/2173 2096/2146/2173
f 2069/2208/2174 2133/2272/2174 2070/2147/2174
f 2096/2146/2175 2160/2209/2175 2097/2148/2175
f 2071/2149/2176 2133/2272/2176 2134/2273/2176
f 2163/2214/2177 2225/2274/2177 2226/2275/2177
f 2137/2215/2178 2199/2276/2178 2200/2277/2178
f 2163/2214/2179 2227/2278/2179 2164/2216/2179
f 2137/2215/2180 2201/2279/2180 2138/2217/2180
f 2164/2216/2181 2228/2280/2181 2165/2218/2181
f 2138/2217/2182 2202/2281/2182 2139/2219/2182
f 2166/2220/2183 2228/2280/2183 2229/2282/2183
f 2140/2221/2184 2202/2281/2184 2203/2283/2184
f 2166/2220/2185 2230/2284/2185 2167/2222/2185
f 2140/2221/2186 2204/2285/2186 2141/2223/2186
f 2168/2224/2187 2230/2284/2187 2231/2286/2187
f 2142/2225/2188 2204/2285/2188 2205/2287/2188
f 2169/2226/2189 2231/2286/2189 2232/2288/2189
f 2143/2227/2190 2205/2287/2190 2206/2289/2190
f 2169/2226/2191 2233/2290/2191 2170/2228/2191
f 2143/2227/2192 2207/2291/2192 2144/2229/2192
f 2170/2228/2193 2234/2292/2193 2171/2230/2193
f 2145/2231/2194 2207/2291/2194 2208/2293/2194
f 2172/2232/2195 2234/2292/2195 2235/2294/2195
f 2145/2231/2196 2209/2295/2196 2146/2233/2196
f 2172/2232/2197 2236/2296/2197 2173/2234/2197
f 2147/2235/2198 2209/2295/2198 2210/2297/2198
f 2174/2236/2199 2236/2296/2199 2237/2298/2199
f 2148/2237/2200 2210/2297/2200 2211/2299/2200
f 2122/2239/2201 2058/2300/2201 2185/2301/2201
f 2174/2236/2202 2238/2302/2202 2175/2240/2202
f 2148/2237/2203 2212/2303/2203 2149/2241/2203
f 2122/2239/2204 2186/2304/2204 2123/2242/2204
f 2175/2240/2205 2239/2305/2205 2176/2243/2205
f 2149/2241/2206 2213/2306/2206 2150/2244/2206
f 2123/2242/2207 2187/2307/2207 2124/2245/2207
f 2177/2246/2208 2239/2305/2208 2240/2308/2208
f 2151/2247/2209 2213/2306/2209 2214/2309/2209
f 2124/2245/2210 2188/2310/2210 2125/2248/2210
f 2178/2249/2211 2240/2308/2211 2241/2311/2211
f 2151/2247/2212 2215/2312/2212 2152/2250/2212
f 2126/2251/2213 2188/2310/2213 2189/2313/2213
f 2178/2249/2214 2242/2314/2214 2179/2252/2214
f 2153/2253/2215 2215/2312/2215 2216/2315/2215
f 2126/2251/2216 2190/2316/2216 2127/2254/2216
f 2180/2255/2217 2242/2314/2217 2243/2317/2217
f 2153/2253/2218 2217/2318/2218 2154/2256/2218
f 2128/2257/2219 2190/2316/2219 2191/2319/2219
f 2180/2255/2220 2244/2320/2220 2181/2258/2220
f 2155/2259/2221 2217/2318/2221 2218/2321/2221
f 2128/2257/2222 2192/2322/2222 2129/2260/2222
f 2181/2258/2223 2245/2323/2223 2182/2261/2223
f 2155/2259/2224 2219/2324/2224 2156/2262/2224
f 2129/2260/2225 2193/2325/2225 2130/2263/2225
f 2183/2264/2226 2245/2323/2226 2246/2326/2226
f 2157/2265/2227 2219/2324/2227 2220/2327/2227
f 2131/2266/2228 2193/2325/2228 2194/2328/2228
f 2183/2264/2229 2247/2329/2229 2184/2267/2229
f 2158/2268/2230 2220/2327/2230 2221/2330/2230
f 2132/2269/2231 2194/2328/2231 2195/2331/2231
f 2752/2332/2232 2184/2267/2232 2247/2329/2232
f 2158/2268/2233 2222/2333/2233 2159/2271/2233
f 2132/2269/2234 2196/2334/2234 2133/2272/2234
f 2159/2271/2235 2223/2335/2235 2160/2209/2235
f 2134/2273/2236 2196/2334/2236 2197/2336/2236
f 2161/2210/2237 2223/2335/2237 2224/2337/2237
f 2134/2273/2238 2198/2338/2238 2135/2211/2238
f 2161/2210/2239 2225/2274/2239 2162/2212/2239
f 2135/2211/2240 2199/2276/2240 2136/2213/2240
f 2227/2278/2241 2291/2339/2241 2228/2280/2241
f 2201/2279/2242 2265/2340/2242 2202/2281/2242
f 2229/2282/2243 2291/2339/2243 2292/2341/2243
f 2203/2283/2244 2265/2340/2244 2266/2342/2244
f 2229/2282/2245 2293/2343/2245 2230/2284/2245
f 2203/2283/2246 2267/2344/2246 2204/2285/2246
f 2231/2286/2247 2293/2343/2247 2294/2345/2247
f 2205/2287/2248 2267/2344/2248 2268/2346/2248
f 2232/2288/2249 2294/2345/2249 2295/2347/2249
f 2206/2289/2250 2268/2346/2250 2269/2348/2250
f 2232/2288/2251 2296/2349/2251 2233/2290/2251
f 2206/2289/2252 2270/2350/2252 2207/2291/2252
f 2233/2290/2253 2297/2351/2253 2234/2292/2253
f 2208/2293/2254 2270/2350/2254 2271/2352/2254
f 2235/2294/2255 2297/2351/2255 2298/2353/2255
f 2208/2293/2256 2272/2354/2256 2209/2295/2256
f 2235/2294/2257 2299/2355/2257 2236/2296/2257
f 2210/2297/2258 2272/2354/2258 2273/2356/2258
f 2237/2298/2259 2299/2355/2259 2300/2357/2259
f 2211/2299/2260 2273/2356/2260 2274/2358/2260
f 2185/2301/2261 2058/2359/2261 2248/2360/2261
f 2237/2298/2262 2301/2361/2262 2238/2302/2262
f 2211/2299/2263 2275/2362/2263 2212/2303/2263
f 2185/2301/2264 2249/2363/2264 2186/2304/2264
f 2238/2302/2265 2302/2364/2265 2239/2305/2265
f 2212/2303/2266 2276/2365/2266 2213/2306/2266
f 2186/2304/2267 2250/2366/2267 2187/2307/2267
f 2240/2308/2268 2302/2364/2268 2303/2367/2268
f 2214/2309/2269 2276/2365/2269 2277/2368/2269
f 2187/2307/2270 2251/2369/2270 2188/2310/2270
f 2241/2311/2271 2303/2367/2271 2304/2370/2271
f 2214/2309/2272 2278/2371/2272 2215/2312/2272
f 2189/2313/2273 2251/2369/2273 2252/2372/2273
f 2241/2311/2274 2305/2373/2274 2242/2314/2274
f 2216/2315/2275 2278/2371/2275 2279/2374/2275
f 2189/2313/2276 2253/2375/2276 2190/2316/2276
f 2243/2317/2277 2305/2373/2277 2306/2376/2277
f 2216/2315/2278 2280/2377/2278 2217/2318/2278
f 2191/2319/2279 2253/2375/2279 2254/2378/2279
f 2243/2317/2280 2307/2379/2280 2244/2320/2280
f 2218/2321/2281 2280/2377/2281 2281/2380/2281
f 2191/2319/2282 2255/2381/2282 2192/2322/2282
f 2245/2323/2283 2307/2379/2283 2308/2382/2283
f 2218/2321/2284 2282/2383/2284 2219/2324/2284
f 2192/2322/2285 2256/2384/2285 2193/2325/2285
f 2246/2326/2286 2308/2382/2286 2309/2385/2286
f 2220/2327/2287 2282/2383/2287 2283/2386/2287
f 2194/2328/2288 2256/2384/2288 2257/2387/2288
f 2247/2329/2289 2309/2385/2289 2310/2388/2289
f 2221/2330/2290 2283/2386/2290 2284/2389/2290
f 2195/2331/2291 2257/2387/2291 2258/2390/2291
f 2752/2391/2292 2247/2329/2292 2310/2388/2292
f 2221/2330/2293 2285/2392/2293 2222/2333/2293
f 2195/2331/2294 2259/2393/2294 2196/2334/2294
f 2222/2333/2295 2286/2394/2295 2223/2335/2295
f 2197/2336/2296 2259/2393/2296 2260/2395/2296
f 2224/2337/2297 2286/2394/2297 2287/2396/2297
f 2197/2336/2298 2261/2397/2298 2198/2338/2298
f 2224/2337/2299 2288/2398/2299 2225/2274/2299
f 2198/2338/2300 2262/2399/2300 2199/2276/2300
f 2226/2275/2301 2288/2398/2301 2289/2400/2301
f 2200/2277/2302 2262/2399/2302 2263/2401/2302
f 2226/2275/2303 2290/2402/2303 2227/2278/2303
f 2200/2277/2304 2264/2403/2304 2201/2279/2304
f 2292/2341/2305 2356/2404/2305 2293/2343/2305
f 2266/2342/2306 2330/2405/2306 2267/2344/2306
f 2294/2345/2307 2356/2404/2307 2357/2406/2307
f 2268/2346/2308 2330/2405/2308 2331/2407/2308
f 2295/2347/2309 2357/2406/2309 2358/2408/2309
f 2269/2348/2310 2331/2407/2310 2332/2409/2310
f 2295/2347/2311 2359/2410/2311 2296/2349/2311
f 2269/2348/2312 2333/2411/2312 2270/2350/2312
f 2297/2351/2313 2359/2410/2313 2360/2412/2313
f 2271/2352/2314 2333/2411/2314 2334/2413/2314
f 2298/2353/2315 2360/2412/2315 2361/2414/2315
f 2271/2352/2316 2335/2415/2316 2272/2354/2316
f 2298/2353/2317 2362/2416/2317 2299/2355/2317
f 2273/2356/2318 2335/2415/2318 2336/2417/2318
f 2300/2357/2319 2362/2416/2319 2363/2418/2319
f 2274/2358/2320 2336/2417/2320 2337/2419/2320
f 2248/2360/2321 2058/2420/2321 2311/2421/2321
f 2300/2357/2322 2364/2422/2322 2301/2361/2322
f 2274/2358/2323 2338/2423/2323 2275/2362/2323
f 2248/2360/2324 2312/2424/2324 2249/2363/2324
f 2301/2361/2325 2365/2425/2325 2302/2364/2325
f 2275/2362/2326 2339/2426/2326 2276/2365/2326
f 2249/2363/2327 2313/2427/2327 2250/2366/2327
f 2303/2367/2328 2365/2425/2328 2366/2428/2328
f 2277/2368/2329 2339/2426/2329 2340/2429/2329
f 2250/2366/2330 2314/2430/2330 2251/2369/2330
f 2304/2370/2331 2366/2428/2331 2367/2431/2331
f 2277/2368/2332 2341/2432/2332 2278/2371/2332
f 2252/2372/2333 2314/2430/2333 2315/2433/2333
f 2304/2370/2334 2368/2434/2334 2305/2373/2334
f 2279/2374/2335 2341/2432/2335 2342/2435/2335
f 2252/2372/2336 2316/2436/2336 2253/2375/2336
f 2306/2376/2337 2368/2434/2337 2369/2437/2337
f 2279/2374/2338 2343/2438/2338 2280/2377/2338
f 2254/2378/2339 2316/2436/2339 2317/2439/2339
f 2306/2376/2340 2370/2440/2340 2307/2379/2340
f 2281/2380/2341 2343/2438/2341 2344/2441/2341
f 2254/2378/2342 2318/2442/2342 2255/2381/2342
f 2308/2382/2343 2370/2440/2343 2371/2443/2343
f 2281/2380/2344 2345/2444/2344 2282/2383/2344
f 2255/2381/2345 2319/2445/2345 2256/2384/2345
f 2309/2385/2346 2371/2443/2346 2372/2446/2346
f 2283/2386/2347 2345/2444/2347 2346/2447/2347
f 2257/2387/2348 2319/2445/2348 2320/2448/2348
f 2310/2388/2349 2372/2446/2349 2373/2449/2349
f 2284/2389/2350 2346/2447/2350 2347/2450/2350
f 2258/2390/2351 2320/2448/2351 2321/2451/2351
f 2752/2452/2352 2310/2388/2352 2373/2449/2352
f 2284/2389/2353 2348/2453/2353 2285/2392/2353
f 2258/2390/2354 2322/2454/2354 2259/2393/2354
f 2285/2392/2355 2349/2455/2355 2286/2394/2355
f 2260/2395/2356 2322/2454/2356 2323/2456/2356
f 2287/2396/2357 2349/2455/2357 2350/2457/2357
f 2260/2395/2358 2324/2458/2358 2261/2397/2358
f 2287/2396/2359 2351/2459/2359 2288/2398/2359
f 2261/2397/2360 2325/2460/2360 2262/2399/2360
f 2289/2400/2361 2351/2459/2361 2352/2461/2361
f 2263/2401/2362 2325/2460/2362 2326/2462/2362
f 2289/2400/2363 2353/2463/2363 2290/2402/2363
f 2263/2401/2364 2327/2464/2364 2264/2403/2364
f 2290/2402/2365 2354/2465/2365 2291/2339/2365
f 2264/2403/2366 2328/2466/2366 2265/2340/2366
f 2292/2341/2367 2354/2465/2367 2355/2467/2367
f 2266/2342/2368 2328/2466/2368 2329/2468/2368
f 2358/2408/2369 2420/2469/2369 2421/2470/2369
f 2332/2409/2370 2394/2471/2370 2395/2472/2370
f 2358/2408/2371 2422/2473/2371 2359/2410/2371
f 2332/2409/2372 2396/2474/2372 2333/2411/2372
f 2360/2412/2373 2422/2473/2373 2423/2475/2373
f 2334/2413/2374 2396/2474/2374 2397/2476/2374
f 2361/2414/2375 2423/2475/2375 2424/2477/2375
f 2334/2413/2376 2398/2478/2376 2335/2415/2376
f 2361/2414/2377 2425/2479/2377 2362/2416/2377
f 2336/2417/2378 2398/2478/2378 2399/2480/2378
f 2363/2418/2379 2425/2479/2379 2426/2481/2379
f 2336/2417/2380 2400/2482/2380 2337/2419/2380
f 2311/2421/2381 2058/2483/2381 2374/2484/2381
f 2364/2422/2382 2426/2481/2382 2427/2485/2382
f 2337/2419/2383 2401/2486/2383 2338/2423/2383
f 2311/2421/2384 2375/2487/2384 2312/2424/2384
f 2364/2422/2385 2428/2488/2385 2365/2425/2385
f 2338/2423/2386 2402/2489/2386 2339/2426/2386
f 2312/2424/2387 2376/2490/2387 2313/2427/2387
f 2366/2428/2388 2428/2488/2388 2429/2491/2388
f 2340/2429/2389 2402/2489/2389 2403/2492/2389
f 2313/2427/2390 2377/2493/2390 2314/2430/2390
f 2367/2431/2391 2429/2491/2391 2430/2494/2391
f 2340/2429/2392 2404/2495/2392 2341/2432/2392
f 2314/2430/2393 2378/2496/2393 2315/2433/2393
f 2367/2431/2394 2431/2497/2394 2368/2434/2394
f 2342/2435/2395 2404/2495/2395 2405/2498/2395
f 2315/2433/2396 2379/2499/2396 2316/2436/2396
f 2368/2434/2397 2432/2500/2397 2369/2437/2397
f 2342/2435/2398 2406/2501/2398 2343/2438/2398
f 2317/2439/2399 2379/2499/2399 2380/2502/2399
f 2369/2437/2400 2433/2503/2400 2370/2440/2400
f 2344/2441/2401 2406/2501/2401 2407/2504/2401
f 2317/2439/2402 2381/2505/2402 2318/2442/2402
f 2371/2443/2403 2433/2503/2403 2434/2506/2403
f 2344/2441/2404 2408/2507/2404 2345/2444/2404
f 2318/2442/2405 2382/2508/2405 2319/2445/2405
f 2372/2446/2406 2434/2506/2406 2435/2509/2406
f 2345/2444/2407 2409/2510/2407 2346/2447/2407
f 2320/2448/2408 2382/2508/2408 2383/2511/2408
f 2373/2449/2409 2435/2509/2409 2436/2512/2409
f 2347/2450/2410 2409/2510/2410 2410/2513/2410
f 2321/2451/2411 2383/2511/2411 2384/2514/2411
f 2752/2515/2412 2373/2449/2412 2436/2512/2412
f 2348/2453/2413 2410/2513/2413 2411/2516/2413
f 2321/2451/2414 2385/2517/2414 2322/2454/2414
f 2348/2453/2415 2412/2518/2415 2349/2455/2415
f 2323/2456/2416 2385/2517/2416 2386/2519/2416
f 2350/2457/2417 2412/2518/2417 2413/2520/2417
f 2323/2456/2418 2387/2521/2418 2324/2458/2418
f 2350/2457/2419 2414/2522/2419 2351/2459/2419
f 2324/2458/2420 2388/2523/2420 2325/2460/2420
f 2352/2461/2421 2414/2522/2421 2415/2524/2421
f 2326/2462/2422 2388/2523/2422 2389/2525/2422
f 2352/2461/2423 2416/2526/2423 2353/2463/2423
f 2326/2462/2424 2390/2527/2424 2327/2464/2424
f 2353/2463/2425 2417/2528/2425 2354/2465/2425
f 2327/2464/2426 2391/2529/2426 2328/2466/2426
f 2355/2467/2427 2417/2528/2427 2418/2530/2427
f 2329/2468/2428 2391/2529/2428 2392/2531/2428
f 2355/2467/2429 2419/2532/2429 2356/2404/2429
f 2329/2468/2430 2393/2533/2430 2330/2405/2430
f 2357/2406/2431 2419/2532/2431 2420/2469/2431
f 2331/2407/2432 2393/2533/2432 2394/2471/2432
f 2423/2475/2433 2485/2534/2433 2486/2535/2433
f 2397/2476/2434 2459/2536/2434 2460/2537/2434
f 2424/2477/2435 2486/2535/2435 2487/2538/2435
f 2397/2476/2436 2461/2539/2436 2398/2478/2436
f 2424/2477/2437 2488/2540/2437 2425/2479/2437
f 2399/2480/2438 2461/2539/2438 2462/2541/2438
f 2426/2481/2439 2488/2540/2439 2489/2542/2439
f 2399/2480/2440 2463/2543/2440 2400/2482/2440
f 2374/2484/2441 2058/2544/2441 2437/2545/2441
f 2426/2481/2442 2490/2546/2442 2427/2485/2442
f 2400/2482/2443 2464/2547/2443 2401/2486/2443
f 2374/2484/2444 2438/2548/2444 2375/2487/2444
f 2427/2485/2445 2491/2549/2445 2428/2488/2445
f 2402/2489/2446 2464/2547/2446 2465/2550/2446
f 2375/2487/2447 2439/2551/2447 2376/2490/2447
f 2429/2491/2448 2491/2549/2448 2492/2552/2448
f 2403/2492/2449 2465/2550/2449 2466/2553/2449
f 2377/2493/2450 2439/2551/2450 2440/2554/2450
f 2430/2494/2451 2492/2552/2451 2493/2555/2451
f 2403/2492/2452 2467/2556/2452 2404/2495/2452
f 2378/2496/2453 2440/2554/2453 2441/2557/2453
f 2430/2494/2454 2494/2558/2454 2431/2497/2454
f 2405/2498/2455 2467/2556/2455 2468/2559/2455
f 2378/2496/2456 2442/2560/2456 2379/2499/2456
f 2432/2500/2457 2494/2558/2457 2495/2561/2457
f 2405/2498/2458 2469/2562/2458 2406/2501/2458
f 2380/2502/2459 2442/2560/2459 2443/2563/2459
f 2432/2500/2460 2496/2564/2460 2433/2503/2460
f 2407/2504/2461 2469/2562/2461 2470/2565/2461
f 2380/2502/2462 2444/2566/2462 2381/2505/2462
f 2433/2503/2463 2497/2567/2463 2434/2506/2463
f 2407/2504/2464 2471/2568/2464 2408/2507/2464
f 2381/2505/2465 2445/2569/2465 2382/2508/2465
f 2435/2509/2466 2497/2567/2466 2498/2570/2466
f 2408/2507/2467 2472/2571/2467 2409/2510/2467
f 2383/2511/2468 2445/2569/2468 2446/2572/2468
f 2435/2509/2469 2499/2573/2469 2436/2512/2469
f 2410/2513/2470 2472/2571/2470 2473/2574/2470
f 2384/2514/2471 2446/2572/2471 2447/2575/2471
f 2752/2576/2472 2436/2512/2472 2499/2573/2472
f 2411/2516/2473 2473/2574/2473 2474/2577/2473
f 2384/2514/2474 2448/2578/2474 2385/2517/2474
f 2411/2516/2475 2475/2579/2475 2412/2518/2475
f 2386/2519/2476 2448/2578/2476 2449/2580/2476
f 2413/2520/2477 2475/2579/2477 2476/2581/2477
f 2386/2519/2478 2450/2582/2478 2387/2521/2478
f 2413/2520/2479 2477/2583/2479 2414/2522/2479
f 2387/2521/2480 2451/2584/2480 2388/2523/2480
f 2415/2524/2481 2477/2583/2481 2478/2585/2481
f 2389/2525/2482 2451/2584/2482 2452/2586/2482
f 2415/2524/2483 2479/2587/2483 2416/2526/2483
f 2389/2525/2484 2453/2588/2484 2390/2527/2484
f 2416/2526/2485 2480/2589/2485 2417/2528/2485
f 2390/2527/2486 2454/2590/2486 2391/2529/2486
f 2418/2530/2487 2480/2589/2487 2481/2591/2487
f 2392/2531/2488 2454/2590/2488 2455/2592/2488
f 2418/2530/2489 2482/2593/2489 2419/2532/2489
f 2392/2531/2490 2456/2594/2490 2393/2533/2490
f 2420/2469/2491 2482/2593/2491 2483/2595/2491
f 2394/2471/2492 2456/2594/2492 2457/2596/2492
f 2421/2470/2493 2483/2595/2493 2484/2597/2493
f 2395/2472/2494 2457/2596/2494 2458/2598/2494
f 2421/2470/2495 2485/2534/2495 2422/2473/2495
f 2395/2472/2496 2459/2536/2496 2396/2474/2496
f 2497/2567/2497 2559/2599/2497 2560/2600/2497
f 2470/2565/2498 2534/2601/2498 2471/2568/2498
f 2444/2566/2499 2508/2602/2499 2445/2569/2499
f 2498/2570/2500 2560/2600/2500 2561/2603/2500
f 2471/2568/2501 2535/2604/2501 2472/2571/2501
f 2446/2572/2502 2508/2602/2502 2509/2605/2502
f 2499/2573/2503 2561/2603/2503 2562/2606/2503
f 2473/2574/2504 2535/2604/2504 2536/2607/2504
f 2447/2575/2505 2509/2605/2505 2510/2608/2505
f 2752/2609/2506 2499/2573/2506 2562/2606/2506
f 2473/2574/2507 2537/2610/2507 2474/2577/2507
f 2447/2575/2508 2511/2611/2508 2448/2578/2508
f 2474/2577/2509 2538/2612/2509 2475/2579/2509
f 2449/2580/2510 2511/2611/2510 2512/2613/2510
f 2476/2581/2511 2538/2612/2511 2539/2614/2511
f 2449/2580/2512 2513/2615/2512 2450/2582/2512
f 2476/2581/2513 2540/2616/2513 2477/2583/2513
f 2450/2582/2514 2514/2617/2514 2451/2584/2514
f 2478/2585/2515 2540/2616/2515 2541/2618/2515
f 2452/2586/2516 2514/2617/2516 2515/2619/2516
f 2478/2585/2517 2542/2620/2517 2479/2587/2517
f 2452/2586/2518 2516/2621/2518 2453/2588/2518
f 2479/2587/2519 2543/2622/2519 2480/2589/2519
f 2453/2588/2520 2517/2623/2520 2454/2590/2520
f 2481/2591/2521 2543/2622/2521 2544/2624/2521
f 2455/2592/2522 2517/2623/2522 2518/2625/2522
f 2481/2591/2523 2545/2626/2523 2482/2593/2523
f 2455/2592/2524 2519/2627/2524 2456/2594/2524
f 2483/2595/2525 2545/2626/2525 2546/2628/2525
f 2457/2596/2526 2519/2627/2526 2520/2629/2526
f 2484/2597/2527 2546/2628/2527 2547/2630/2527
f 2458/2598/2528 2520/2629/2528 2521/2631/2528
f 2484/2597/2529 2548/2632/2529 2485/2534/2529
f 2458/2598/2530 2522/2633/2530 2459/2536/2530
f 2486/2535/2531 2548/2632/2531 2549/2634/2531
f 2460/2537/2532 2522/2633/2532 2523/2635/2532
f 2487/2538/2533 2549/2634/2533 2550/2636/2533
f 2460/2537/2534 2524/2637/2534 2461/2539/2534
f 2487/2538/2535 2551/2638/2535 2488/2540/2535
f 2462/2541/2536 2524/2637/2536 2525/2639/2536
f 2489/2542/2537 2551/2638/2537 2552/2640/2537
f 2462/2541/2538 2526/2641/2538 2463/2543/2538
f 2437/2545/2539 2058/2642/2539 2500/2643/2539
f 2489/2542/2540 2553/2644/2540 2490/2546/2540
f 2463/2543/2541 2527/2645/2541 2464/2547/2541
f 2437/2545/2542 2501/2646/2542 2438/2548/2542
f 2490/2546/2543 2554/2647/2543 2491/2549/2543
f 2464/2547/2544 2528/2648/2544 2465/2550/2544
f 2438/2548/2545 2502/2649/2545 2439/2551/2545
f 2492/2552/2546 2554/2647/2546 2555/2650/2546
f 2466/2553/2547 2528/2648/2547 2529/2651/2547
f 2439/2551/2548 2503/2652/2548 2440/2554/2548
f 2493/2555/2549 2555/2650/2549 2556/2653/2549
f 2466/2553/2550 2530/2654/2550 2467/2556/2550
f 2440/2554/2551 2504/2655/2551 2441/2557/2551
f 2493/2555/2552 2557/2656/2552 2494/2558/2552
f 2468/2559/2553 2530/2654/2553 2531/2657/2553
f 2441/2557/2554 2505/2658/2554 2442/2560/2554
f 2495/2561/2555 2557/2656/2555 2558/2659/2555
f 2468/2559/2556 2532/2660/2556 2469/2562/2556
f 2443/2563/2557 2505/2658/2557 2506/2661/2557
f 2495/2561/2558 2559/2599/2558 2496/2564/2558
f 2470/2565/2559 2532/2660/2559 2533/2662/2559
f 2443/2563/2560 2507/2663/2560 2444/2566/2560
f 2562/2606/2561 2624/2664/2561 2625/2665/2561
f 2536/2607/2562 2598/2666/2562 2599/2667/2562
f 2510/2608/2563 2572/2668/2563 2573/2669/2563
f 2752/2670/2564 2562/2606/2564 2625/2665/2564
f 2537/2610/2565 2599/2667/2565 2600/2671/2565
f 2510/2608/2566 2574/2672/2566 2511/2611/2566
f 2537/2610/2567 2601/2673/2567 2538/2612/2567
f 2512/2613/2568 2574/2672/2568 2575/2674/2568
f 2539/2614/2569 2601/2673/2569 2602/2675/2569
f 2512/2613/2570 2576/2676/2570 2513/2615/2570
f 2539/2614/2571 2603/2677/2571 2540/2616/2571
f 2513/2615/2572 2577/2678/2572 2514/2617/2572
f 2541/2618/2573 2603/2677/2573 2604/2679/2573
f 2515/2619/2574 2577/2678/2574 2578/2680/2574
f 2541/2618/2575 2605/2681/2575 2542/2620/2575
f 2515/2619/2576 2579/2682/2576 2516/2621/2576
f 2542/2620/2577 2606/2683/2577 2543/2622/2577
f 2516/2621/2578 2580/2684/2578 2517/2623/2578
f 2544/2624/2579 2606/2683/2579 2607/2685/2579
f 2518/2625/2580 2580/2684/2580 2581/2686/2580
f 2544/2624/2581 2608/2687/2581 2545/2626/2581
f 2518/2625/2582 2582/2688/2582 2519/2627/2582
f 2546/2628/2583 2608/2687/2583 2609/2689/2583
f 2520/2629/2584 2582/2688/2584 2583/2690/2584
f 2547/2630/2585 2609/2689/2585 2610/2691/2585
f 2521/2631/2586 2583/2690/2586 2584/2692/2586
f 2547/2630/2587 2611/2693/2587 2548/2632/2587
f 2521/2631/2588 2585/2694/2588 2522/2633/2588
f 2548/2632/2589 2612/2695/2589 2549/2634/2589
f 2523/2635/2590 2585/2694/2590 2586/2696/2590
f 2550/2636/2591 2612/2695/2591 2613/2697/2591
f 2523/2635/2592 2587/2698/2592 2524/2637/2592
f 2550/2636/2593 2614/2699/2593 2551/2638/2593
f 2525/2639/2594 2587/2698/2594 2588/2700/2594
f 2552/2640/2595 2614/2699/2595 2615/2701/2595
f 2525/2639/2596 2589/2702/2596 2526/2641/2596
f 2500/2643/2597 2058/2703/2597 2563/2704/2597
f 2552/2640/2598 2616/2705/2598 2553/2644/2598
f 2526/2641/2599 2590/2706/2599 2527/2645/2599
f 2500/2643/2600 2564/2707/2600 2501/2646/2600
f 2553/2644/2601 2617/2708/2601 2554/2647/2601
f 2528/2648/2602 2590/2706/2602 2591/2709/2602
f 2501/2646/2603 2565/2710/2603 2502/2649/2603
f 2555/2650/2604 2617/2708/2604 2618/2711/2604
f 2528/2648/2605 2592/2712/2605 2529/2651/2605
f 2502/2649/2606 2566/2713/2606 2503/2652/2606
f 2556/2653/2607 2618/2711/2607 2619/2714/2607
f 2529/2651/2608 2593/2715/2608 2530/2654/2608
f 2504/2655/2609 2566/2713/2609 2567/2716/2609
f 2556/2653/2610 2620/2717/2610 2557/2656/2610
f 2531/2657/2611 2593/2715/2611 2594/2718/2611
f 2504/2655/2612 2568/2719/2612 2505/2658/2612
f 2558/2659/2613 2620/2717/2613 2621/2720/2613
f 2531/2657/2614 2595/2721/2614 2532/2660/2614
f 2506/2661/2615 2568/2719/2615 2569/2722/2615
f 2558/2659/2616 2622/2723/2616 2559/2599/2616
f 2533/2662/2617 2595/2721/2617 2596/2724/2617
f 2506/2661/2618 2570/2725/2618 2507/2663/2618
f 2559/2599/2619 2623/2726/2619 2560/2600/2619
f 2533/2662/2620 2597/2727/2620 2534/2601/2620
f 2507/2663/2621 2571/2728/2621 2508/2602/2621
f 2561/2603/2622 2623/2726/2622 2624/2664/2622
f 2534/2601/2623 2598/2666/2623 2535/2604/2623
f 2509/2605/2624 2571/2728/2624 2572/2668/2624
f 2600/2671/2625 2664/2729/2625 2601/2673/2625
f 2575/2674/2626 2637/2730/2626 2638/2731/2626
f 2602/2675/2627 2664/2729/2627 2665/2732/2627
f 2575/2674/2628 2639/2733/2628 2576/2676/2628
f 2602/2675/2629 2666/2734/2629 2603/2677/2629
f 2577/2678/2630 2639/2733/2630 2640/2735/2630
f 2604/2679/2631 2666/2734/2631 2667/2736/2631
f 2578/2680/2632 2640/2735/2632 2641/2737/2632
f 2604/2679/2633 2668/2738/2633 2605/2681/2633
f 2578/2680/2634 2642/2739/2634 2579/2682/2634
f 2605/2681/2635 2669/2740/2635 2606/2683/2635
f 2579/2682/2636 2643/2741/2636 2580/2684/2636
f 2607/2685/2637 2669/2740/2637 2670/2742/2637
f 2581/2686/2638 2643/2741/2638 2644/2743/2638
f 2607/2685/2639 2671/2744/2639 2608/2687/2639
f 2581/2686/2640 2645/2745/2640 2582/2688/2640
f 2609/2689/2641 2671/2744/2641 2672/2746/2641
f 2583/2690/2642 2645/2745/2642 2646/2747/2642
f 2610/2691/2643 2672/2746/2643 2673/2748/2643
f 2584/2692/2644 2646/2747/2644 2647/2749/2644
f 2610/2691/2645 2674/2750/2645 2611/2693/2645
f 2584/2692/2646 2648/2751/2646 2585/2694/2646
f 2611/2693/2647 2675/2752/2647 2612/2695/2647
f 2586/2696/2648 2648/2751/2648 2649/2753/2648
f 2613/2697/2649 2675/2752/2649 2676/2754/2649
f 2586/2696/2650 2650/2755/2650 2587/2698/2650
f 2613/2697/2651 2677/2756/2651 2614/2699/2651
f 2588/2700/2652 2650/2755/2652 2651/2757/2652
f 2615/2701/2653 2677/2756/2653 2678/2758/2653
f 2588/2700/2654 2652/2759/2654 2589/2702/2654
f 2563/2704/2655 2058/2760/2655 2626/2761/2655
f 2616/2705/2656 2678/2758/2656 2679/2762/2656
f 2589/2702/2657 2653/2763/2657 2590/2706/2657
f 2563/2704/2658 2627/2764/2658 2564/2707/2658
f 2616/2705/2659 2680/2765/2659 2617/2708/2659
f 2591/2709/2660 2653/2763/2660 2654/2766/2660
f 2564/2707/2661 2628/2767/2661 2565/2710/2661
f 2618/2711/2662 2680/2765/2662 2681/2768/2662
f 2592/2712/2663 2654/2766/2663 2655/2769/2663
f 2565/2710/2664 2629/2770/2664 2566/2713/2664
f 2619/2714/2665 2681/2768/2665 2682/2771/2665
f 2592/2712/2666 2656/2772/2666 2593/2715/2666
f 2566/2713/2667 2630/2773/2667 2567/2716/2667
f 2619/2714/2668 2683/2774/2668 2620/2717/2668
f 2594/2718/2669 2656/2772/2669 2657/2775/2669
f 2567/2716/2670 2631/2776/2670 2568/2719/2670
f 2620/2717/2671 2684/2777/2671 2621/2720/2671
f 2594/2718/2672 2658/2778/2672 2595/2721/2672
f 2569/2722/2673 2631/2776/2673 2632/2779/2673
f 2621/2720/2674 2685/2780/2674 2622/2723/2674
f 2596/2724/2675 2658/2778/2675 2659/2781/2675
f 2569/2722/2676 2633/2782/2676 2570/2725/2676
f 2623/2726/2677 2685/2780/2677 2686/2783/2677
f 2596/2724/2678 2660/2784/2678 2597/2727/2678
f 2570/2725/2679 2634/2785/2679 2571/2728/2679
f 2624/2664/2680 2686/2783/2680 2687/2786/2680
f 2597/2727/2681 2661/2787/2681 2598/2666/2681
f 2572/2668/2682 2634/2785/2682 2635/2788/2682
f 2625/2665/2683 2687/2786/2683 2688/2789/2683
f 2599/2667/2684 2661/2787/2684 2662/2790/2684
f 2572/2668/2685 2636/2791/2685 2573/2669/2685
f 2752/2792/2686 2625/2665/2686 2688/2789/2686
f 2600/2671/2687 2662/2790/2687 2663/2793/2687
f 2573/2669/2688 2637/2730/2688 2574/2672/2688
f 2665/2732/2689 2729/2794/2689 2666/2734/2689
f 2640/2735/2690 2702/2795/2690 2703/2796/2690
f 2667/2736/2691 2729/2794/2691 2730/2797/2691
f 2641/2737/2692 2703/2796/2692 2704/2798/2692
f 2667/2736/2693 2731/2799/2693 2668/2738/2693
f 2641/2737/2694 2705/2800/2694 2642/2739/2694
f 2668/2738/2695 2732/2801/2695 2669/2740/2695
f 2642/2739/2696 2706/2802/2696 2643/2741/2696
f 2670/2742/2697 2732/2801/2697 2733/2803/2697
f 2644/2743/2698 2706/2802/2698 2707/2804/2698
f 2670/2742/2699 2734/2805/2699 2671/2744/2699
f 2644/2743/2700 2708/2806/2700 2645/2745/2700
f 2672/2746/2701 2734/2805/2701 2735/2807/2701
f 2646/2747/2702 2708/2806/2702 2709/2808/2702
f 2673/2748/2703 2735/2807/2703 2736/2809/2703
f 2647/2749/2704 2709/2808/2704 2710/2810/2704
f 2673/2748/2705 2737/2811/2705 2674/2750/2705
f 2647/2749/2706 2711/2812/2706 2648/2751/2706
f 2674/2750/2707 2738/2813/2707 2675/2752/2707
f 2649/2753/2708 2711/2812/2708 2712/2814/2708
f 2676/2754/2709 2738/2813/2709 2739/2815/2709
f 2649/2753/2710 2713/2816/2710 2650/2755/2710
f 2676/2754/2711 2740/2817/2711 2677/2756/2711
f 2651/2757/2712 2713/2816/2712 2714/2818/2712
f 2678/2758/2713 2740/2817/2713 2741/2819/2713
f 2651/2757/2714 2715/2820/2714 2652/2759/2714
f 2626/2761/2715 2058/2821/2715 2689/2822/2715
f 2679/2762/2716 2741/2819/2716 2742/2823/2716
f 2652/2759/2717 2716/2824/2717 2653/2763/2717
f 2626/2761/2718 2690/2825/2718 2627/2764/2718
f 2679/2762/2719 2743/2826/2719 2680/2765/2719
f 2654/2766/2720 2716/2824/2720 2717/2827/2720
f 2627/2764/2721 2691/2828/2721 2628/2767/2721
f 2680/2765/2722 2744/2829/2722 2681/2768/2722
f 2655/2769/2723 2717/2827/2723 2718/2830/2723
f 2629/2770/2724 2691/2828/2724 2692/2831/2724
f 2682/2771/2725 2744/2829/2725 2745/2832/2725
f 2655/2769/2726 2719/2833/2726 2656/2772/2726
f 2630/2773/2727 2692/2831/2727 2693/2834/2727
f 2682/2771/2728 2746/2835/2728 2683/2774/2728
f 2657/2775/2729 2719/2833/2729 2720/2836/2729
f 2630/2773/2730 2694/2837/2730 2631/2776/2730
f 2684/2777/2731 2746/2835/2731 2747/2838/2731
f 2657/2775/2732 2721/2839/2732 2658/2778/2732
f 2632/2779/2733 2694/2837/2733 2695/2840/2733
f 2684/2777/2734 2748/2841/2734 2685/2780/2734
f 2659/2781/2735 2721/2839/2735 2722/2842/2735
f 2632/2779/2736 2696/2843/2736 2633/2782/2736
f 2686/2783/2737 2748/2841/2737 2749/2844/2737
f 2659/2781/2738 2723/2845/2738 2660/2784/2738
f 2633/2782/2739 2697/2846/2739 2634/2785/2739
f 2686/2783/2740 2750/2847/2740 2687/2786/2740
f 2660/2784/2741 2724/2848/2741 2661/2787/2741
f 2635/2788/2742 2697/2846/2742 2698/2849/2742
f 2687/2786/2743 2751/2850/2743 2688/2789/2743
f 2662/2790/2744 2724/2848/2744 2725/2851/2744
f 2635/2788/2745 2699/2852/2745 2636/2791/2745
f 2752/2853/2746 2688/2789/2746 2751/2850/2746
f 2663/2793/2747 2725/2851/2747 2726/2854/2747
f 2636/2791/2748 2700/2855/2748 2637/2730/2748
f 2663/2793/2749 2727/2856/2749 2664/2729/2749
f 2638/2731/2750 2700/2855/2750 2701/2857/2750
f 2665/2732/2751 2727/2856/2751 2728/2858/2751
f 2638/2731/2752 2702/2795/2752 2639/2733/2752
f 2730/2797/2753 2795/2859/2753 2731/2799/2753
f 2704/2798/2754 2769/2860/2754 2705/2800/2754
f 2731/2799/2755 2796/2861/2755 2732/2801/2755
f 2705/2800/2756 2770/2862/2756 2706/2802/2756
f 2733/2803/2757 2796/2861/2757 2797/2863/2757
f 2707/2804/2758 2770/2862/2758 2771/2864/2758
f 2733/2803/2759 2798/2865/2759 2734/2805/2759
f 2707/2804/2760 2772/2866/2760 2708/2806/2760
f 2735/2807/2761 2798/2865/2761 2799/2867/2761
f 2709/2808/2762 2772/2866/2762 2773/2868/2762
f 2736/2809/2763 2799/2867/2763 2800/2869/2763
f 2710/2810/2764 2773/2868/2764 2774/2870/2764
f 2736/2809/2765 2801/2871/2765 2737/2811/2765
f 2710/2810/2766 2775/2872/2766 2711/2812/2766
f 2737/2811/2767 2802/2873/2767 2738/2813/2767
f 2712/2814/2768 2775/2872/2768 2776/2874/2768
f 2739/2815/2769 2802/2873/2769 2803/2875/2769
f 2712/2814/2770 2777/2876/2770 2713/2816/2770
f 2739/2815/2771 2804/2877/2771 2740/2817/2771
f 2714/2818/2772 2777/2876/2772 2778/2878/2772
f 2741/2819/2773 2804/2877/2773 2805/2879/2773
f 2714/2818/2774 2779/2880/2774 2715/2820/2774
f 2689/2822/2775 2058/2881/2775 2753/2882/2775
f 2741/2819/2776 2806/2883/2776 2742/2823/2776
f 2715/2820/2777 2780/2884/2777 2716/2824/2777
f 2690/2825/2778 2753/2882/2778 2754/2885/2778
f 2742/2823/2779 2807/2886/2779 2743/2826/2779
f 2717/2827/2780 2780/2884/2780 2781/2887/2780
f 2690/2825/2781 2755/2888/2781 2691/2828/2781
f 2744/2829/2782 2807/2886/2782 2808/2889/2782
f 2718/2830/2783 2781/2887/2783 2782/2890/2783
f 2691/2828/2784 2756/2891/2784 2692/2831/2784
f 2745/2832/2785 2808/2889/2785 2809/2892/2785
f 2718/2830/2786 2783/2893/2786 2719/2833/2786
f 2693/2834/2787 2756/2891/2787 2757/2894/2787
f 2745/2832/2788 2810/2895/2788 2746/2835/2788
f 2720/2836/2789 2783/2893/2789 2784/2896/2789
f 2694/2837/2790 2757/2894/2790 2758/2897/2790
f 2747/2838/2791 2810/2895/2791 2811/2898/2791
f 2720/2836/2792 2785/2899/2792 2721/2839/2792
f 2695/2840/2793 2758/2897/2793 2759/2900/2793
f 2747/2838/2794 2812/2901/2794 2748/2841/2794
f 2722/2842/2795 2785/2899/2795 2786/2902/2795
f 2695/2840/2796 2760/2903/2796 2696/2843/2796
f 2748/2841/2797 2813/2904/2797 2749/2844/2797
f 2722/2842/2798 2787/2905/2798 2723/2845/2798
f 2696/2843/2799 2761/2906/2799 2697/2846/2799
f 2750/2847/2800 2813/2904/2800 2814/2907/2800
f 2723/2845/2801 2788/2908/2801 2724/2848/2801
f 2698/2849/2802 2761/2906/2802 2762/2909/2802
f 2750/2847/2803 2815/2910/2803 2751/2850/2803
f 2725/2851/2804 2788/2908/2804 2789/2911/2804
f 2699/2852/2805 2762/2909/2805 2763/2912/2805
f 2752/2913/2806 2751/2850/2806 2815/2910/2806
f 2726/2854/2807 2789/2911/2807 2790/2914/2807
f 2699/2852/2808 2764/2915/2808 2700/2855/2808
f 2726/2854/2809 2791/2916/2809 2727/2856/2809
f 2701/2857/2810 2764/2915/2810 2765/2917/2810
f 2728/2858/2811 2791/2916/2811 2792/2918/2811
f 2701/2857/2812 2766/2919/2812 2702/2795/2812
f 2728/2858/2813 2793/2920/2813 2729/2794/2813
f 2703/2796/2814 2766/2919/2814 2767/2921/2814
f 2730/2797/2815 2793/2920/2815 2794/2922/2815
f 2704/2798/2816 2767/2921/2816 2768/2923/2816
f 2797/2863/2817 2859/2924/2817 2860/2925/2817
f 2771/2864/2818 2833/2926/2818 2834/2927/2818
f 2797/2863/2819 2861/2928/2819 2798/2865/2819
f 2771/2864/2820 2835/2929/2820 2772/2866/2820
f 2799/2867/2821 2861/2928/2821 2862/2930/2821
f 2773/2868/2822 2835/2929/2822 2836/2931/2822
f 2800/2869/2823 2862/2930/2823 2863/2932/2823
f 2774/2870/2824 2836/2931/2824 2837/2933/2824
f 2800/2869/2825 2864/2934/2825 2801/2871/2825
f 2774/2870/2826 2838/2935/2826 2775/2872/2826
f 2801/2871/2827 2865/2936/2827 2802/2873/2827
f 2776/2874/2828 2838/2935/2828 2839/2937/2828
f 2803/2875/2829 2865/2936/2829 2866/2938/2829
f 2776/2874/2830 2840/2939/2830 2777/2876/2830
f 2803/2875/2831 2867/2940/2831 2804/2877/2831
f 2778/2878/2832 2840/2939/2832 2841/2941/2832
f 2805/2879/2833 2867/2940/2833 2868/2942/2833
f 2778/2878/2834 2842/2943/2834 2779/2880/2834
f 2753/2882/2835 2058/2944/2835 2816/2945/2835
f 2805/2879/2836 2869/2946/2836 2806/2883/2836
f 2779/2880/2837 2843/2947/2837 2780/2884/2837
f 2753/2882/2838 2817/2948/2838 2754/2885/2838
f 2806/2883/2839 2870/2949/2839 2807/2886/2839
f 2781/2887/2840 2843/2947/2840 2844/2950/2840
f 2754/2885/2841 2818/2951/2841 2755/2888/2841
f 2808/2889/2842 2870/2949/2842 2871/2952/2842
f 2782/2890/2843 2844/2950/2843 2845/2953/2843
f 2756/2891/2844 2818/2951/2844 2819/2954/2844
f 2809/2892/2845 2871/2952/2845 2872/2955/2845
f 2782/2890/2846 2846/2956/2846 2783/2893/2846
f 2757/2894/2847 2819/2954/2847 2820/2957/2847
f 2809/2892/2848 2873/2958/2848 2810/2895/2848
f 2784/2896/2849 2846/2956/2849 2847/2959/2849
f 2758/2897/2850 2820/2957/2850 2821/2960/2850
f 2811/2898/2851 2873/2958/2851 2874/2961/2851
f 2784/2896/2852 2848/2962/2852 2785/2899/2852
f 2759/2900/2853 2821/2960/2853 2822/2963/2853
f 2811/2898/2854 2875/2964/2854 2812/2901/2854
f 2786/2902/2855 2848/2962/2855 2849/2965/2855
f 2759/2900/2856 2823/2966/2856 2760/2903/2856
f 2812/2901/2857 2876/2967/2857 2813/2904/2857
f 2786/2902/2858 2850/2968/2858 2787/2905/2858
f 2760/2903/2859 2824/2969/2859 2761/2906/2859
f 2814/2907/2860 2876/2967/2860 2877/2970/2860
f 2787/2905/2861 2851/2971/2861 2788/2908/2861
f 2762/2909/2862 2824/2969/2862 2825/2972/2862
f 2814/2907/2863 2878/2973/2863 2815/2910/2863
f 2789/2911/2864 2851/2971/2864 2852/2974/2864
f 2763/2912/2865 2825/2972/2865 2826/2975/2865
f 2752/2976/2866 2815/2910/2866 2878/2973/2866
f 2790/2914/2867 2852/2974/2867 2853/2977/2867
f 2763/2912/2868 2827/2978/2868 2764/2915/2868
f 2790/2914/2869 2854/2979/2869 2791/2916/2869
f 2765/2917/2870 2827/2978/2870 2828/2980/2870
f 2792/2918/2871 2854/2979/2871 2855/2981/2871
f 2765/2917/2872 2829/2982/2872 2766/2919/2872
f 2792/2918/2873 2856/2983/2873 2793/2920/2873
f 2767/2921/2874 2829/2982/2874 2830/2984/2874
f 2794/2922/2875 2856/2983/2875 2857/2985/2875
f 2768/2923/2876 2830/2984/2876 2831/2986/2876
f 2794/2922/2877 2858/2987/2877 2795/2859/2877
f 2768/2923/2878 2832/2988/2878 2769/2860/2878
f 2795/2859/2879 2859/2924/2879 2796/2861/2879
f 2769/2860/2880 2833/2926/2880 2770/2862/2880
f 2862/2930/2881 2924/2989/2881 2925/2990/2881
f 2836/2931/2882 2898/2991/2882 2899/2992/2882
f 2863/2932/2883 2925/2990/2883 2926/2993/2883
f 2837/2933/2884 2899/2992/2884 2900/2994/2884
f 2863/2932/2885 2927/2995/2885 2864/2934/2885
f 2837/2933/2886 2901/2996/2886 2838/2935/2886
f 2864/2934/2887 2928/2997/2887 2865/2936/2887
f 2839/2937/2888 2901/2996/2888 2902/2998/2888
f 2866/2938/2889 2928/2997/2889 2929/2999/2889
f 2839/2937/2890 2903/3000/2890 2840/2939/2890
f 2866/2938/2891 2930/3001/2891 2867/2940/2891
f 2841/2941/2892 2903/3000/2892 2904/3002/2892
f 2868/2942/2893 2930/3001/2893 2931/3003/2893
f 2841/2941/2894 2905/3004/2894 2842/2943/2894
f 2816/2945/2895 2058/3005/2895 2879/3006/2895
f 2869/2946/2896 2931/3003/2896 2932/3007/2896
f 2842/2943/2897 2906/3008/2897 2843/2947/2897
f 2816/2945/2898 2880/3009/2898 2817/2948/2898
f 2869/2946/2899 2933/3010/2899 2870/2949/2899
f 2844/2950/2900 2906/3008/2900 2907/3011/2900
f 2817/2948/2901 2881/3012/2901 2818/2951/2901
f 2870/2949/2902 2934/3013/2902 2871/2952/2902
f 2845/2953/2903 2907/3011/2903 2908/3014/2903
f 2818/2951/2904 2882/3015/2904 2819/2954/2904
f 2872/2955/2905 2934/3013/2905 2935/3016/2905
f 2845/2953/2906 2909/3017/2906 2846/2956/2906
f 2819/2954/2907 2883/3018/2907 2820/2957/2907
f 2872/2955/2908 2936/3019/2908 2873/2958/2908
f 2847/2959/2909 2909/3017/2909 2910/3020/2909
f 2820/2957/2910 2884/3021/2910 2821/2960/2910
f 2873/2958/2911 2937/3022/2911 2874/2961/2911
f 2847/2959/2912 2911/3023/2912 2848/2962/2912
f 2822/2963/2913 2884/3021/2913 2885/3024/2913
f 2874/2961/2914 2938/3025/2914 2875/2964/2914
f 2849/2965/2915 2911/3023/2915 2912/3026/2915
f 2822/2963/2916 2886/3027/2916 2823/2966/2916
f 2876/2967/2917 2938/3025/2917 2939/3028/2917
f 2849/2965/2918 2913/3029/2918 2850/2968/2918
f 2824/2969/2919 2886/3027/2919 2887/3030/2919
f 2877/2970/2920 2939/3028/2920 2940/3031/2920
f 2850/2968/2921 2914/3032/2921 2851/2971/2921
f 2825/2972/2922 2887/3030/2922 2888/3033/2922
f 2877/2970/2923 2941/3034/2923 2878/2973/2923
f 2852/2974/2924 2914/3032/2924 2915/3035/2924
f 2825/2972/2925 2889/3036/2925 2826/2975/2925
f 2752/3037/2926 2878/2973/2926 2941/3034/2926
f 2853/2977/2927 2915/3035/2927 2916/3038/2927
f 2826/2975/2928 2890/3039/2928 2827/2978/2928
f 2853/2977/2929 2917/3040/2929 2854/2979/2929
f 2828/2980/2930 2890/3039/2930 2891/3041/2930
f 2855/2981/2931 2917/3040/2931 2918/3042/2931
f 2828/2980/2932 2892/3043/2932 2829/2982/2932
f 2855/2981/2933 2919/3044/2933 2856/2983/2933
f 2830/2984/2934 2892/3043/2934 2893/3045/2934
f 2857/2985/2935 2919/3044/2935 2920/3046/2935
f 2831/2986/2936 2893/3045/2936 2894/3047/2936
f 2857/2985/2937 2921/3048/2937 2858/2987/2937
f 2831/2986/2938 2895/3049/2938 2832/2988/2938
f 2858/2987/2939 2922/3050/2939 2859/2924/2939
f 2832/2988/2940 2896/3051/2940 2833/2926/2940
f 2860/2925/2941 2922/3050/2941 2923/3052/2941
f 2834/2927/2942 2896/3051/2942 2897/3053/2942
f 2860/2925/2943 2924/2989/2943 2861/2928/2943
f 2834/2927/2944 2898/2991/2944 2835/2929/2944
f 2926/2993/2945 2990/3054/2945 2927/2995/2945
f 2900/2994/2946 2964/3055/2946 2901/2996/2946
f 2927/2995/2947 2991/3056/2947 2928/2997/2947
f 2902/2998/2948 2964/3055/2948 2965/3057/2948
f 2929/2999/2949 2991/3056/2949 2992/3058/2949
f 2902/2998/2950 2966/3059/2950 2903/3000/2950
f 2929/2999/2951 2993/3060/2951 2930/3001/2951
f 2904/3002/2952 2966/3059/2952 2967/3061/2952
f 2931/3003/2953 2993/3060/2953 2994/3062/2953
f 2904/3002/2954 2968/3063/2954 2905/3004/2954
f 2879/3006/2955 2058/3064/2955 2942/3065/2955
f 2931/3003/2956 2995/3066/2956 2932/3007/2956
f 2905/3004/2957 2969/3067/2957 2906/3008/2957
f 2879/3006/2958 2943/3068/2958 2880/3009/2958
f 2932/3007/2959 2996/3069/2959 2933/3010/2959
f 2907/3011/2960 2969/3067/2960 2970/3070/2960
f 2880/3009/2961 2944/3071/2961 2881/3012/2961
f 2933/3010/2962 2997/3072/2962 2934/3013/2962
f 2908/3014/2963 2970/3070/2963 2971/3073/2963
f 2882/3015/2964 2944/3071/2964 2945/3074/2964
f 2935/3016/2965 2997/3072/2965 2998/3075/2965
f 2908/3014/2966 2972/3076/2966 2909/3017/2966
f 2883/3018/2967 2945/3074/2967 2946/3077/2967
f 2935/3016/2968 2999/3078/2968 2936/3019/2968
f 2910/3020/2969 2972/3076/2969 2973/3079/2969
f 2883/3018/2970 2947/3080/2970 2884/3021/2970
f 2937/3022/2971 2999/3078/2971 3000/3081/2971
f 2910/3020/2972 2974/3082/2972 2911/3023/2972
f 2885/3024/2973 2947/3080/2973 2948/3083/2973
f 2937/3022/2974 3001/3084/2974 2938/3025/2974
f 2912/3026/2975 2974/3082/2975 2975/3085/2975
f 2885/3024/2976 2949/3086/2976 2886/3027/2976
f 2938/3025/2977 3002/3087/2977 2939/3028/2977
f 2912/3026/2978 2976/3088/2978 2913/3029/2978
f 2887/3030/2979 2949/3086/2979 2950/3089/2979
f 2939/3028/2980 3003/3090/2980 2940/3031/2980
f 2913/3029/2981 2977/3091/2981 2914/3032/2981
f 2888/3033/2982 2950/3089/2982 2951/3092/2982
f 2940/3031/2983 3004/3093/2983 2941/3034/2983
f 2915/3035/2984 2977/3091/2984 2978/3094/2984
f 2889/3036/2985 2951/3092/2985 2952/3095/2985
f 2752/3096/2986 2941/3034/2986 3004/3093/2986
f 2916/3038/2987 2978/3094/2987 2979/3097/2987
f 2889/3036/2988 2953/3098/2988 2890/3039/2988
f 2916/3038/2989 2980/3099/2989 2917/3040/2989
f 2891/3041/2990 2953/3098/2990 2954/3100/2990
f 2918/3042/2991 2980/3099/2991 2981/3101/2991
f 2891/3041/2992 2955/3102/2992 2892/3043/2992
f 2918/3042/2993 2982/3103/2993 2919/3044/2993
f 2893/3045/2994 2955/3102/2994 2956/3104/2994
f 2920/3046/2995 2982/3103/2995 2983/3105/2995
f 2894/3047/2996 2956/3104/2996 2957/3106/2996
f 2920/3046/2997 2984/3107/2997 2921/3048/2997
f 2894/3047/2998 2958/3108/2998 2895/3049/2998
f 2921/3048/2999 2985/3109/2999 2922/3050/2999
f 2895/3049/3000 2959/3110/3000 2896/3051/3000
f 2923/3052/3001 2985/3109/3001 2986/3111/3001
f 2897/3053/3002 2959/3110/3002 2960/3112/3002
f 2923/3052/3003 2987/3113/3003 2924/2989/3003
f 2897/3053/3004 2961/3114/3004 2898/2991/3004
f 2925/2990/3005 2987/3113/3005 2988/3115/3005
f 2899/2992/3006 2961/3114/3006 2962/3116/3006
f 2926/2993/3007 2988/3115/3007 2989/3117/3007
f 2900/2994/3008 2962/3116/3008 2963/3118/3008
f 2992/3058/3009 3054/3119/3009 3055/3120/3009
f 2965/3057/3010 3029/3121/3010 2966/3059/3010
f 2992/3058/3011 3056/3122/3011 2993/3060/3011
f 2967/3061/3012 3029/3121/3012 3030/3123/3012
f 2994/3062/3013 3056/3122/3013 3057/3124/3013
f 2967/3061/3014 3031/3125/3014 2968/3063/3014
f 2942/3065/3015 2058/3126/3015 3005/3127/3015
f 2995/3066/3016 3057/3124/3016 3058/3128/3016
f 2968/3063/3017 3032/3129/3017 2969/3067/3017
f 2943/3068/3018 3005/3127/3018 3006/3130/3018
f 2995/3066/3019 3059/3131/3019 2996/3069/3019
f 2970/3070/3020 3032/3129/3020 3033/3132/3020
f 2943/3068/3021 3007/3133/3021 2944/3071/3021
f 2996/3069/3022 3060/3134/3022 2997/3072/3022
f 2971/3073/3023 3033/3132/3023 3034/3135/3023
f 2944/3071/3024 3008/3136/3024 2945/3074/3024
f 2998/3075/3025 3060/3134/3025 3061/3137/3025
f 2971/3073/3026 3035/3138/3026 2972/3076/3026
f 2946/3077/3027 3008/3136/3027 3009/3139/3027
f 2998/3075/3028 3062/3140/3028 2999/3078/3028
f 2973/3079/3029 3035/3138/3029 3036/3141/3029
f 2946/3077/3030 3010/3142/3030 2947/3080/3030
f 3000/3081/3031 3062/3140/3031 3063/3143/3031
f 2973/3079/3032 3037/3144/3032 2974/3082/3032
f 2948/3083/3033 3010/3142/3033 3011/3145/3033
f 3000/3081/3034 3064/3146/3034 3001/3084/3034
f 2975/3085/3035 3037/3144/3035 3038/3147/3035
f 2948/3083/3036 3012/3148/3036 2949/3086/3036
f 3001/3084/3037 3065/3149/3037 3002/3087/3037
f 2975/3085/3038 3039/3150/3038 2976/3088/3038
f 2949/3086/3039 3013/3151/3039 2950/3089/3039
f 3003/3090/3040 3065/3149/3040 3066/3152/3040
f 2976/3088/3041 3040/3153/3041 2977/3091/3041
f 2951/3092/3042 3013/3151/3042 3014/3154/3042
f 3003/3090/3043 3067/3155/3043 3004/3093/3043
f 2978/3094/3044 3040/3153/3044 3041/3156/3044
f 2952/3095/3045 3014/3154/3045 3015/3157/3045
f 2752/3158/3046 3004/3093/3046 3067/3155/3046
f 2979/3097/3047 3041/3156/3047 3042/3159/3047
f 2952/3095/3048 3016/3160/3048 2953/3098/3048
f 2979/3097/3049 3043/3161/3049 2980/3099/3049
f 2954/3100/3050 3016/3160/3050 3017/3162/3050
f 2981/3101/3051 3043/3161/3051 3044/3163/3051
f 2954/3100/3052 3018/3164/3052 2955/3102/3052
f 2981/3101/3053 3045/3165/3053 2982/3103/3053
f 2956/3104/3054 3018/3164/3054 3019/3166/3054
f 2983/3105/3055 3045/3165/3055 3046/3167/3055
f 2957/3106/3056 3019/3166/3056 3020/3168/3056
f 2983/3105/3057 3047/3169/3057 2984/3107/3057
f 2957/3106/3058 3021/3170/3058 2958/3108/3058
f 2984/3107/3059 3048/3171/3059 2985/3109/3059
f 2958/3108/3060 3022/3172/3060 2959/3110/3060
f 2986/3111/3061 3048/3171/3061 3049/3173/3061
f 2960/3112/3062 3022/3172/3062 3023/3174/3062
f 2986/3111/3063 3050/3175/3063 2987/3113/3063
f 2960/3112/3064 3024/3176/3064 2961/3114/3064
f 2988/3115/3065 3050/3175/3065 3051/3177/3065
f 2962/3116/3066 3024/3176/3066 3025/3178/3066
f 2989/3117/3067 3051/3177/3067 3052/3179/3067
f 2963/3118/3068 3025/3178/3068 3026/3180/3068
f 2989/3117/3069 3053/3181/3069 2990/3054/3069
f 2963/3118/3070 3027/3182/3070 2964/3055/3070
f 2990/3054/3071 3054/3119/3071 2991/3056/3071
f 2965/3057/3072 3027/3182/3072 3028/3183/3072
f 3057/3184/3073 3119/3185/3073 3120/3186/3073
f 3030/3187/3074 3094/3188/3074 3031/3189/3074
f 3005/3190/3075 2058/3191/3075 3068/3192/3075
f 3057/3184/3076 3121/3193/3076 3058/3194/3076
f 3031/3189/3077 3095/3195/3077 3032/3196/3077
f 3006/3197/3078 3068/3192/3078 3069/3198/3078
f 3058/3194/3079 3122/3199/3079 3059/3200/3079
f 3033/3201/3080 3095/3195/3080 3096/3202/3080
f 3006/3197/3081 3070/3203/3081 3007/3204/3081
f 3059/3200/3082 3123/3205/3082 3060/3206/3082
f 3034/3207/3083 3096/3202/3083 3097/3208/3083
f 3007/3204/3084 3071/3209/3084 3008/3210/3084
f 3061/3211/3085 3123/3205/3085 3124/3212/3085
f 3034/3207/3086 3098/3213/3086 3035/3214/3086
f 3009/3215/3087 3071/3209/3087 3072/3216/3087
f 3061/3211/3088 3125/3217/3088 3062/3218/3088
f 3036/3219/3089 3098/3213/3089 3099/3220/3089
f 3009/3215/3090 3073/3221/3090 3010/3222/3090
f 3062/3218/3091 3126/3223/3091 3063/3224/3091
f 3036/3219/3092 3100/3225/3092 3037/3226/3092
f 3011/3227/3093 3073/3221/3093 3074/3228/3093
f 3063/3224/3094 3127/3229/3094 3064/3230/3094
f 3038/3231/3095 3100/3225/3095 3101/3232/3095
f 3011/3227/3096 3075/3233/3096 3012/3234/3096
f 3065/3235/3097 3127/3229/3097 3128/3236/3097
f 3038/3231/3098 3102/3237/3098 3039/3238/3098
f 3012/3234/3099 3076/3239/3099 3013/3240/3099
f 3066/3241/3100 3128/3236/3100 3129/3242/3100
f 3039/3238/3101 3103/3243/3101 3040/3244/3101
f 3014/3245/3102 3076/3239/3102 3077/3246/3102
f 3066/3241/3103 3130/3247/3103 3067/3248/3103
f 3041/3249/3104 3103/3243/3104 3104/3250/3104
f 3015/3251/3105 3077/3246/3105 3078/3252/3105
f 2752/3253/3106 3067/3248/3106 3130/3247/3106
f 3042/3254/3107 3104/3250/3107 3105/3255/3107
f 3015/3251/3108 3079/3256/3108 3016/3257/3108
f 3042/3254/3109 3106/3258/3109 3043/3259/3109
f 3017/3260/3110 3079/3256/3110 3080/3261/3110
f 3044/3262/3111 3106/3258/3111 3107/3263/3111
f 3017/3260/3112 3081/3264/3112 3018/3265/3112
f 3044/3262/3113 3108/3266/3113 3045/3267/3113
f 3019/3268/3114 3081/3264/3114 3082/3269/3114
f 3046/3270/3115 3108/3266/3115 3109/3271/3115
f 3020/3272/3116 3082/3269/3116 3083/3273/3116
f 3046/3270/3117 3110/3274/3117 3047/3275/3117
f 3020/3272/3118 3084/3276/3118 3021/3277/3118
f 3047/3275/3119 3111/3278/3119 3048/3279/3119
f 3021/3277/3120 3085/3280/3120 3022/3281/3120
f 3049/3282/3121 3111/3278/3121 3112/3283/3121
f 3023/3284/3122 3085/3280/3122 3086/3285/3122
f 3049/3282/3123 3113/3286/3123 3050/3287/3123
f 3023/3284/3124 3087/3288/3124 3024/3289/3124
f 3051/3290/3125 3113/3286/3125 3114/3291/3125
f 3025/3292/3126 3087/3288/3126 3088/3293/3126
f 3052/3294/3127 3114/3291/3127 3115/3295/3127
f 3026/3296/3128 3088/3293/3128 3089/3297/3128
f 3052/3294/3129 3116/3298/3129 3053/3299/3129
f 3026/3296/3130 3090/3300/3130 3027/3301/3130
f 3053/3299/3131 3117/3302/3131 3054/3303/3131
f 3028/3304/3132 3090/3300/3132 3091/3305/3132
f 3055/3306/3133 3117/3302/3133 3118/3307/3133
f 3028/3304/3134 3092/3308/3134 3029/3309/3134
f 3055/3306/3135 3119/3185/3135 3056/3310/3135
f 3030/3187/3136 3092/3308/3136 3093/3311/3136
f 3121/3193/3137 3185/3312/3137 3122/3199/3137
f 3096/3202/3138 3158/3313/3138 3159/3314/3138
f 3069/3198/3139 3133/3315/3139 3070/3203/3139
f 3122/3199/3140 3186/3316/3140 3123/3205/3140
f 3097/3208/3141 3159/3314/3141 3160/3317/3141
f 3070/3203/3142 3134/3318/3142 3071/3209/3142
f 3124/3212/3143 3186/3316/3143 3187/3319/3143
f 3097/3208/3144 3161/3320/3144 3098/3213/3144
f 3072/3216/3145 3134/3318/3145 3135/3321/3145
f 3124/3212/3146 3188/3322/3146 3125/3217/3146
f 3099/3220/3147 3161/3320/3147 3162/3323/3147
f 3072/3216/3148 3136/3324/3148 3073/3221/3148
f 3126/3223/3149 3188/3322/3149 3189/3325/3149
f 3099/3220/3150 3163/3326/3150 3100/3225/3150
f 3074/3228/3151 3136/3324/3151 3137/3327/3151
f 3126/3223/3152 3190/3328/3152 3127/3229/3152
f 3101/3232/3153 3163/3326/3153 3164/3329/3153
f 3074/3228/3154 3138/3330/3154 3075/3233/3154
f 3128/3236/3155 3190/3328/3155 3191/3331/3155
f 3101/3232/3156 3165/3332/3156 3102/3237/3156
f 3075/3233/3157 3139/3333/3157 3076/3239/3157
f 3129/3242/3158 3191/3331/3158 3192/3334/3158
f 3102/3237/3159 3166/3335/3159 3103/3243/3159
f 3077/3246/3160 3139/3333/3160 3140/3336/3160
f 3130/3247/3161 3192/3334/3161 3193/3337/3161
f 3104/3250/3162 3166/3335/3162 3167/3338/3162
f 3077/3246/3163 3141/3339/3163 3078/3252/3163
f 2752/3340/3164 3130/3247/3164 3193/3337/3164
f 3105/3255/3165 3167/3338/3165 3168/3341/3165
f 3078/3252/3166 3142/3342/3166 3079/3256/3166
f 3105/3255/3167 3169/3343/3167 3106/3258/3167
f 3080/3261/3168 3142/3342/3168 3143/3344/3168
f 3107/3263/3169 3169/3343/3169 3170/3345/3169
f 3080/3261/3170 3144/3346/3170 3081/3264/3170
f 3107/3263/3171 3171/3347/3171 3108/3266/3171
f 3082/3269/3172 3144/3346/3172 3145/3348/3172
f 3109/3271/3173 3171/3347/3173 3172/3349/3173
f 3083/3273/3174 3145/3348/3174 3146/3350/3174
f 3109/3271/3175 3173/3351/3175 3110/3274/3175
f 3083/3273/3176 3147/3352/3176 3084/3276/3176
f 3110/3274/3177 3174/3353/3177 3111/3278/3177
f 3084/3276/3178 3148/3354/3178 3085/3280/3178
f 3112/3283/3179 3174/3353/3179 3175/3355/3179
f 3086/3285/3180 3148/3354/3180 3149/3356/3180
f 3112/3283/3181 3176/3357/3181 3113/3286/3181
f 3086/3285/3182 3150/3358/3182 3087/3288/3182
f 3114/3291/3183 3176/3357/3183 3177/3359/3183
f 3088/3293/3184 3150/3358/3184 3151/3360/3184
f 3115/3295/3185 3177/3359/3185 3178/3361/3185
f 3089/3297/3186 3151/3360/3186 3152/3362/3186
f 3115/3295/3187 3179/3363/3187 3116/3298/3187
f 3089/3297/3188 3153/3364/3188 3090/3300/3188
f 3116/3298/3189 3180/3365/3189 3117/3302/3189
f 3091/3305/3190 3153/3364/3190 3154/3366/3190
f 3118/3307/3191 3180/3365/3191 3181/3367/3191
f 3091/3305/3192 3155/3368/3192 3092/3308/3192
f 3118/3307/3193 3182/3369/3193 3119/3185/3193
f 3093/3311/3194 3155/3368/3194 3156/3370/3194
f 3120/3186/3195 3182/3369/3195 3183/3371/3195
f 3093/3311/3196 3157/3372/3196 3094/3188/3196
f 3068/3192/3197 2058/3373/3197 3131/3374/3197
f 3121/3193/3198 3183/3371/3198 3184/3375/3198
f 3094/3188/3199 3158/3313/3199 3095/3195/3199
f 3068/3192/3200 3132/3376/3200 3069/3198/3200
f 3187/3319/3201 3249/3377/3201 3250/3378/3201
f 3160/3317/3202 3224/3379/3202 3161/3320/3202
f 3135/3321/3203 3197/3380/3203 3198/3381/3203
f 3187/3319/3204 3251/3382/3204 3188/3322/3204
f 3162/3323/3205 3224/3379/3205 3225/3383/3205
f 3135/3321/3206 3199/3384/3206 3136/3324/3206
f 3189/3325/3207 3251/3382/3207 3252/3385/3207
f 3162/3323/3208 3226/3386/3208 3163/3326/3208
f 3137/3327/3209 3199/3384/3209 3200/3387/3209
f 3189/3325/3210 3253/3388/3210 3190/3328/3210
f 3164/3329/3211 3226/3386/3211 3227/3389/3211
f 3137/3327/3212 3201/3390/3212 3138/3330/3212
f 3190/3328/3213 3254/3391/3213 3191/3331/3213
f 3164/3329/3214 3228/3392/3214 3165/3332/3214
f 3138/3330/3215 3202/3393/3215 3139/3333/3215
f 3192/3334/3216 3254/3391/3216 3255/3394/3216
f 3165/3332/3217 3229/3395/3217 3166/3335/3217
f 3140/3336/3218 3202/3393/3218 3203/3396/3218
f 3193/3337/3219 3255/3394/3219 3256/3397/3219
f 3167/3338/3220 3229/3395/3220 3230/3398/3220
f 3141/3339/3221 3203/3396/3221 3204/3399/3221
f 2752/3400/3222 3193/3337/3222 3256/3397/3222
f 3168/3341/3223 3230/3398/3223 3231/3401/3223
f 3141/3339/3224 3205/3402/3224 3142/3342/3224
f 3168/3341/3225 3232/3403/3225 3169/3343/3225
f 3143/3344/3226 3205/3402/3226 3206/3404/3226
f 3170/3345/3227 3232/3403/3227 3233/3405/3227
f 3143/3344/3228 3207/3406/3228 3144/3346/3228
f 3170/3345/3229 3234/3407/3229 3171/3347/3229
f 3145/3348/3230 3207/3406/3230 3208/3408/3230
f 3172/3349/3231 3234/3407/3231 3235/3409/3231
f 3146/3350/3232 3208/3408/3232 3209/3410/3232
f 3172/3349/3233 3236/3411/3233 3173/3351/3233
f 3146/3350/3234 3210/3412/3234 3147/3352/3234
f 3173/3351/3235 3237/3413/3235 3174/3353/3235
f 3147/3352/3236 3211/3414/3236 3148/3354/3236
f 3175/3355/3237 3237/3413/3237 3238/3415/3237
f 3149/3356/3238 3211/3414/3238 3212/3416/3238
f 3175/3355/3239 3239/3417/3239 3176/3357/3239
f 3149/3356/3240 3213/3418/3240 3150/3358/3240
f 3177/3359/3241 3239/3417/3241 3240/3419/3241
f 3151/3360/3242 3213/3418/3242 3214/3420/3242
f 3178/3361/3243 3240/3419/3243 3241/3421/3243
f 3152/3362/3244 3214/3420/3244 3215/3422/3244
f 3178/3361/3245 3242/3423/3245 3179/3363/3245
f 3152/3362/3246 3216/3424/3246 3153/3364/3246
f 3179/3363/3247 3243/3425/3247 3180/3365/3247
f 3154/3366/3248 3216/3424/3248 3217/3426/3248
f 3181/3367/3249 3243/3425/3249 3244/3427/3249
f 3154/3366/3250 3218/3428/3250 3155/3368/3250
f 3181/3367/3251 3245/3429/3251 3182/3369/3251
f 3156/3370/3252 3218/3428/3252 3219/3430/3252
f 3183/3371/3253 3245/3429/3253 3246/3431/3253
f 3156/3370/3254 3220/3432/3254 3157/3372/3254
f 3131/3374/3255 2058/3433/3255 3194/3434/3255
f 3183/3371/3256 3247/3435/3256 3184/3375/3256
f 3157/3372/3257 3221/3436/3257 3158/3313/3257
f 3131/3374/3258 3195/3437/3258 3132/3376/3258
f 3184/3375/3259 3248/3438/3259 3185/3312/3259
f 3159/3314/3260 3221/3436/3260 3222/3439/3260
f 3132/3376/3261 3196/3440/3261 3133/3315/3261
f 3185/3312/3262 3249/3377/3262 3186/3316/3262
f 3159/3314/3263 3223/3441/3263 3160/3317/3263
f 3133/3315/3264 3197/3380/3264 3134/3318/3264
f 3225/3383/3265 3289/3442/3265 3226/3386/3265
f 3233/3405/3266 3297/3443/3266 3234/3407/3266
f 3200/3387/3267 3262/3444/3267 3263/3445/3267
f 3227/3389/3268 3289/3442/3268 3290/3446/3268
f 3235/3409/3269 3297/3443/3269 3298/3447/3269
f 3200/3387/3270 3264/3448/3270 3201/3390/3270
f 3227/3389/3271 3291/3449/3271 3228/3392/3271
f 3201/3390/3272 3265/3450/3272 3202/3393/3272
f 3235/3409/3273 3299/3451/3273 3236/3411/3273
f 3228/3392/3274 3292/3452/3274 3229/3395/3274
f 3203/3396/3275 3265/3450/3275 3266/3453/3275
f 3236/3411/3276 3300/3454/3276 3237/3413/3276
f 3230/3398/3277 3292/3452/3277 3293/3455/3277
f 3203/3396/3278 3267/3456/3278 3204/3399/3278
f 3238/3415/3279 3300/3454/3279 3301/3457/3279
f 3231/3401/3280 3293/3455/3280 3294/3458/3280
f 3204/3399/3281 3268/3459/3281 3205/3402/3281
f 3238/3415/3282 3302/3460/3282 3239/3417/3282
f 3206/3404/3283 3268/3459/3283 3269/3461/3283
f 3240/3419/3284 3302/3460/3284 3303/3462/3284
f 3206/3404/3285 3270/3463/3285 3207/3406/3285
f 3241/3421/3286 3303/3462/3286 3304/3464/3286
f 3241/3421/3287 3305/3465/3287 3242/3423/3287
f 3208/3408/3288 3270/3463/3288 3271/3466/3288
f 3242/3423/3289 3306/3467/3289 3243/3425/3289
f 3209/3410/3290 3271/3466/3290 3272/3468/3290
f 3244/3427/3291 3306/3467/3291 3307/3469/3291
f 3209/3410/3292 3273/3470/3292 3210/3412/3292
f 3244/3427/3293 3308/3471/3293 3245/3429/3293
f 3210/3412/3294 3274/3472/3294 3211/3414/3294
f 3246/3431/3295 3308/3471/3295 3309/3473/3295
f 3212/3416/3296 3274/3472/3296 3275/3474/3296
f 3246/3431/3297 3310/3475/3297 3247/3435/3297
f 3212/3416/3298 3276/3476/3298 3213/3418/3298
f 3247/3435/3299 3311/3477/3299 3248/3438/3299
f 3214/3420/3300 3276/3476/3300 3277/3478/3300
f 3248/3438/3301 3312/3479/3301 3249/3377/3301
f 3215/3422/3302 3277/3478/3302 3278/3480/3302
f 3250/3378/3303 3312/3479/3303 3313/3481/3303
f 3215/3422/3304 3279/3482/3304 3216/3424/3304
f 3250/3378/3305 3314/3483/3305 3251/3382/3305
f 3217/3426/3306 3279/3482/3306 3280/3484/3306
f 3252/3385/3307 3314/3483/3307 3315/3485/3307
f 3217/3426/3308 3281/3486/3308 3218/3428/3308
f 3252/3385/3309 3316/3487/3309 3253/3388/3309
f 3219/3430/3310 3281/3486/3310 3282/3488/3310
f 3253/3388/3311 3317/3489/3311 3254/3391/3311
f 3219/3430/3312 3283/3490/3312 3220/3432/3312
f 3194/3434/3313 2058/3491/3313 3257/3492/3313
f 3255/3394/3314 3317/3489/3314 3318/3493/3314
f 3220/3432/3315 3284/3494/3315 3221/3436/3315
f 3194/3434/3316 3258/3495/3316 3195/3437/3316
f 3255/3394/3317 3319/3496/3317 3256/3397/3317
f 3222/3439/3318 3284/3494/3318 3285/3497/3318
f 3195/3437/3319 3259/3498/3319 3196/3440/3319
f 2752/3499/3320 3256/3397/3320 3319/3496/3320
f 3222/3439/3321 3286/3500/3321 3223/3441/3321
f 3197/3380/3322 3259/3498/3322 3260/3501/3322
f 3223/3441/3323 3287/3502/3323 3224/3379/3323
f 3231/3401/3324 3295/3503/3324 3232/3403/3324
f 3198/3381/3325 3260/3501/3325 3261/3504/3325
f 3225/3383/3326 3287/3502/3326 3288/3505/3326
f 3233/3405/3327 3295/3503/3327 3296/3506/3327
f 3198/3381/3328 3262/3444/3328 3199/3384/3328
f 3298/3447/3329 3362/3507/3329 3299/3451/3329
f 3272/3468/3330 3336/3508/3330 3273/3470/3330
f 3299/3451/3331 3363/3509/3331 3300/3454/3331
f 3273/3470/3332 3337/3510/3332 3274/3472/3332
f 3301/3457/3333 3363/3509/3333 3364/3511/3333
f 3275/3474/3334 3337/3510/3334 3338/3512/3334
f 3301/3457/3335 3365/3513/3335 3302/3460/3335
f 3275/3474/3336 3339/3514/3336 3276/3476/3336
f 3303/3462/3337 3365/3513/3337 3366/3515/3337
f 3277/3478/3338 3339/3514/3338 3340/3516/3338
f 3304/3464/3339 3366/3515/3339 3367/3517/3339
f 3278/3480/3340 3340/3516/3340 3341/3518/3340
f 3304/3464/3341 3368/3519/3341 3305/3465/3341
f 3278/3480/3342 3342/3520/3342 3279/3482/3342
f 3305/3465/3343 3369/3521/3343 3306/3467/3343
f 3280/3484/3344 3342/3520/3344 3343/3522/3344
f 3307/3469/3345 3369/3521/3345 3370/3523/3345
f 3280/3484/3346 3344/3524/3346 3281/3486/3346
f 3307/3469/3347 3371/3525/3347 3308/3471/3347
f 3282/3488/3348 3344/3524/3348 3345/3526/3348
f 3309/3473/3349 3371/3525/3349 3372/3527/3349
f 3282/3488/3350 3346/3528/3350 3283/3490/3350
f 3257/3492/3351 2058/3529/3351 3320/3530/3351
f 3309/3473/3352 3373/3531/3352 3310/3475/3352
f 3283/3490/3353 3347/3532/3353 3284/3494/3353
f 3257/3492/3354 3321/3533/3354 3258/3495/3354
f 3310/3475/3355 3374/3534/3355 3311/3477/3355
f 3285/3497/3356 3347/3532/3356 3348/3535/3356
f 3258/3495/3357 3322/3536/3357 3259/3498/3357
f 3312/3479/3358 3374/3534/3358 3375/3537/3358
f 3285/3497/3359 3349/3538/3359 3286/3500/3359
f 3259/3498/3360 3323/3539/3360 3260/3501/3360
f 3313/3481/3361 3375/3537/3361 3376/3540/3361
f 3286/3500/3362 3350/3541/3362 3287/3502/3362
f 3261/3504/3363 3323/3539/3363 3324/3542/3363
f 3313/3481/3364 3377/3543/3364 3314/3483/3364
f 3288/3505/3365 3350/3541/3365 3351/3544/3365
f 3261/3504/3366 3325/3545/3366 3262/3444/3366
f 3315/3485/3367 3377/3543/3367 3378/3546/3367
f 3288/3505/3368 3352/3547/3368 3289/3442/3368
f 3263/3445/3369 3325/3545/3369 3326/3548/3369
f 3315/3485/3370 3379/3549/3370 3316/3487/3370
f 3290/3446/3371 3352/3547/3371 3353/3550/3371
f 3263/3445/3372 3327/3551/3372 3264/3448/3372
f 3316/3487/3373 3380/3552/3373 3317/3489/3373
f 3291/3449/3374 3353/3550/3374 3354/3553/3374
f 3264/3448/3375 3328/3554/3375 3265/3450/3375
f 3318/3493/3376 3380/3552/3376 3381/3555/3376
f 3291/3449/3377 3355/3556/3377 3292/3452/3377
f 3266/3453/3378 3328/3554/3378 3329/3557/3378
f 3318/3493/3379 3382/3558/3379 3319/3496/3379
f 3293/3455/3380 3355/3556/3380 3356/3559/3380
f 3267/3456/3381 3329/3557/3381 3330/3560/3381
f 2752/3561/3382 3319/3496/3382 3382/3558/3382
f 3294/3458/3383 3356/3559/3383 3357/3562/3383
f 3267/3456/3384 3331/3563/3384 3268/3459/3384
f 3294/3458/3385 3358/3564/3385 3295/3503/3385
f 3269/3461/3386 3331/3563/3386 3332/3565/3386
f 3296/3506/3387 3358/3564/3387 3359/3566/3387
f 3269/3461/3388 3333/3567/3388 3270/3463/3388
f 3296/3506/3389 3360/3568/3389 3297/3443/3389
f 3271/3466/3390 3333/3567/3390 3334/3569/3390
f 3298/3447/3391 3360/3568/3391 3361/3570/3391
f 3272/3468/3392 3334/3569/3392 3335/3571/3392
f 3364/3511/3393 3426/3572/3393 3427/3573/3393
f 3338/3512/3394 3400/3574/3394 3401/3575/3394
f 3364/3511/3395 3428/3576/3395 3365/3513/3395
f 3338/3512/3396 3402/3577/3396 3339/3514/3396
f 3366/3515/3397 3428/3576/3397 3429/3578/3397
f 3340/3516/3398 3402/3577/3398 3403/3579/3398
f 3367/3517/3399 3429/3578/3399 3430/3580/3399
f 3341/3518/3400 3403/3579/3400 3404/3581/3400
f 3367/3517/3401 3431/3582/3401 3368/3519/3401
f 3341/3518/3402 3405/3583/3402 3342/3520/3402
f 3368/3519/3403 3432/3584/3403 3369/3521/3403
f 3343/3522/3404 3405/3583/3404 3406/3585/3404
f 3370/3523/3405 3432/3584/3405 3433/3586/3405
f 3343/3522/3406 3407/3587/3406 3344/3524/3406
f 3370/3523/3407 3434/3588/3407 3371/3525/3407
f 3345/3526/3408 3407/3587/3408 3408/3589/3408
f 3372/3527/3409 3434/3588/3409 3435/3590/3409
f 3345/3526/3410 3409/3591/3410 3346/3528/3410
f 3320/3530/3411 2058/3592/3411 3383/3593/3411
f 3372/3527/3412 3436/3594/3412 3373/3531/3412
f 3346/3528/3413 3410/3595/3413 3347/3532/3413
f 3320/3530/3414 3384/3596/3414 3321/3533/3414
f 3373/3531/3415 3437/3597/3415 3374/3534/3415
f 3348/3535/3416 3410/3595/3416 3411/3598/3416
f 3321/3533/3417 3385/3599/3417 3322/3536/3417
f 3375/3537/3418 3437/3597/3418 3438/3600/3418
f 3348/3535/3419 3412/3601/3419 3349/3538/3419
f 3322/3536/3420 3386/3602/3420 3323/3539/3420
f 3376/3540/3421 3438/3600/3421 3439/3603/3421
f 3350/3541/3422 3412/3601/3422 3413/3604/3422
f 3324/3542/3423 3386/3602/3423 3387/3605/3423
f 3376/3540/3424 3440/3606/3424 3377/3543/3424
f 3351/3544/3425 3413/3604/3425 3414/3607/3425
f 3325/3545/3426 3387/3605/3426 3388/3608/3426
f 3377/3543/3427 3441/3609/3427 3378/3546/3427
f 3351/3544/3428 3415/3610/3428 3352/3547/3428
f 3326/3548/3429 3388/3608/3429 3389/3611/3429
f 3378/3546/3430 3442/3612/3430 3379/3549/3430
f 3352/3547/3431 3416/3613/3431 3353/3550/3431
f 3326/3548/3432 3390/3614/3432 3327/3551/3432
f 3379/3549/3433 3443/3615/3433 3380/3552/3433
f 3354/3553/3434 3416/3613/3434 3417/3616/3434
f 3327/3551/3435 3391/3617/3435 3328/3554/3435
f 3381/3555/3436 3443/3615/3436 3444/3618/3436
f 3354/3553/3437 3418/3619/3437 3355/3556/3437
f 3329/3557/3438 3391/3617/3438 3392/3620/3438
f 3382/3558/3439 3444/3618/3439 3445/3621/3439
f 3356/3559/3440 3418/3619/3440 3419/3622/3440
f 3330/3560/3441 3392/3620/3441 3393/3623/3441
f 2752/3624/3442 3382/3558/3442 3445/3621/3442
f 3357/3562/3443 3419/3622/3443 3420/3625/3443
f 3330/3560/3444 3394/3626/3444 3331/3563/3444
f 3357/3562/3445 3421/3627/3445 3358/3564/3445
f 3332/3565/3446 3394/3626/3446 3395/3628/3446
f 3359/3566/3447 3421/3627/3447 3422/3629/3447
f 3332/3565/3448 3396/3630/3448 3333/3567/3448
f 3359/3566/3449 3423/3631/3449 3360/3568/3449
f 3334/3569/3450 3396/3630/3450 3397/3632/3450
f 3361/3570/3451 3423/3631/3451 3424/3633/3451
f 3335/3571/3452 3397/3632/3452 3398/3634/3452
f 3361/3570/3453 3425/3635/3453 3362/3507/3453
f 3335/3571/3454 3399/3636/3454 3336/3508/3454
f 3362/3507/3455 3426/3572/3455 3363/3509/3455
f 3336/3508/3456 3400/3574/3456 3337/3510/3456
f 3429/3578/3457 3491/3637/3457 3492/3638/3457
f 3403/3579/3458 3465/3639/3458 3466/3640/3458
f 3430/3580/3459 3492/3638/3459 3493/3641/3459
f 3404/3581/3460 3466/3640/3460 3467/3642/3460
f 3430/3580/3461 3494/3643/3461 3431/3582/3461
f 3404/3581/3462 3468/3644/3462 3405/3583/3462
f 3431/3582/3463 3495/3645/3463 3432/3584/3463
f 3406/3585/3464 3468/3644/3464 3469/3646/3464
f 3433/3586/3465 3495/3645/3465 3496/3647/3465
f 3406/3585/3466 3470/3648/3466 3407/3587/3466
f 3433/3586/3467 3497/3649/3467 3434/3588/3467
f 3408/3589/3468 3470/3648/3468 3471/3650/3468
f 3435/3590/3469 3497/3649/3469 3498/3651/3469
f 3408/3589/3470 3472/3652/3470 3409/3591/3470
f 3383/3593/3471 2058/3653/3471 3446/3654/3471
f 3435/3590/3472 3499/3655/3472 3436/3594/3472
f 3409/3591/3473 3473/3656/3473 3410/3595/3473
f 3383/3593/3474 3447/3657/3474 3384/3596/3474
f 3436/3594/3475 3500/3658/3475 3437/3597/3475
f 3411/3598/3476 3473/3656/3476 3474/3659/3476
f 3384/3596/3477 3448/3660/3477 3385/3599/3477
f 3438/3600/3478 3500/3658/3478 3501/3661/3478
f 3411/3598/3479 3475/3662/3479 3412/3601/3479
f 3385/3599/3480 3449/3663/3480 3386/3602/3480
f 3439/3603/3481 3501/3661/3481 3502/3664/3481
f 3412/3601/3482 3476/3665/3482 3413/3604/3482
f 3387/3605/3483 3449/3663/3483 3450/3666/3483
f 3439/3603/3484 3503/3667/3484 3440/3606/3484
f 3414/3607/3485 3476/3665/3485 3477/3668/3485
f 3387/3605/3486 3451/3669/3486 3388/3608/3486
f 3441/3609/3487 3503/3667/3487 3504/3670/3487
f 3414/3607/3488 3478/3671/3488 3415/3610/3488
f 3389/3611/3489 3451/3669/3489 3452/3672/3489
f 3441/3609/3490 3505/3673/3490 3442/3612/3490
f 3416/3613/3491 3478/3671/3491 3479/3674/3491
f 3389/3611/3492 3453/3675/3492 3390/3614/3492
f 3443/3615/3493 3505/3673/3493 3506/3676/3493
f 3417/3616/3494 3479/3674/3494 3480/3677/3494
f 3390/3614/3495 3454/3678/3495 3391/3617/3495
f 3443/3615/3496 3507/3679/3496 3444/3618/3496
f 3417/3616/3497 3481/3680/3497 3418/3619/3497
f 3392/3620/3498 3454/3678/3498 3455/3681/3498
f 3444/3618/3499 3508/3682/3499 3445/3621/3499
f 3419/3622/3500 3481/3680/3500 3482/3683/3500
f 3393/3623/3501 3455/3681/3501 3456/3684/3501
f 2752/3685/3502 3445/3621/3502 3508/3682/3502
f 3420/3625/3503 3482/3683/3503 3483/3686/3503
f 3393/3623/3504 3457/3687/3504 3394/3626/3504
f 3420/3625/3505 3484/3688/3505 3421/3627/3505
f 3395/3628/3506 3457/3687/3506 3458/3689/3506
f 3422/3629/3507 3484/3688/3507 3485/3690/3507
f 3395/3628/3508 3459/3691/3508 3396/3630/3508
f 3422/3629/3509 3486/3692/3509 3423/3631/3509
f 3397/3632/3510 3459/3691/3510 3460/3693/3510
f 3424/3633/3511 3486/3692/3511 3487/3694/3511
f 3398/3634/3512 3460/3693/3512 3461/3695/3512
f 3424/3633/3513 3488/3696/3513 3425/3635/3513
f 3398/3634/3514 3462/3697/3514 3399/3636/3514
f 3425/3635/3515 3489/3698/3515 3426/3572/3515
f 3399/3636/3516 3463/3699/3516 3400/3574/3516
f 3427/3573/3517 3489/3698/3517 3490/3700/3517
f 3401/3575/3518 3463/3699/3518 3464/3701/3518
f 3427/3573/3519 3491/3637/3519 3428/3576/3519
f 3401/3575/3520 3465/3639/3520 3402/3577/3520
f 3493/3641/3521 3557/3702/3521 3494/3643/3521
f 3467/3642/3522 3531/3703/3522 3468/3644/3522
f 3494/3643/3523 3558/3704/3523 3495/3645/3523
f 3469/3646/3524 3531/3703/3524 3532/3705/3524
f 3496/3647/3525 3558/3704/3525 3559/3706/3525
f 3469/3646/3526 3533/3707/3526 3470/3648/3526
f 3496/3647/3527 3560/3708/3527 3497/3649/3527
f 3471/3650/3528 3533/3707/3528 3534/3709/3528
f 3498/3651/3529 3560/3708/3529 3561/3710/3529
f 3471/3650/3530 3535/3711/3530 3472/3652/3530
f 3446/3654/3531 2058/3712/3531 3509/3713/3531
f 3498/3651/3532 3562/3714/3532 3499/3655/3532
f 3472/3652/3533 3536/3715/3533 3473/3656/3533
f 3446/3654/3534 3510/3716/3534 3447/3657/3534
f 3499/3655/3535 3563/3717/3535 3500/3658/3535
f 3474/3659/3536 3536/3715/3536 3537/3718/3536
f 3447/3657/3537 3511/3719/3537 3448/3660/3537
f 3501/3661/3538 3563/3717/3538 3564/3720/3538
f 3474/3659/3539 3538/3721/3539 3475/3662/3539
f 3448/3660/3540 3512/3722/3540 3449/3663/3540
f 3502/3664/3541 3564/3720/3541 3565/3723/3541
f 3475/3662/3542 3539/3724/3542 3476/3665/3542
f 3450/3666/3543 3512/3722/3543 3513/3725/3543
f 3502/3664/3544 3566/3726/3544 3503/3667/3544
f 3477/3668/3545 3539/3724/3545 3540/3727/3545
f 3450/3666/3546 3514/3728/3546 3451/3669/3546
f 3504/3670/3547 3566/3726/3547 3567/3729/3547
f 3477/3668/3548 3541/3730/3548 3478/3671/3548
f 3452/3672/3549 3514/3728/3549 3515/3731/3549
f 3504/3670/3550 3568/3732/3550 3505/3673/3550
f 3479/3674/3551 3541/3730/3551 3542/3733/3551
f 3452/3672/3552 3516/3734/3552 3453/3675/3552
f 3505/3673/3553 3569/3735/3553 3506/3676/3553
f 3480/3677/3554 3542/3733/3554 3543/3736/3554
f 3453/3675/3555 3517/3737/3555 3454/3678/3555
f 3507/3679/3556 3569/3735/3556 3570/3738/3556
f 3480/3677/3557 3544/3739/3557 3481/3680/3557
f 3455/3681/3558 3517/3737/3558 3518/3740/3558
f 3508/3682/3559 3570/3738/3559 3571/3741/3559
f 3482/3683/3560 3544/3739/3560 3545/3742/3560
f 3455/3681/3561 3519/3743/3561 3456/3684/3561
f 2752/3744/3562 3508/3682/3562 3571/3741/3562
f 3483/3686/3563 3545/3742/3563 3546/3745/3563
f 3456/3684/3564 3520/3746/3564 3457/3687/3564
f 3483/3686/3565 3547/3747/3565 3484/3688/3565
f 3458/3689/3566 3520/3746/3566 3521/3748/3566
f 3485/3690/3567 3547/3747/3567 3548/3749/3567
f 3458/3689/3568 3522/3750/3568 3459/3691/3568
f 3485/3690/3569 3549/3751/3569 3486/3692/3569
f 3460/3693/3570 3522/3750/3570 3523/3752/3570
f 3487/3694/3571 3549/3751/3571 3550/3753/3571
f 3461/3695/3572 3523/3752/3572 3524/3754/3572
f 3487/3694/3573 3551/3755/3573 3488/3696/3573
f 3461/3695/3574 3525/3756/3574 3462/3697/3574
f 3488/3696/3575 3552/3757/3575 3489/3698/3575
f 3462/3697/3576 3526/3758/3576 3463/3699/3576
f 3490/3700/3577 3552/3757/3577 3553/3759/3577
f 3464/3701/3578 3526/3758/3578 3527/3760/3578
f 3490/3700/3579 3554/3761/3579 3491/3637/3579
f 3464/3701/3580 3528/3762/3580 3465/3639/3580
f 3492/3638/3581 3554/3761/3581 3555/3763/3581
f 3466/3640/3582 3528/3762/3582 3529/3764/3582
f 3493/3641/3583 3555/3763/3583 3556/3765/3583
f 3467/3642/3584 3529/3764/3584 3530/3766/3584
f 3559/3706/3585 3621/3767/3585 3622/3768/3585
f 3532/3705/3586 3596/3769/3586 3533/3707/3586
f 3559/3706/3587 3623/3770/3587 3560/3708/3587
f 3534/3709/3588 3596/3769/3588 3597/3771/3588
f 3561/3710/3589 3623/3770/3589 3624/3772/3589
f 3534/3709/3590 3598/3773/3590 3535/3711/3590
f 3509/3713/3591 2058/3774/3591 3572/3775/3591
f 3561/3710/3592 3625/3776/3592 3562/3714/3592
f 3535/3711/3593 3599/3777/3593 3536/3715/3593
f 3509/3713/3594 3573/3778/3594 3510/3716/3594
f 3562/3714/3595 3626/3779/3595 3563/3717/3595
f 3537/3718/3596 3599/3777/3596 3600/3780/3596
f 3510/3716/3597 3574/3781/3597 3511/3719/3597
f 3564/3720/3598 3626/3779/3598 3627/3782/3598
f 3537/3718/3599 3601/3783/3599 3538/3721/3599
f 3511/3719/3600 3575/3784/3600 3512/3722/3600
f 3565/3723/3601 3627/3782/3601 3628/3785/3601
f 3539/3724/3602 3601/3783/3602 3602/3786/3602
f 3513/3725/3603 3575/3784/3603 3576/3787/3603
f 3565/3723/3604 3629/3788/3604 3566/3726/3604
f 3540/3727/3605 3602/3786/3605 3603/3789/3605
f 3513/3725/3606 3577/3790/3606 3514/3728/3606
f 3567/3729/3607 3629/3788/3607 3630/3791/3607
f 3540/3727/3608 3604/3792/3608 3541/3730/3608
f 3515/3731/3609 3577/3790/3609 3578/3793/3609
f 3567/3729/3610 3631/3794/3610 3568/3732/3610
f 3541/3730/3611 3605/3795/3611 3542/3733/3611
f 3515/3731/3612 3579/3796/3612 3516/3734/3612
f 3569/3735/3613 3631/3794/3613 3632/3797/3613
f 3543/3736/3614 3605/3795/3614 3606/3798/3614
f 3516/3734/3615 3580/3799/3615 3517/3737/3615
f 3570/3738/3616 3632/3797/3616 3633/3800/3616
f 3543/3736/3617 3607/3801/3617 3544/3739/3617
f 3518/3740/3618 3580/3799/3618 3581/3802/3618
f 3571/3741/3619 3633/3800/3619 3634/3803/3619
f 3545/3742/3620 3607/3801/3620 3608/3804/3620
f 3518/3740/3621 3582/3805/3621 3519/3743/3621
f 2752/3806/3622 3571/3741/3622 3634/3803/3622
f 3545/3742/3623 3609/3807/3623 3546/3745/3623
f 3519/3743/3624 3583/3808/3624 3520/3746/3624
f 3546/3745/3625 3610/3809/3625 3547/3747/3625
f 3521/3748/3626 3583/3808/3626 3584/3810/3626
f 3548/3749/3627 3610/3809/3627 3611/3811/3627
f 3521/3748/3628 3585/3812/3628 3522/3750/3628
f 3548/3749/3629 3612/3813/3629 3549/3751/3629
f 3523/3752/3630 3585/3812/3630 3586/3814/3630
f 3550/3753/3631 3612/3813/3631 3613/3815/3631
f 3524/3754/3632 3586/3814/3632 3587/3816/3632
f 3550/3753/3633 3614/3817/3633 3551/3755/3633
f 3524/3754/3634 3588/3818/3634 3525/3756/3634
f 3551/3755/3635 3615/3819/3635 3552/3757/3635
f 3525/3756/3636 3589/3820/3636 3526/3758/3636
f 3553/3759/3637 3615/3819/3637 3616/3821/3637
f 3527/3760/3638 3589/3820/3638 3590/3822/3638
f 3553/3759/3639 3617/3823/3639 3554/3761/3639
f 3527/3760/3640 3591/3824/3640 3528/3762/3640
f 3555/3763/3641 3617/3823/3641 3618/3825/3641
f 3529/3764/3642 3591/3824/3642 3592/3826/3642
f 3556/3765/3643 3618/3825/3643 3619/3827/3643
f 3530/3766/3644 3592/3826/3644 3593/3828/3644
f 3556/3765/3645 3620/3829/3645 3557/3702/3645
f 3530/3766/3646 3594/3830/3646 3531/3703/3646
f 3557/3702/3647 3621/3767/3647 3558/3704/3647
f 3532/3705/3648 3594/3830/3648 3595/3831/3648
f 3624/3772/3649 3686/3832/3649 3687/3833/3649
f 3597/3771/3650 3661/3834/3650 3598/3773/3650
f 3572/3775/3651 2058/3835/3651 3635/3836/3651
f 3624/3772/3652 3688/3837/3652 3625/3776/3652
f 3598/3773/3653 3662/3838/3653 3599/3777/3653
f 3572/3775/3654 3636/3839/3654 3573/3778/3654
f 3625/3776/3655 3689/3840/3655 3626/3779/3655
f 3600/3780/3656 3662/3838/3656 3663/3841/3656
f 3573/3778/3657 3637/3842/3657 3574/3781/3657
f 3627/3782/3658 3689/3840/3658 3690/3843/3658
f 3600/3780/3659 3664/3844/3659 3601/3783/3659
f 3574/3781/3660 3638/3845/3660 3575/3784/3660
f 3628/3785/3661 3690/3843/3661 3691/3846/3661
f 3602/3786/3662 3664/3844/3662 3665/3847/3662
f 3576/3787/3663 3638/3845/3663 3639/3848/3663
f 3628/3785/3664 3692/3849/3664 3629/3788/3664
f 3603/3789/3665 3665/3847/3665 3666/3850/3665
f 3576/3787/3666 3640/3851/3666 3577/3790/3666
f 3629/3788/3667 3693/3852/3667 3630/3791/3667
f 3603/3789/3668 3667/3853/3668 3604/3792/3668
f 3578/3793/3669 3640/3851/3669 3641/3854/3669
f 3630/3791/3670 3694/3855/3670 3631/3794/3670
f 3604/3792/3671 3668/3856/3671 3605/3795/3671
f 3578/3793/3672 3642/3857/3672 3579/3796/3672
f 3631/3794/3673 3695/3858/3673 3632/3797/3673
f 3606/3798/3674 3668/3856/3674 3669/3859/3674
f 3579/3796/3675 3643/3860/3675 3580/3799/3675
f 3633/3800/3676 3695/3858/3676 3696/3861/3676
f 3606/3798/3677 3670/3862/3677 3607/3801/3677
f 3581/3802/3678 3643/3860/3678 3644/3863/3678
f 3634/3803/3679 3696/3861/3679 3697/3864/3679
f 3608/3804/3680 3670/3862/3680 3671/3865/3680
f 3582/3805/3681 3644/3863/3681 3645/3866/3681
f 2752/3867/3682 3634/3803/3682 3697/3864/3682
f 3609/3807/3683 3671/3865/3683 3672/3868/3683
f 3582/3805/3684 3646/3869/3684 3583/3808/3684
f 3609/3807/3685 3673/3870/3685 3610/3809/3685
f 3584/3810/3686 3646/3869/3686 3647/3871/3686
f 3611/3811/3687 3673/3870/3687 3674/3872/3687
f 3584/3810/3688 3648/3873/3688 3585/3812/3688
f 3611/3811/3689 3675/3874/3689 3612/3813/3689
f 3586/3814/3690 3648/3873/3690 3649/3875/3690
f 3613/3815/3691 3675/3874/3691 3676/3876/3691
f 3587/3816/3692 3649/3875/3692 3650/3877/3692
f 3613/3815/3693 3677/3878/3693 3614/3817/3693
f 3587/3816/3694 3651/3879/3694 3588/3818/3694
f 3614/3817/3695 3678/3880/3695 3615/3819/3695
f 3588/3818/3696 3652/3881/3696 3589/3820/3696
f 3616/3821/3697 3678/3880/3697 3679/3882/3697
f 3590/3822/3698 3652/3881/3698 3653/3883/3698
f 3616/3821/3699 3680/3884/3699 3617/3823/3699
f 3590/3822/3700 3654/3885/3700 3591/3824/3700
f 3618/3825/3701 3680/3884/3701 3681/3886/3701
f 3592/3826/3702 3654/3885/3702 3655/3887/3702
f 3619/3827/3703 3681/3886/3703 3682/3888/3703
f 3593/3828/3704 3655/3887/3704 3656/3889/3704
f 3619/3827/3705 3683/3890/3705 3620/3829/3705
f 3593/3828/3706 3657/3891/3706 3594/3830/3706
f 3620/3829/3707 3684/3892/3707 3621/3767/3707
f 3595/3831/3708 3657/3891/3708 3658/3893/3708
f 3622/3768/3709 3684/3892/3709 3685/3894/3709
f 3595/3831/3710 3659/3895/3710 3596/3769/3710
f 3622/3768/3711 3686/3832/3711 3623/3770/3711
f 3597/3771/3712 3659/3895/3712 3660/3896/3712
f 3635/3836/3713 3699/3897/3713 3636/3839/3713
f 3688/3837/3714 3752/3898/3714 3689/3840/3714
f 3663/3841/3715 3725/3899/3715 3726/3900/3715
f 3636/3839/3716 3700/3901/3716 3637/3842/3716
f 3690/3843/3717 3752/3898/3717 3753/3902/3717
f 3663/3841/3718 3727/3903/3718 3664/3844/3718
f 3637/3842/3719 3701/3904/3719 3638/3845/3719
f 3691/3846/3720 3753/3902/3720 3754/3905/3720
f 3665/3847/3721 3727/3903/3721 3728/3906/3721
f 3639/3848/3722 3701/3904/3722 3702/3907/3722
f 3691/3846/3723 3755/3908/3723 3692/3849/3723
f 3666/3850/3724 3728/3906/3724 3729/3909/3724
f 3639/3848/3725 3703/3910/3725 3640/3851/3725
f 3693/3852/3726 3755/3908/3726 3756/3911/3726
f 3666/3850/3727 3730/3912/3727 3667/3853/3727
f 3641/3854/3728 3703/3910/3728 3704/3913/3728
f 3693/3852/3729 3757/3914/3729 3694/3855/3729
f 3667/3853/3730 3731/3915/3730 3668/3856/3730
f 3641/3854/3731 3705/3916/3731 3642/3857/3731
f 3694/3855/3732 3758/3917/3732 3695/3858/3732
f 3669/3859/3733 3731/3915/3733 3732/3918/3733
f 3642/3857/3734 3706/3919/3734 3643/3860/3734
f 3696/3861/3735 3758/3917/3735 3759/3920/3735
f 3669/3859/3736 3733/3921/3736 3670/3862/3736
f 3644/3863/3737 3706/3919/3737 3707/3922/3737
f 3696/3861/3738 3760/3923/3738 3697/3864/3738
f 3671/3865/3739 3733/3921/3739 3734/3924/3739
f 3645/3866/3740 3707/3922/3740 3708/3925/3740
f 2752/3926/3741 3697/3864/3741 3760/3923/3741
f 3672/3868/3742 3734/3924/3742 3735/3927/3742
f 3645/3866/3743 3709/3928/3743 3646/3869/3743
f 3672/3868/3744 3736/3929/3744 3673/3870/3744
f 3647/3871/3745 3709/3928/3745 3710/3930/3745
f 3674/3872/3746 3736/3929/3746 3737/3931/3746
f 3647/3871/3747 3711/3932/3747 3648/3873/3747
f 3674/3872/3748 3738/3933/3748 3675/3874/3748
f 3649/3875/3749 3711/3932/3749 3712/3934/3749
f 3676/3876/3750 3738/3933/3750 3739/3935/3750
f 3650/3877/3751 3712/3934/3751 3713/3936/3751
f 3676/3876/3752 3740/3937/3752 3677/3878/3752
f 3650/3877/3753 3714/3938/3753 3651/3879/3753
f 3677/3878/3754 3741/3939/3754 3678/3880/3754
f 3651/3879/3755 3715/3940/3755 3652/3881/3755
f 3679/3882/3756 3741/3939/3756 3742/3941/3756
f 3653/3883/3757 3715/3940/3757 3716/3942/3757
f 3679/3882/3758 3743/3943/3758 3680/3884/3758
f 3653/3883/3759 3717/3944/3759 3654/3885/3759
f 3681/3886/3760 3743/3943/3760 3744/3945/3760
f 3655/3887/3761 3717/3944/3761 3718/3946/3761
f 3682/3888/3762 3744/3945/3762 3745/3947/3762
f 3656/3889/3763 3718/3946/3763 3719/3948/3763
f 3682/3888/3764 3746/3949/3764 3683/3890/3764
f 3656/3889/3765 3720/3950/3765 3657/3891/3765
f 3683/3890/3766 3747/3951/3766 3684/3892/3766
f 3658/3893/3767 3720/3950/3767 3721/3952/3767
f 3685/3894/3768 3747/3951/3768 3748/3953/3768
f 3658/3893/3769 3722/3954/3769 3659/3895/3769
f 3685/3894/3770 3749/3955/3770 3686/3832/3770
f 3660/3896/3771 3722/3954/3771 3723/3956/3771
f 3687/3833/3772 3749/3955/3772 3750/3957/3772
f 3660/3896/3773 3724/3958/3773 3661/3834/3773
f 3635/3836/3774 2058/3959/3774 3698/3960/3774
f 3688/3837/3775 3750/3957/3775 3751/3961/3775
f 3661/3834/3776 3725/3899/3776 3662/3838/3776
f 3700/3901/3777 3764/3962/3777 3701/3904/3777
f 3754/3905/3778 3816/3963/3778 3817/3964/3778
f 3728/3906/3779 3790/3965/3779 3791/3966/3779
f 3702/3907/3780 3764/3962/3780 3765/3967/3780
f 3754/3905/3781 3818/3968/3781 3755/3908/3781
f 3729/3909/3782 3791/3966/3782 3792/3969/3782
f 3702/3907/3783 3766/3970/3783 3703/3910/3783
f 3756/3911/3784 3818/3968/3784 3819/3971/3784
f 3729/3909/3785 3793/3972/3785 3730/3912/3785
f 3704/3913/3786 3766/3970/3786 3767/3973/3786
f 3756/3911/3787 3820/3974/3787 3757/3914/3787
f 3730/3912/3788 3794/3975/3788 3731/3915/3788
f 3704/3913/3789 3768/3976/3789 3705/3916/3789
f 3757/3914/3790 3821/3977/3790 3758/3917/3790
f 3732/3918/3791 3794/3975/3791 3795/3978/3791
f 3705/3916/3792 3769/3979/3792 3706/3919/3792
f 3759/3920/3793 3821/3977/3793 3822/3980/3793
f 3732/3918/3794 3796/3981/3794 3733/3921/3794
f 3706/3919/3795 3770/3982/3795 3707/3922/3795
f 3759/3920/3796 3823/3983/3796 3760/3923/3796
f 3734/3924/3797 3796/3981/3797 3797/3984/3797
f 3707/3922/3798 3771/3985/3798 3708/3925/3798
f 2752/3986/3799 3760/3923/3799 3823/3983/3799
f 3735/3927/3800 3797/3984/3800 3798/3987/3800
f 3708/3925/3801 3772/3988/3801 3709/3928/3801
f 3735/3927/3802 3799/3989/3802 3736/3929/3802
f 3710/3930/3803 3772/3988/3803 3773/3990/3803
f 3737/3931/3804 3799/3989/3804 3800/3991/3804
f 3710/3930/3805 3774/3992/3805 3711/3932/3805
f 3737/3931/3806 3801/3993/3806 3738/3933/3806
f 3712/3934/3807 3774/3992/3807 3775/3994/3807
f 3739/3935/3808 3801/3993/3808 3802/3995/3808
f 3712/3934/3809 3776/3996/3809 3713/3936/3809
f 3739/3935/3810 3803/3997/3810 3740/3937/3810
f 3713/3936/3811 3777/3998/3811 3714/3938/3811
f 3740/3937/3812 3804/3999/3812 3741/3939/3812
f 3714/3938/3813 3778/4000/3813 3715/3940/3813
f 3742/3941/3814 3804/3999/3814 3805/4001/3814
f 3716/3942/3815 3778/4000/3815 3779/4002/3815
f 3742/3941/3816 3806/4003/3816 3743/3943/3816
f 3716/3942/3817 3780/4004/3817 3717/3944/3817
f 3744/3945/3818 3806/4003/3818 3807/4005/3818
f 3718/3946/3819 3780/4004/3819 3781/4006/3819
f 3745/3947/3820 3807/4005/3820 3808/4007/3820
f 3719/3948/3821 3781/4006/3821 3782/4008/3821
f 3745/3947/3822 3809/4009/3822 3746/3949/3822
f 3719/3948/3823 3783/4010/3823 3720/3950/3823
f 3746/3949/3824 3810/4011/3824 3747/3951/3824
f 3721/3952/3825 3783/4010/3825 3784/4012/3825
f 3748/3953/3826 3810/4011/3826 3811/4013/3826
f 3721/3952/3827 3785/4014/3827 3722/3954/3827
f 3748/3953/3828 3812/4015/3828 3749/3955/3828
f 3723/3956/3829 3785/4014/3829 3786/4016/3829
f 3750/3957/3830 3812/4015/3830 3813/4017/3830
f 3723/3956/3831 3787/4018/3831 3724/3958/3831
f 3698/3960/3832 2058/4019/3832 3761/4020/3832
f 3750/3957/3833 3814/4021/3833 3751/3961/3833
f 3724/3958/3834 3788/4022/3834 3725/3899/3834
f 3698/3960/3835 3762/4023/3835 3699/3897/3835
f 3752/3898/3836 3814/4021/3836 3815/4024/3836
f 3726/3900/3837 3788/4022/3837 3789/4025/3837
f 3699/3897/3838 3763/4026/3838 3700/3901/3838
f 3752/3898/3839 3816/3963/3839 3753/3902/3839
f 3726/3900/3840 3790/3965/3840 3727/3903/3840
f 3765/3967/3841 3829/4027/3841 3766/3970/3841
f 3819/3971/3842 3881/4028/3842 3882/4029/3842
f 3792/3969/3843 3856/4030/3843 3793/3972/3843
f 3767/3973/3844 3829/4027/3844 3830/4031/3844
f 3819/3971/3845 3883/4032/3845 3820/3974/3845
f 3793/3972/3846 3857/4033/3846 3794/3975/3846
f 3767/3973/3847 3831/4034/3847 3768/3976/3847
f 3820/3974/3848 3884/4035/3848 3821/3977/3848
f 3795/3978/3849 3857/4033/3849 3858/4036/3849
f 3768/3976/3850 3832/4037/3850 3769/3979/3850
f 3822/3980/3851 3884/4035/3851 3885/4038/3851
f 3795/3978/3852 3859/4039/3852 3796/3981/3852
f 3770/3982/3853 3832/4037/3853 3833/4040/3853
f 3822/3980/3854 3886/4041/3854 3823/3983/3854
f 3797/3984/3855 3859/4039/3855 3860/4042/3855
f 3771/3985/3856 3833/4040/3856 3834/4043/3856
f 2752/4044/3857 3823/3983/3857 3886/4041/3857
f 3798/3987/3858 3860/4042/3858 3861/4045/3858
f 3771/3985/3859 3835/4046/3859 3772/3988/3859
f 3798/3987/3860 3862/4047/3860 3799/3989/3860
f 3773/3990/3861 3835/4046/3861 3836/4048/3861
f 3800/3991/3862 3862/4047/3862 3863/4049/3862
f 3773/3990/3863 3837/4050/3863 3774/3992/3863
f 3800/3991/3864 3864/4051/3864 3801/3993/3864
f 3775/3994/3865 3837/4050/3865 3838/4052/3865
f 3802/3995/3866 3864/4051/3866 3865/4053/3866
f 3776/3996/3867 3838/4052/3867 3839/4054/3867
f 3802/3995/3868 3866/4055/3868 3803/3997/3868
f 3776/3996/3869 3840/4056/3869 3777/3998/3869
f 3803/3997/3870 3867/4057/3870 3804/3999/3870
f 3777/3998/3871 3841/4058/3871 3778/4000/3871
f 3805/4001/3872 3867/4057/3872 3868/4059/3872
f 3779/4002/3873 3841/4058/3873 3842/4060/3873
f 3805/4001/3874 3869/4061/3874 3806/4003/3874
f 3779/4002/3875 3843/4062/3875 3780/4004/3875
f 3807/4005/3876 3869/4061/3876 3870/4063/3876
f 3781/4006/3877 3843/4062/3877 3844/4064/3877
f 3808/4007/3878 3870/4063/3878 3871/4065/3878
f 3782/4008/3879 3844/4064/3879 3845/4066/3879
f 3808/4007/3880 3872/4067/3880 3809/4009/3880
f 3782/4008/3881 3846/4068/3881 3783/4010/3881
f 3809/4009/3882 3873/4069/3882 3810/4011/3882
f 3784/4012/3883 3846/4068/3883 3847/4070/3883
f 3811/4013/3884 3873/4069/3884 3874/4071/3884
f 3784/4012/3885 3848/4072/3885 3785/4014/3885
f 3811/4013/3886 3875/4073/3886 3812/4015/3886
f 3786/4016/3887 3848/4072/3887 3849/4074/3887
f 3813/4017/3888 3875/4073/3888 3876/4075/3888
f 3786/4016/3889 3850/4076/3889 3787/4018/3889
f 3761/4020/3890 2058/4077/3890 3824/4078/3890
f 3813/4017/3891 3877/4079/3891 3814/4021/3891
f 3787/4018/3892 3851/4080/3892 3788/4022/3892
f 3761/4020/3893 3825/4081/3893 3762/4023/3893
f 3814/4021/3894 3878/4082/3894 3815/4024/3894
f 3789/4025/3895 3851/4080/3895 3852/4083/3895
f 3762/4023/3896 3826/4084/3896 3763/4026/3896
f 3815/4024/3897 3879/4085/3897 3816/3963/3897
f 3789/4025/3898 3853/4086/3898 3790/3965/3898
f 3763/4026/3899 3827/4087/3899 3764/3962/3899
f 3817/3964/3900 3879/4085/3900 3880/4088/3900
f 3791/3966/3901 3853/4086/3901 3854/4089/3901
f 3765/3967/3902 3827/4087/3902 3828/4090/3902
f 3817/3964/3903 3881/4028/3903 3818/3968/3903
f 3792/3969/3904 3854/4089/3904 3855/4091/3904
f 3830/4031/3905 3894/4092/3905 3831/4034/3905
f 3883/4032/3906 3947/4093/3906 3884/4035/3906
f 3858/4036/3907 3920/4094/3907 3921/4095/3907
f 3832/4037/3908 3894/4092/3908 3895/4096/3908
f 3884/4035/3909 3948/4097/3909 3885/4038/3909
f 3858/4036/3910 3922/4098/3910 3859/4039/3910
f 3832/4037/3911 3896/4099/3911 3833/4040/3911
f 3885/4038/3912 3949/4100/3912 3886/4041/3912
f 3860/4042/3913 3922/4098/3913 3923/4101/3913
f 3834/4043/3914 3896/4099/3914 3897/4102/3914
f 2752/4103/3915 3886/4041/3915 3949/4100/3915
f 3861/4045/3916 3923/4101/3916 3924/4104/3916
f 3834/4043/3917 3898/4105/3917 3835/4046/3917
f 3861/4045/3918 3925/4106/3918 3862/4047/3918
f 3836/4048/3919 3898/4105/3919 3899/4107/3919
f 3863/4049/3920 3925/4106/3920 3926/4108/3920
f 3836/4048/3921 3900/4109/3921 3837/4050/3921
f 3863/4049/3922 3927/4110/3922 3864/4051/3922
f 3838/4052/3923 3900/4109/3923 3901/4111/3923
f 3865/4053/3924 3927/4110/3924 3928/4112/3924
f 3838/4052/3925 3902/4113/3925 3839/4054/3925
f 3865/4053/3926 3929/4114/3926 3866/4055/3926
f 3839/4054/3927 3903/4115/3927 3840/4056/3927
f 3866/4055/3928 3930/4116/3928 3867/4057/3928
f 3840/4056/3929 3904/4117/3929 3841/4058/3929
f 3868/4059/3930 3930/4116/3930 3931/4118/3930
f 3842/4060/3931 3904/4117/3931 3905/4119/3931
f 3868/4059/3932 3932/4120/3932 3869/4061/3932
f 3842/4060/3933 3906/4121/3933 3843/4062/3933
f 3870/4063/3934 3932/4120/3934 3933/4122/3934
f 3844/4064/3935 3906/4121/3935 3907/4123/3935
f 3871/4065/3936 3933/4122/3936 3934/4124/3936
f 3845/4066/3937 3907/4123/3937 3908/4125/3937
f 3872/4067/3938 3934/4124/3938 3935/4126/3938
f 3845/4066/3939 3909/4127/3939 3846/4068/3939
f 3872/4067/3940 3936/4128/3940 3873/4069/3940
f 3847/4070/3941 3909/4127/3941 3910/4129/3941
f 3874/4071/3942 3936/4128/3942 3937/4130/3942
f 3847/4070/3943 3911/4131/3943 3848/4072/3943
f 3874/4071/3944 3938/4132/3944 3875/4073/3944
f 3849/4074/3945 3911/4131/3945 3912/4133/3945
f 3876/4075/3946 3938/4132/3946 3939/4134/3946
f 3849/4074/3947 3913/4135/3947 3850/4076/3947
f 3824/4078/3948 2058/4136/3948 3887/4137/3948
f 3876/4075/3949 3940/4138/3949 3877/4079/3949
f 3850/4076/3950 3914/4139/3950 3851/4080/3950
f 3825/4081/3951 3887/4137/3951 3888/4140/3951
f 3878/4082/3952 3940/4138/3952 3941/4141/3952
f 3852/4083/3953 3914/4139/3953 3915/4142/3953
f 3825/4081/3954 3889/4143/3954 3826/4084/3954
f 3878/4082/3955 3942/4144/3955 3879/4085/3955
f 3852/4083/3956 3916/4145/3956 3853/4086/3956
f 3826/4084/3957 3890/4146/3957 3827/4087/3957
f 3880/4088/3958 3942/4144/3958 3943/4147/3958
f 3853/4086/3959 3917/4148/3959 3854/4089/3959
f 3828/4090/3960 3890/4146/3960 3891/4149/3960
f 3880/4088/3961 3944/4150/3961 3881/4028/3961
f 3855/4091/3962 3917/4148/3962 3918/4151/3962
f 3828/4090/3963 3892/4152/3963 3829/4027/3963
f 3882/4029/3964 3944/4150/3964 3945/4153/3964
f 3855/4091/3965 3919/4154/3965 3856/4030/3965
f 3830/4031/3966 3892/4152/3966 3893/4155/3966
f 3882/4029/3967 3946/4156/3967 3883/4032/3967
f 3857/4033/3968 3919/4154/3968 3920/4094/3968
f 3895/4096/3969 3959/4157/3969 3896/4099/3969
f 3948/4097/3970 4012/4158/3970 3949/4100/3970
f 3923/4101/3971 3985/4159/3971 3986/4160/3971
f 3897/4102/3972 3959/4157/3972 3960/4161/3972
f 2752/4162/3973 3949/4100/3973 4012/4158/3973
f 3924/4104/3974 3986/4160/3974 3987/4163/3974
f 3897/4102/3975 3961/4164/3975 3898/4105/3975
f 3924/4104/3976 3988/4165/3976 3925/4106/3976
f 3899/4107/3977 3961/4164/3977 3962/4166/3977
f 3926/4108/3978 3988/4165/3978 3989/4167/3978
f 3899/4107/3979 3963/4168/3979 3900/4109/3979
f 3926/4108/3980 3990/4169/3980 3927/4110/3980
f 3901/4111/3981 3963/4168/3981 3964/4170/3981
f 3928/4112/3982 3990/4169/3982 3991/4171/3982
f 3901/4111/3983 3965/4172/3983 3902/4113/3983
f 3928/4112/3984 3992/4173/3984 3929/4114/3984
f 3902/4113/3985 3966/4174/3985 3903/4115/3985
f 3929/4114/3986 3993/4175/3986 3930/4116/3986
f 3903/4115/3987 3967/4176/3987 3904/4117/3987
f 3931/4118/3988 3993/4175/3988 3994/4177/3988
f 3905/4119/3989 3967/4176/3989 3968/4178/3989
f 3931/4118/3990 3995/4179/3990 3932/4120/3990
f 3905/4119/3991 3969/4180/3991 3906/4121/3991
f 3933/4122/3992 3995/4179/3992 3996/4181/3992
f 3907/4123/3993 3969/4180/3993 3970/4182/3993
f 3934/4124/3994 3996/4181/3994 3997/4183/3994
f 3908/4125/3995 3970/4182/3995 3971/4184/3995
f 3935/4126/3996 3997/4183/3996 3998/4185/3996
f 3908/4125/3997 3972/4186/3997 3909/4127/3997
f 3935/4126/3998 3999/4187/3998 3936/4128/3998
f 3910/4129/3999 3972/4186/3999 3973/4188/3999
f 3937/4130/4000 3999/4187/4000 4000/4189/4000
f 3910/4129/4001 3974/4190/4001 3911/4131/4001
f 3937/4130/4002 4001/4191/4002 3938/4132/4002
f 3912/4133/4003 3974/4190/4003 3975/4192/4003
f 3939/4134/4004 4001/4191/4004 4002/4193/4004
f 3912/4133/4005 3976/4194/4005 3913/4135/4005
f 3887/4137/4006 2058/4195/4006 3950/4196/4006
f 3939/4134/4007 4003/4197/4007 3940/4138/4007
f 3913/4135/4008 3977/4198/4008 3914/4139/4008
f 3887/4137/4009 3951/4199/4009 3888/4140/4009
f 3941/4141/4010 4003/4197/4010 4004/4200/4010
f 3915/4142/4011 3977/4198/4011 3978/4201/4011
f 3888/4140/4012 3952/4202/4012 3889/4143/4012
f 3942/4144/4013 4004/4200/4013 4005/4203/4013
f 3915/4142/4014 3979/4204/4014 3916/4145/4014
f 3889/4143/4015 3953/4205/4015 3890/4146/4015
f 3943/4147/4016 4005/4203/4016 4006/4206/4016
f 3916/4145/4017 3980/4207/4017 3917/4148/4017
f 3890/4146/4018 3954/4208/4018 3891/4149/4018
f 3943/4147/4019 4007/4209/4019 3944/4150/4019
f 3918/4151/4020 3980/4207/4020 3981/4210/4020
f 3891/4149/4021 3955/4211/4021 3892/4152/4021
f 3945/4153/4022 4007/4209/4022 4008/4212/4022
f 3918/4151/4023 3982/4213/4023 3919/4154/4023
f 3893/4155/4024 3955/4211/4024 3956/4214/4024
f 3945/4153/4025 4009/4215/4025 3946/4156/4025
f 3920/4094/4026 3982/4213/4026 3983/4216/4026
f 3893/4155/4027 3957/4217/4027 3894/4092/4027
f 3947/4093/4028 4009/4215/4028 4010/4218/4028
f 3921/4095/4029 3983/4216/4029 3984/4219/4029
f 3894/4092/4030 3958/4220/4030 3895/4096/4030
f 3948/4097/4031 4010/4218/4031 4011/4221/4031
f 3921/4095/4032 3985/4159/4032 3922/4098/4032
f 3960/4161/4033 4022/77/4033 3961/4164/4033
f 3987/4163/4034 4028/80/4034 3988/4165/4034
f 3962/4166/4035 4022/77/4035 3/82/4035
f 3989/4167/4036 4028/80/4036 24/83/4036
f 3963/4168/4037 3/82/4037 4023/86/4037
f 3989/4167/4038 25/88/4038 3990/4169/4038
f 3964/4170/4039 4023/86/4039 4/89/4039
f 3991/4171/4040 25/88/4040 26/92/4040
f 3965/4172/4041 4/89/4041 5/93/4041
f 3991/4171/4042 27/96/4042 3992/4173/4042
f 3966/4174/4043 5/93/4043 6/98/4043
f 3992/4173/4044 28/100/4044 3993/4175/4044
f 3966/4174/4045 4024/101/4045 3967/4176/4045
f 3994/4177/4046 28/100/4046 29/103/4046
f 3968/4178/4047 4024/101/4047 7/105/4047
f 3994/4177/4048 4029/108/4048 3995/4179/4048
f 3968/4178/4049 8/110/4049 3969/4180/4049
f 3995/4179/4050 30/112/4050 3996/4181/4050
f 3970/4182/4051 8/110/4051 9/114/4051
f 3996/4181/4052 31/115/4052 3997/4183/4052
f 3971/4184/4053 9/114/4053 10/118/4053
f 3997/4183/4054 32/120/4054 3998/4185/4054
f 3971/4184/4055 11/122/4055 3972/4186/4055
f 3998/4185/4056 33/124/4056 3999/4187/4056
f 3973/4188/4057 11/122/4057 12/125/4057
f 3999/4187/4058 34/127/4058 4000/4189/4058
f 3973/4188/4059 13/4/4059 3974/4190/4059
f 4000/4189/4060 4030/1/4060 4001/4191/4060
f 3975/4192/4061 13/4/4061 14/6/4061
f 4001/4191/4062 35/7/4062 4002/4193/4062
f 3976/4194/4063 14/6/4063 15/10/4063
f 3950/4196/4064 2058/4222/4064 4013/11/4064
f 4002/4193/4065 36/14/4065 4003/4197/4065
f 3976/4194/4066 4025/16/4066 3977/4198/4066
f 3951/4199/4067 4013/11/4067 4014/18/4067
f 4003/4197/4068 37/21/4068 4004/4200/4068
f 3978/4201/4069 4025/16/4069 16/23/4069
f 3951/4199/4070 4015/24/4070 3952/4202/4070
f 4004/4200/4071 38/26/4071 4005/4203/4071
f 3978/4201/4072 17/29/4072 3979/4204/4072
f 3953/4205/4073 4015/24/4073 1/30/4073
f 4005/4203/4074 39/32/4074 4006/4206/4074
f 3980/4207/4075 17/29/4075 18/35/4075
f 3954/4208/4076 1/30/4076 4016/36/4076
f 4006/4206/4077 40/39/4077 4007/4209/4077
f 3981/4210/4078 18/35/4078 19/40/4078
f 3954/4208/4079 2/42/4079 3955/4211/4079
f 4008/4212/4080 40/39/4080 4031/45/4080
f 3981/4210/4081 4026/46/4081 3982/4213/4081
f 3956/4214/4082 2/42/4082 4017/48/4082
f 4008/4212/4083 41/51/4083 4009/4215/4083
f 3982/4213/4084 20/53/4084 3983/4216/4084
f 3956/4214/4085 4018/54/4085 3957/4217/4085
f 4009/4215/4086 4032/57/4086 4010/4218/4086
f 3984/4219/4087 20/53/4087 21/59/4087
f 3957/4217/4088 4019/60/4088 3958/4220/4088
f 4011/4221/4089 4032/57/4089 4033/63/4089
f 3984/4219/4090 4027/64/4090 3985/4159/4090
f 3958/4220/4091 4020/66/4091 3959/4157/4091
f 4011/4221/4092 4034/69/4092 4012/4158/4092
f 3986/4160/4093 4027/64/4093 22/71/4093
f 3960/4161/4094 4020/66/4094 4021/72/4094
f 2752/4223/4095 4012/4158/4095 4034/69/4095
f 3986/4160/4096 23/76/4096 3987/4163/4096
f 4030/1/1 34/127/1 92/2/1
f 13/4/2 66/128/2 67/5/2
f 35/7/3 4030/1/3 93/3/3
f 14/6/4 67/5/4 68/9/4
f 36/14/6 35/7/6 94/8/6
f 4025/16/7 15/10/7 68/9/7
f 4014/18/8 4013/11/8 42/13/8
f 36/14/9 95/15/9 96/20/9
f 4025/16/10 69/17/10 70/22/10
f 4015/24/11 4014/18/11 43/19/11
f 38/26/12 37/21/12 96/20/12
f 16/23/13 70/22/13 71/28/13
f 1/30/14 4015/24/14 44/25/14
f 39/32/15 38/26/15 97/27/15
f 17/29/16 71/28/16 72/34/16
f 4016/36/17 1/30/17 45/31/17
f 39/32/18 98/33/18 99/38/18
f 19/40/19 18/35/19 72/34/19
f 2/42/20 4016/36/20 46/37/20
f 40/39/21 99/38/21 100/44/21
f 4026/46/4097 19/40/4097 73/41/4097
f 4017/48/23 2/42/23 47/43/23
f 4031/45/24 100/44/24 101/50/24
f 4026/46/25 74/47/25 75/52/25
f 4018/54/26 4017/48/26 48/49/26
f 41/51/27 101/50/27 102/56/27
f 20/53/28 75/52/28 76/58/28
f 4019/60/29 4018/54/29 49/55/29
f 4032/57/30 102/56/30 103/62/30
f 4027/64/31 21/59/31 76/58/31
f 4020/66/32 4019/60/32 50/61/32
f 4033/63/33 103/62/33 104/68/33
f 4027/64/34 77/65/34 78/70/34
f 4021/72/35 4020/66/35 51/67/35
f 22/71/37 78/70/37 79/75/37
f 4022/77/38 4021/72/38 52/73/38
f 23/76/39 79/75/39 80/79/39
f 4022/77/40 53/78/40 54/81/40
f 24/83/41 4028/80/41 80/79/41
f 3/82/42 54/81/42 55/85/42
f 24/83/43 81/84/43 82/87/43
f 4/89/44 4023/86/44 55/85/44
f 25/88/45 82/87/45 83/91/45
f 5/93/46 4/89/46 56/90/46
f 26/92/47 83/91/47 84/95/47
f 5/93/48 57/94/48 58/97/48
f 27/96/49 84/95/49 85/99/49
f 4024/101/50 6/98/50 58/97/50
f 29/103/51 28/100/51 85/99/51
f 7/105/52 4024/101/52 59/102/52
f 29/103/53 86/104/53 87/107/53
f 7/105/54 60/106/54 61/109/54
f 4029/108/55 87/107/55 88/111/55
f 8/110/56 61/109/56 62/113/56
f 31/115/57 30/112/57 88/111/57
f 9/114/58 62/113/58 63/117/58
f 31/115/59 89/116/59 90/119/59
f 10/118/60 63/117/60 64/121/60
f 32/120/61 90/119/61 91/123/61
f 12/125/62 11/122/62 64/121/62
f 34/127/63 33/124/63 91/123/63
f 12/125/64 65/126/64 66/128/64
f 80/79/65 143/192/65 144/129/65
f 54/81/66 117/193/66 118/130/66
f 82/87/67 81/84/67 144/129/67
f 55/85/4098 118/130/4098 119/132/4098
f 82/87/69 145/131/69 146/133/69
f 56/90/70 119/132/70 120/134/70
f 83/91/71 146/133/71 147/135/71
f 57/94/72 120/134/72 121/136/72
f 84/95/73 147/135/73 148/137/73
f 58/97/74 121/136/74 122/138/74
f 85/99/75 148/137/75 149/139/75
f 60/106/76 59/102/76 122/138/76
f 86/104/77 149/139/77 150/141/77
f 60/106/78 123/140/78 124/142/78
f 88/111/79 87/107/79 150/141/79
f 61/109/80 124/142/80 125/144/80
f 88/111/81 151/143/81 152/145/81
f 62/113/4099 125/144/4099 126/146/4099
f 89/116/83 152/145/83 153/147/83
f 63/117/84 126/146/84 127/148/84
f 91/123/4100 90/119/4100 153/147/4100
f 64/121/86 127/148/86 128/150/86
f 92/2/87 91/123/87 154/149/87
f 66/128/88 65/126/88 128/150/88
f 93/3/89 92/2/89 155/151/89
f 66/128/90 129/152/90 130/154/90
f 94/8/91 93/3/91 156/153/91
f 67/5/92 130/154/92 131/156/92
f 95/15/94 94/8/94 157/155/94
f 68/9/95 131/156/95 132/160/95
f 42/13/96 105/158/96 106/161/96
f 95/15/97 158/159/97 159/162/97
f 69/17/98 132/160/98 133/163/98
f 43/19/99 106/161/99 107/164/99
f 97/27/100 96/20/100 159/162/100
f 70/22/101 133/163/101 134/166/101
f 45/31/102 44/25/102 107/164/102
f 98/33/103 97/27/103 160/165/103
f 72/34/104 71/28/104 134/166/104
f 46/37/105 45/31/105 108/167/105
f 99/38/106 98/33/106 161/168/106
f 72/34/107 135/169/107 136/172/107
f 46/37/108 109/170/108 110/173/108
f 100/44/109 99/38/109 162/171/109
f 73/41/110 136/172/110 137/175/110
f 47/43/111 110/173/111 111/176/111
f 100/44/112 163/174/112 164/177/112
f 74/47/113 137/175/113 138/178/113
f 48/49/114 111/176/114 112/179/114
f 101/50/115 164/177/115 165/180/115
f 76/58/116 75/52/116 138/178/116
f 50/61/117 49/55/117 112/179/117
f 103/62/118 102/56/118 165/180/118
f 77/65/119 76/58/119 139/181/119
f 51/67/120 50/61/120 113/182/120
f 104/68/121 103/62/121 166/183/121
f 77/65/122 140/184/122 141/187/122
f 51/67/123 114/185/123 115/188/123
f 79/75/125 78/70/125 141/187/125
f 52/73/126 115/188/126 116/191/126
f 80/79/127 79/75/127 142/190/127
f 53/78/128 116/191/128 117/193/128
f 145/131/129 208/257/129 209/194/129
f 119/132/130 182/258/130 183/195/130
f 147/135/4101 146/133/4101 209/194/4101
f 120/134/132 183/195/132 184/197/132
f 147/135/133 210/196/133 211/198/133
f 121/136/134 184/197/134 185/199/134
f 148/137/135 211/198/135 212/200/135
f 123/140/136 122/138/136 185/199/136
f 149/139/137 212/200/137 213/202/137
f 124/142/138 123/140/138 186/201/138
f 151/143/139 150/141/139 213/202/139
f 124/142/140 187/203/140 188/205/140
f 151/143/141 214/204/141 215/206/141
f 125/144/4102 188/205/4102 189/207/4102
f 153/147/143 152/145/143 215/206/143
f 127/148/144 126/146/144 189/207/144
f 154/149/145 153/147/145 216/208/145
f 127/148/146 190/209/146 191/211/146
f 154/149/147 217/210/147 218/212/147
f 129/152/148 128/150/148 191/211/148
f 155/151/149 218/212/149 219/214/149
f 129/152/150 192/213/150 193/215/150
f 157/155/151 156/153/151 219/214/151
f 130/154/152 193/215/152 194/217/152
f 157/155/154 220/216/154 221/220/154
f 132/160/4103 131/156/4103 194/217/4103
f 105/158/156 168/219/156 169/222/156
f 158/159/157 221/220/157 222/223/157
f 132/160/158 195/221/158 196/224/158
f 106/161/159 169/222/159 170/225/159
f 159/162/160 222/223/160 223/226/160
f 133/163/161 196/224/161 197/227/161
f 107/164/162 170/225/162 171/228/162
f 160/165/163 223/226/163 224/229/163
f 134/166/164 197/227/164 198/230/164
f 108/167/165 171/228/165 172/231/165
f 162/171/166 161/168/166 224/229/166
f 136/172/167 135/169/167 198/230/167
f 109/170/168 172/231/168 173/234/168
f 162/171/169 225/232/169 226/235/169
f 136/172/170 199/233/170 200/236/170
f 110/173/171 173/234/171 174/237/171
f 163/174/172 226/235/172 227/238/172
f 137/175/173 200/236/173 201/239/173
f 112/179/174 111/176/174 174/237/174
f 165/180/175 164/177/175 227/238/175
f 138/178/176 201/239/176 202/242/176
f 113/182/177 112/179/177 175/240/177
f 166/183/178 165/180/178 228/241/178
f 139/181/179 202/242/179 203/245/179
f 114/185/180 113/182/180 176/243/180
f 167/186/181 166/183/181 229/244/181
f 140/184/4104 203/245/4104 204/248/4104
f 114/185/183 177/246/183 178/249/183
f 142/190/185 141/187/185 204/248/185
f 115/188/186 178/249/186 179/252/186
f 143/192/187 142/190/187 205/251/187
f 117/193/188 116/191/188 179/252/188
f 143/192/189 206/253/189 207/255/189
f 117/193/190 180/254/190 181/256/190
f 144/129/191 207/255/191 208/257/191
f 118/130/192 181/256/192 182/258/192
f 211/198/193 210/196/193 273/259/193
f 184/197/194 247/323/194 248/261/194
f 211/198/195 274/260/195 275/262/195
f 186/201/196 185/199/196 248/261/196
f 212/200/197 275/262/197 276/264/197
f 186/201/198 249/263/198 250/265/198
f 214/204/199 213/202/199 276/264/199
f 187/203/200 250/265/200 251/267/200
f 215/206/201 214/204/201 277/266/201
f 188/205/202 251/267/202 252/269/202
f 215/206/203 278/268/203 279/270/203
f 189/207/204 252/269/204 253/271/204
f 216/208/205 279/270/205 280/272/205
f 191/211/206 190/209/206 253/271/206
f 218/212/207 217/210/207 280/272/207
f 192/213/208 191/211/208 254/273/208
f 218/212/209 281/274/209 282/276/209
f 192/213/210 255/275/210 256/277/210
f 220/216/211 219/214/211 282/276/211
f 194/217/212 193/215/212 256/277/212
f 220/216/214 283/278/214 284/282/214
f 195/221/215 194/217/215 257/279/215
f 168/219/216 231/281/216 232/284/216
f 221/220/217 284/282/217 285/285/217
f 195/221/218 258/283/218 259/286/218
f 169/222/219 232/284/219 233/287/219
f 223/226/220 222/223/220 285/285/220
f 197/227/221 196/224/221 259/286/221
f 170/225/222 233/287/222 234/290/222
f 223/226/223 286/288/223 287/291/223
f 197/227/224 260/289/224 261/292/224
f 171/228/225 234/290/225 235/293/225
f 225/232/226 224/229/226 287/291/226
f 199/233/227 198/230/227 261/292/227
f 172/231/228 235/293/228 236/296/228
f 225/232/229 288/294/229 289/297/229
f 199/233/230 262/295/230 263/298/230
f 173/234/231 236/296/231 237/299/231
f 226/235/232 289/297/232 290/300/232
f 201/239/233 200/236/233 263/298/233
f 174/237/234 237/299/234 238/302/234
f 227/238/235 290/300/235 291/303/235
f 202/242/236 201/239/236 264/301/236
f 175/240/237 238/302/237 239/305/237
f 228/241/238 291/303/238 292/306/238
f 202/242/239 265/304/239 266/307/239
f 177/246/240 176/243/240 239/305/240
f 229/244/241 292/306/241 293/309/241
f 203/245/242 266/307/242 267/310/242
f 178/249/243 177/246/243 240/308/243
f 204/248/245 267/310/245 268/313/245
f 178/249/246 241/311/246 242/314/246
f 206/253/247 205/251/247 268/313/247
f 180/254/248 179/252/248 242/314/248
f 206/253/249 269/315/249 270/317/249
f 180/254/250 243/316/250 244/318/250
f 208/257/251 207/255/251 270/317/251
f 181/256/252 244/318/252 245/320/252
f 208/257/253 271/319/253 272/321/253
f 183/195/254 182/258/254 245/320/254
f 209/194/255 272/321/255 273/259/255
f 183/195/256 246/322/256 247/323/256
f 275/262/257 338/388/257 339/324/257
f 250/265/258 249/263/258 312/325/258
f 277/266/259 276/264/259 339/324/259
f 251/267/260 250/265/260 313/326/260
f 277/266/261 340/327/261 341/329/261
f 251/267/262 314/328/262 315/330/262
f 278/268/263 341/329/263 342/331/263
f 253/271/264 252/269/264 315/330/264
f 280/272/265 279/270/265 342/331/265
f 253/271/266 316/332/266 317/334/266
f 280/272/267 343/333/267 344/335/267
f 255/275/268 254/273/268 317/334/268
f 281/274/269 344/335/269 345/337/269
f 255/275/270 318/336/270 319/338/270
f 283/278/271 282/276/271 345/337/271
f 256/277/272 319/338/272 320/340/272
f 283/278/274 346/339/274 347/343/274
f 258/283/4105 257/279/4105 320/340/4105
f 231/281/276 294/342/276 295/345/276
f 284/282/277 347/343/277 348/346/277
f 259/286/278 258/283/278 321/344/278
f 233/287/279 232/284/279 295/345/279
f 286/288/280 285/285/280 348/346/280
f 259/286/281 322/347/281 323/350/281
f 234/290/282 233/287/282 296/348/282
f 287/291/283 286/288/283 349/349/283
f 261/292/284 260/289/284 323/350/284
f 234/290/285 297/351/285 298/354/285
f 288/294/286 287/291/286 350/352/286
f 262/295/287 261/292/287 324/353/287
f 235/293/288 298/354/288 299/357/288
f 288/294/289 351/355/289 352/358/289
f 262/295/290 325/356/290 326/359/290
f 236/296/291 299/357/291 300/360/291
f 289/297/292 352/358/292 353/361/292
f 264/301/293 263/298/293 326/359/293
f 237/299/294 300/360/294 301/363/294
f 290/300/295 353/361/295 354/364/295
f 264/301/296 327/362/296 328/365/296
f 238/302/297 301/363/297 302/366/297
f 292/306/298 291/303/298 354/364/298
f 266/307/299 265/304/299 328/365/299
f 240/308/300 239/305/300 302/366/300
f 293/309/301 292/306/301 355/367/301
f 266/307/4106 329/368/4106 330/371/4106
f 241/311/303 240/308/303 303/369/303
f 267/310/305 330/371/305 331/374/305
f 241/311/306 304/372/306 305/375/306
f 269/315/307 268/313/307 331/374/307
f 243/316/308 242/314/308 305/375/308
f 269/315/309 332/376/309 333/378/309
f 243/316/310 306/377/310 307/379/310
f 270/317/311 333/378/311 334/380/311
f 244/318/312 307/379/312 308/381/312
f 271/319/313 334/380/313 335/382/313
f 246/322/314 245/320/314 308/381/314
f 272/321/315 335/382/315 336/384/315
f 247/323/316 246/322/316 309/383/316
f 273/259/317 336/384/317 337/386/317
f 247/323/318 310/385/318 311/387/318
f 274/260/319 337/386/319 338/388/319
f 249/263/320 248/261/320 311/387/320
f 341/329/4107 340/327/4107 403/389/4107
f 314/328/322 377/453/322 378/391/322
f 341/329/323 404/390/323 405/392/323
f 315/330/324 378/391/324 379/393/324
f 343/333/325 342/331/325 405/392/325
f 316/332/326 379/393/326 380/395/326
f 343/333/327 406/394/327 407/396/327
f 317/334/328 380/395/328 381/397/328
f 344/335/329 407/396/329 408/398/329
f 318/336/330 381/397/330 382/399/330
f 346/339/331 345/337/331 408/398/331
f 319/338/332 382/399/332 383/401/332
f 346/339/334 409/400/334 410/404/334
f 321/344/4108 320/340/4108 383/401/4108
f 295/345/336 294/342/336 357/403/336
f 347/343/337 410/404/337 411/407/337
f 321/344/338 384/405/338 385/408/338
f 295/345/339 358/406/339 359/409/339
f 349/349/340 348/346/340 411/407/340
f 322/347/341 385/408/341 386/411/341
f 296/348/342 359/409/342 360/412/342
f 349/349/343 412/410/343 413/413/343
f 324/353/344 323/350/344 386/411/344
f 297/351/345 360/412/345 361/415/345
f 351/355/346 350/352/346 413/413/346
f 325/356/347 324/353/347 387/414/347
f 299/357/348 298/354/348 361/415/348
f 351/355/349 414/416/349 415/419/349
f 325/356/350 388/417/350 389/420/350
f 299/357/351 362/418/351 363/421/351
f 353/361/352 352/358/352 415/419/352
f 327/362/353 326/359/353 389/420/353
f 300/360/354 363/421/354 364/424/354
f 354/364/355 353/361/355 416/422/355
f 327/362/356 390/423/356 391/426/356
f 301/363/357 364/424/357 365/427/357
f 355/367/358 354/364/358 417/425/358
f 329/368/359 328/365/359 391/426/359
f 303/369/360 302/366/360 365/427/360
f 355/367/361 418/428/361 419/431/361
f 329/368/4109 392/429/4109 393/432/4109
f 303/369/363 366/430/363 367/433/363
f 331/374/365 330/371/365 393/432/365
f 304/372/366 367/433/366 368/436/366
f 331/374/367 394/435/367 395/437/367
f 306/377/368 305/375/368 368/436/368
f 332/376/369 395/437/369 396/439/369
f 306/377/370 369/438/370 370/440/370
f 333/378/371 396/439/371 397/441/371
f 307/379/372 370/440/372 371/442/372
f 334/380/373 397/441/373 398/443/373
f 309/383/374 308/381/374 371/442/374
f 336/384/375 335/382/375 398/443/375
f 309/383/4110 372/444/4110 373/446/4110
f 336/384/377 399/445/377 400/447/377
f 310/385/378 373/446/378 374/448/378
f 337/386/379 400/447/379 401/449/379
f 312/325/380 311/387/380 374/448/380
f 338/388/381 401/449/381 402/451/381
f 313/326/382 312/325/382 375/450/382
f 340/327/383 339/324/383 402/451/383
f 314/328/384 313/326/384 376/452/384
f 406/394/385 405/392/385 468/454/385
f 379/393/386 442/518/386 443/456/386
f 407/396/387 406/394/387 469/455/387
f 380/395/388 443/456/388 444/458/388
f 407/396/389 470/457/389 471/459/389
f 381/397/390 444/458/390 445/460/390
f 409/400/391 408/398/391 471/459/391
f 382/399/392 445/460/392 446/462/392
f 410/404/394 409/400/394 472/461/394
f 384/405/4111 383/401/4111 446/462/4111
f 357/403/396 420/464/396 421/467/396
f 410/404/397 473/465/397 474/468/397
f 384/405/398 447/466/398 448/469/398
f 358/406/399 421/467/399 422/470/399
f 412/410/400 411/407/400 474/468/400
f 385/408/401 448/469/401 449/472/401
f 359/409/402 422/470/402 423/473/402
f 413/413/403 412/410/403 475/471/403
f 387/414/404 386/411/404 449/472/404
f 360/412/405 423/473/405 424/476/405
f 414/416/406 413/413/406 476/474/406
f 388/417/407 387/414/407 450/475/407
f 361/415/408 424/476/408 425/479/408
f 415/419/409 414/416/409 477/477/409
f 388/417/410 451/478/410 452/481/410
f 362/418/411 425/479/411 426/482/411
f 416/422/412 415/419/412 478/480/412
f 389/420/413 452/481/413 453/484/413
f 363/421/414 426/482/414 427/485/414
f 416/422/415 479/483/415 480/486/415
f 391/426/416 390/423/416 453/484/416
f 364/424/417 427/485/417 428/488/417
f 417/425/418 480/486/418 481/489/418
f 392/429/419 391/426/419 454/487/419
f 366/430/420 365/427/420 428/488/420
f 419/431/421 418/428/421 481/489/421
f 392/429/4112 455/490/4112 456/493/4112
f 366/430/423 429/491/423 430/494/423
f 394/435/425 393/432/425 456/493/425
f 367/433/426 430/494/426 431/497/426
f 395/437/427 394/435/427 457/496/427
f 369/438/428 368/436/428 431/497/428
f 395/437/429 458/498/429 459/500/429
f 369/438/430 432/499/430 433/501/430
f 396/439/431 459/500/431 460/502/431
f 370/440/432 433/501/432 434/503/432
f 397/441/433 460/502/433 461/504/433
f 372/444/434 371/442/434 434/503/434
f 399/445/435 398/443/435 461/504/435
f 372/444/436 435/505/436 436/507/436
f 400/447/437 399/445/437 462/506/437
f 373/446/438 436/507/438 437/509/438
f 400/447/439 463/508/439 464/510/439
f 375/450/440 374/448/440 437/509/440
f 401/449/441 464/510/441 465/512/441
f 376/452/442 375/450/442 438/511/442
f 403/389/443 402/451/443 465/512/443
f 376/452/444 439/513/444 440/515/444
f 404/390/445 403/389/445 466/514/445
f 377/453/446 440/515/446 441/517/446
f 404/390/447 467/516/447 468/454/447
f 379/393/448 378/391/448 441/517/448
f 470/457/449 533/582/449 534/519/449
f 444/458/450 507/583/450 508/520/450
f 472/461/451 471/459/451 534/519/451
f 445/460/452 508/520/452 509/522/452
f 473/465/454 472/461/454 535/521/454
f 447/466/4113 446/462/4113 509/522/4113
f 421/467/456 420/464/456 483/524/456
f 473/465/457 536/525/457 537/528/457
f 447/466/458 510/526/458 511/529/458
f 421/467/459 484/527/459 485/530/459
f 474/468/460 537/528/460 538/531/460
f 448/469/461 511/529/461 512/532/461
f 422/470/462 485/530/462 486/533/462
f 475/471/463 538/531/463 539/534/463
f 450/475/464 449/472/464 512/532/464
f 424/476/465 423/473/465 486/533/465
f 476/474/466 539/534/466 540/537/466
f 451/478/467 450/475/467 513/535/467
f 424/476/468 487/536/468 488/539/468
f 478/480/469 477/477/469 540/537/469
f 451/478/470 514/538/470 515/541/470
f 425/479/471 488/539/471 489/542/471
f 478/480/472 541/540/472 542/543/472
f 452/481/473 515/541/473 516/544/473
f 427/485/474 426/482/474 489/542/474
f 479/483/4114 542/543/4114 543/546/4114
f 454/487/476 453/484/476 516/544/476
f 427/485/477 490/545/477 491/548/477
f 480/486/478 543/546/478 544/549/478
f 454/487/479 517/547/479 518/550/479
f 429/491/480 428/488/480 491/548/480
f 482/492/481 481/489/481 544/549/481
f 455/490/4115 518/550/4115 519/553/4115
f 429/491/483 492/551/483 493/554/483
f 457/496/485 456/493/485 519/553/485
f 430/494/486 493/554/486 494/557/486
f 457/496/487 520/556/487 521/558/487
f 432/499/488 431/497/488 494/557/488
f 459/500/489 458/498/489 521/558/489
f 432/499/490 495/559/490 496/561/490
f 460/502/491 459/500/491 522/560/491
f 433/501/492 496/561/492 497/563/492
f 460/502/493 523/562/493 524/564/493
f 435/505/494 434/503/494 497/563/494
f 461/504/495 524/564/495 525/566/495
f 435/505/496 498/565/496 499/567/496
f 462/506/497 525/566/497 526/568/497
f 436/507/498 499/567/498 500/569/498
f 464/510/499 463/508/499 526/568/499
f 437/509/500 500/569/500 501/571/500
f 464/510/501 527/570/501 528/572/501
f 438/511/502 501/571/502 502/573/502
f 466/514/503 465/512/503 528/572/503
f 440/515/504 439/513/504 502/573/504
f 467/516/505 466/514/505 529/574/505
f 440/515/506 503/575/506 504/577/506
f 467/516/507 530/576/507 531/578/507
f 442/518/508 441/517/508 504/577/508
f 469/455/509 468/454/509 531/578/509
f 442/518/510 505/579/510 506/581/510
f 470/457/511 469/455/511 532/580/511
f 443/456/512 506/581/512 507/583/512
f 536/525/513 535/521/513 598/584/513
f 510/526/4116 509/522/4116 572/586/4116
f 484/527/515 483/524/515 546/588/515
f 536/525/516 599/585/516 600/590/516
f 510/526/517 573/587/517 574/591/517
f 484/527/518 547/589/518 548/592/518
f 538/531/519 537/528/519 600/590/519
f 511/529/520 574/591/520 575/594/520
f 485/530/521 548/592/521 549/595/521
f 538/531/522 601/593/522 602/596/522
f 512/532/523 575/594/523 576/597/523
f 487/536/524 486/533/524 549/595/524
f 540/537/525 539/534/525 602/596/525
f 514/538/526 513/535/526 576/597/526
f 487/536/527 550/598/527 551/601/527
f 540/537/528 603/599/528 604/602/528
f 514/538/529 577/600/529 578/603/529
f 488/539/530 551/601/530 552/604/530
f 541/540/531 604/602/531 605/605/531
f 516/544/532 515/541/532 578/603/532
f 490/545/533 489/542/533 552/604/533
f 542/543/534 605/605/534 606/608/534
f 517/547/535 516/544/535 579/606/535
f 490/545/536 553/607/536 554/610/536
f 543/546/537 606/608/537 607/611/537
f 518/550/538 517/547/538 580/609/538
f 492/551/539 491/548/539 554/610/539
f 545/552/540 544/549/540 607/611/540
f 518/550/4117 581/612/4117 582/615/4117
f 492/551/542 555/613/542 556/616/542
f 520/556/544 519/553/544 582/615/544
f 493/554/545 556/616/545 557/619/545
f 520/556/546 583/618/546 584/620/546
f 495/559/547 494/557/547 557/619/547
f 522/560/548 521/558/548 584/620/548
f 495/559/549 558/621/549 559/623/549
f 522/560/550 585/622/550 586/624/550
f 496/561/551 559/623/551 560/625/551
f 523/562/552 586/624/552 587/626/552
f 498/565/553 497/563/553 560/625/553
f 524/564/554 587/626/554 588/628/554
f 498/565/555 561/627/555 562/629/555
f 525/566/556 588/628/556 589/630/556
f 499/567/557 562/629/557 563/631/557
f 527/570/558 526/568/558 589/630/558
f 501/571/559 500/569/559 563/631/559
f 527/570/560 590/632/560 591/634/560
f 501/571/561 564/633/561 565/635/561
f 529/574/562 528/572/562 591/634/562
f 502/573/563 565/635/563 566/637/563
f 530/576/564 529/574/564 592/636/564
f 504/577/565 503/575/565 566/637/565
f 530/576/566 593/638/566 594/640/566
f 504/577/567 567/639/567 568/641/567
f 532/580/568 531/578/568 594/640/568
f 505/579/569 568/641/569 569/643/569
f 533/582/570 532/580/570 595/642/570
f 506/581/571 569/643/571 570/645/571
f 533/582/572 596/644/572 597/646/572
f 507/583/573 570/645/573 571/647/573
f 535/521/574 534/519/574 597/646/574
f 508/520/575 571/647/575 572/586/575
f 601/593/577 600/590/577 663/649/577
f 575/594/578 574/591/578 637/651/578
f 548/592/579 611/713/579 612/653/579
f 601/593/580 664/650/580 665/654/580
f 575/594/581 638/652/581 639/655/581
f 550/598/582 549/595/582 612/653/582
f 602/596/583 665/654/583 666/657/583
f 577/600/584 576/597/584 639/655/584
f 550/598/585 613/656/585 614/659/585
f 604/602/586 603/599/586 666/657/586
f 577/600/587 640/658/587 641/661/587
f 551/601/588 614/659/588 615/662/588
f 604/602/589 667/660/589 668/663/589
f 579/606/590 578/603/590 641/661/590
f 552/604/591 615/662/591 616/665/591
f 606/608/592 605/605/592 668/663/592
f 579/606/593 642/664/593 643/667/593
f 553/607/594 616/665/594 617/668/594
f 607/611/595 606/608/595 669/666/595
f 581/612/4118 580/609/4118 643/667/4118
f 555/613/597 554/610/597 617/668/597
f 607/611/4119 670/669/4119 671/672/4119
f 581/612/599 644/670/599 645/673/599
f 555/613/600 618/671/600 619/674/600
f 583/618/602 582/615/602 645/673/602
f 556/616/603 619/674/603 620/677/603
f 583/618/604 646/676/604 647/678/604
f 558/621/605 557/619/605 620/677/605
f 585/622/606 584/620/606 647/678/606
f 558/621/607 621/679/607 622/681/607
f 585/622/608 648/680/608 649/682/608
f 559/623/609 622/681/609 623/683/609
f 587/626/610 586/624/610 649/682/610
f 561/627/611 560/625/611 623/683/611
f 587/626/612 650/684/612 651/686/612
f 561/627/613 624/685/613 625/687/613
f 588/628/614 651/686/614 652/688/614
f 562/629/615 625/687/615 626/689/615
f 590/632/616 589/630/616 652/688/616
f 564/633/617 563/631/617 626/689/617
f 590/632/618 653/690/618 654/692/618
f 564/633/619 627/691/619 628/693/619
f 592/636/620 591/634/620 654/692/620
f 565/635/621 628/693/621 629/695/621
f 593/638/622 592/636/622 655/694/622
f 567/639/623 566/637/623 629/695/623
f 593/638/624 656/696/624 657/698/624
f 567/639/625 630/697/625 631/699/625
f 595/642/626 594/640/626 657/698/626
f 569/643/627 568/641/627 631/699/627
f 596/644/628 595/642/628 658/700/628
f 569/643/629 632/701/629 633/703/629
f 596/644/630 659/702/630 660/704/630
f 571/647/631 570/645/631 633/703/631
f 598/584/632 597/646/632 660/704/632
f 571/647/633 634/705/633 635/707/633
f 599/585/635 598/584/635 661/706/635
f 573/587/636 572/586/636 635/707/636
f 547/589/4120 546/588/4120 609/709/4120
f 599/585/638 662/710/638 663/649/638
f 573/587/4121 636/711/4121 637/651/4121
f 547/589/640 610/712/640 611/713/640
f 665/654/641 728/777/641 729/714/641
f 640/658/642 639/655/642 702/715/642
f 613/656/643 676/778/643 677/717/643
f 667/660/644 666/657/644 729/714/644
f 640/658/645 703/716/645 704/719/645
f 615/662/646 614/659/646 677/717/646
f 667/660/647 730/718/647 731/721/647
f 642/664/648 641/661/648 704/719/648
f 615/662/649 678/720/649 679/723/649
f 668/663/650 731/721/650 732/724/650
f 642/664/651 705/722/651 706/725/651
f 616/665/652 679/723/652 680/726/652
f 669/666/653 732/724/653 733/727/653
f 644/670/654 643/667/654 706/725/654
f 618/671/655 617/668/655 680/726/655
f 671/672/656 670/669/656 733/727/656
f 644/670/657 707/728/657 708/731/657
f 618/671/658 681/729/658 682/732/658
f 646/676/660 645/673/660 708/731/660
f 619/674/661 682/732/661 683/735/661
f 646/676/662 709/734/662 710/736/662
f 621/679/663 620/677/663 683/735/663
f 648/680/664 647/678/664 710/736/664
f 621/679/665 684/737/665 685/739/665
f 648/680/666 711/738/666 712/740/666
f 622/681/667 685/739/667 686/741/667
f 650/684/668 649/682/668 712/740/668
f 624/685/669 623/683/669 686/741/669
f 650/684/670 713/742/670 714/744/670
f 624/685/671 687/743/671 688/745/671
f 651/686/672 714/744/672 715/746/672
f 625/687/673 688/745/673 689/747/673
f 653/690/674 652/688/674 715/746/674
f 627/691/675 626/689/675 689/747/675
f 653/690/676 716/748/676 717/750/676
f 627/691/677 690/749/677 691/751/677
f 655/694/678 654/692/678 717/750/678
f 629/695/679 628/693/679 691/751/679
f 656/696/680 655/694/680 718/752/680
f 629/695/681 692/753/681 693/755/681
f 656/696/682 719/754/682 720/756/682
f 630/697/683 693/755/683 694/757/683
f 658/700/684 657/698/684 720/756/684
f 632/701/685 631/699/685 694/757/685
f 659/702/686 658/700/686 721/758/686
f 632/701/687 695/759/687 696/761/687
f 659/702/688 722/760/688 723/762/688
f 633/703/689 696/761/689 697/763/689
f 661/706/690 660/704/690 723/762/690
f 634/705/691 697/763/691 698/765/691
f 662/710/693 661/706/693 724/764/693
f 636/711/694 635/707/694 698/765/694
f 609/709/695 672/767/695 673/770/695
f 662/710/696 725/768/696 726/771/696
f 636/711/697 699/769/697 700/772/697
f 610/712/698 673/770/698 674/773/698
f 664/650/699 663/649/699 726/771/699
f 638/652/700 637/651/700 700/772/700
f 612/653/701 611/713/701 674/773/701
f 664/650/702 727/774/702 728/777/702
f 638/652/703 701/775/703 702/715/703
f 612/653/704 675/776/704 676/778/704
f 730/718/705 793/843/705 794/779/705
f 705/722/706 704/719/706 767/780/706
f 679/723/707 678/720/707 741/782/707
f 732/724/708 731/721/708 794/779/708
f 705/722/709 768/781/709 769/785/709
f 679/723/710 742/783/710 743/786/710
f 733/727/711 732/724/711 795/784/711
f 707/728/712 706/725/712 769/785/712
f 681/729/713 680/726/713 743/786/713
f 733/727/714 796/787/714 797/790/714
f 707/728/715 770/788/715 771/791/715
f 681/729/716 744/789/716 745/792/716
f 708/731/718 771/791/718 772/794/718
f 682/732/719 745/792/719 746/795/719
f 709/734/720 772/794/720 773/796/720
f 684/737/721 683/735/721 746/795/721
f 711/738/722 710/736/722 773/796/722
f 684/737/723 747/797/723 748/799/723
f 711/738/724 774/798/724 775/800/724
f 685/739/725 748/799/725 749/801/725
f 713/742/726 712/740/726 775/800/726
f 687/743/727 686/741/727 749/801/727
f 713/742/728 776/802/728 777/804/728
f 687/743/729 750/803/729 751/805/729
f 714/744/730 777/804/730 778/806/730
f 688/745/731 751/805/731 752/807/731
f 716/748/732 715/746/732 778/806/732
f 690/749/733 689/747/733 752/807/733
f 716/748/734 779/808/734 780/810/734
f 690/749/735 753/809/735 754/811/735
f 718/752/736 717/750/736 780/810/736
f 692/753/737 691/751/737 754/811/737
f 719/754/738 718/752/738 781/812/738
f 692/753/739 755/813/739 756/815/739
f 719/754/740 782/814/740 783/816/740
f 693/755/741 756/815/741 757/817/741
f 720/756/742 783/816/742 784/818/742
f 695/759/743 694/757/743 757/817/743
f 722/760/744 721/758/744 784/818/744
f 695/759/745 758/819/745 759/821/745
f 722/760/746 785/820/746 786/822/746
f 696/761/747 759/821/747 760/823/747
f 724/764/748 723/762/748 786/822/748
f 698/765/749 697/763/749 760/823/749
f 725/768/751 724/764/751 787/824/751
f 699/769/752 698/765/752 761/825/752
f 672/767/753 735/827/753 736/830/753
f 725/768/754 788/828/754 789/831/754
f 699/769/755 762/829/755 763/832/755
f 673/770/756 736/830/756 737/833/756
f 727/774/757 726/771/757 789/831/757
f 701/775/758 700/772/758 763/832/758
f 674/773/759 737/833/759 738/836/759
f 728/777/760 727/774/760 790/834/760
f 701/775/761 764/835/761 765/838/761
f 676/778/762 675/776/762 738/836/762
f 728/777/763 791/837/763 792/840/763
f 703/716/764 702/715/764 765/838/764
f 676/778/765 739/839/765 740/842/765
f 729/714/766 792/840/766 793/843/766
f 703/716/767 766/841/767 767/780/767
f 678/720/768 677/717/768 740/842/768
f 795/784/769 858/907/769 859/844/769
f 769/785/770 832/908/770 833/845/770
f 744/789/771 743/786/771 806/846/771
f 796/787/4122 859/844/4122 860/848/4122
f 770/788/773 833/845/773 834/849/773
f 744/789/774 807/847/774 808/850/774
f 771/791/776 834/849/776 835/852/776
f 745/792/777 808/850/777 809/853/777
f 772/794/778 835/852/778 836/854/778
f 747/797/779 746/795/779 809/853/779
f 774/798/780 773/796/780 836/854/780
f 747/797/781 810/855/781 811/857/781
f 774/798/782 837/856/782 838/858/782
f 748/799/783 811/857/783 812/859/783
f 776/802/784 775/800/784 838/858/784
f 750/803/785 749/801/785 812/859/785
f 776/802/786 839/860/786 840/862/786
f 750/803/787 813/861/787 814/863/787
f 777/804/788 840/862/788 841/864/788
f 751/805/789 814/863/789 815/865/789
f 779/808/790 778/806/790 841/864/790
f 753/809/791 752/807/791 815/865/791
f 779/808/792 842/866/792 843/868/792
f 753/809/793 816/867/793 817/869/793
f 781/812/794 780/810/794 843/868/794
f 755/813/795 754/811/795 817/869/795
f 782/814/796 781/812/796 844/870/796
f 755/813/797 818/871/797 819/873/797
f 782/814/798 845/872/798 846/874/798
f 756/815/799 819/873/799 820/875/799
f 783/816/800 846/874/800 847/876/800
f 758/819/801 757/817/801 820/875/801
f 785/820/802 784/818/802 847/876/802
f 758/819/803 821/877/803 822/879/803
f 785/820/804 848/878/804 849/880/804
f 759/821/805 822/879/805 823/881/805
f 787/824/806 786/822/806 849/880/806
f 760/823/807 823/881/807 824/883/807
f 788/828/809 787/824/809 850/882/809
f 762/829/810 761/825/810 824/883/810
f 735/827/811 798/885/811 799/888/811
f 788/828/812 851/886/812 852/889/812
f 763/832/813 762/829/813 825/887/813
f 736/830/814 799/888/814 800/891/814
f 790/834/815 789/831/815 852/889/815
f 764/835/816 763/832/816 826/890/816
f 738/836/817 737/833/817 800/891/817
f 790/834/818 853/892/818 854/895/818
f 764/835/819 827/893/819 828/896/819
f 739/839/820 738/836/820 801/894/820
f 791/837/821 854/895/821 855/898/821
f 766/841/822 765/838/822 828/896/822
f 739/839/823 802/897/823 803/900/823
f 792/840/824 855/898/824 856/901/824
f 766/841/825 829/899/825 830/902/825
f 741/782/826 740/842/826 803/900/826
f 793/843/827 856/901/827 857/904/827
f 768/781/828 767/780/828 830/902/828
f 741/782/829 804/903/829 805/906/829
f 794/779/830 857/904/830 858/907/830
f 768/781/831 831/905/831 832/908/831
f 742/783/832 805/906/832 806/846/832
f 848/878/833 911/972/833 912/909/833
f 808/850/834 871/973/834 872/910/834
f 850/882/835 849/880/835 912/909/835
f 824/883/836 823/881/836 886/912/836
f 810/855/837 809/853/837 872/910/837
f 850/882/838 913/911/838 914/915/838
f 824/883/839 887/913/839 888/916/839
f 810/855/840 873/914/840 874/917/840
f 851/886/841 914/915/841 915/918/841
f 825/887/842 888/916/842 889/919/842
f 812/859/843 811/857/843 874/917/843
f 852/889/844 915/918/844 916/921/844
f 827/893/845 826/890/845 889/919/845
f 813/861/846 812/859/846 875/920/846
f 854/895/847 853/892/847 916/921/847
f 827/893/848 890/922/848 891/925/848
f 813/861/849 876/923/849 877/926/849
f 855/898/850 854/895/850 917/924/850
f 829/899/851 828/896/851 891/925/851
f 814/863/852 877/926/852 878/929/852
f 856/901/853 855/898/853 918/927/853
f 829/899/854 892/928/854 893/931/854
f 816/867/855 815/865/855 878/929/855
f 856/901/856 919/930/856 920/933/856
f 831/905/857 830/902/857 893/931/857
f 816/867/858 879/932/858 880/935/858
f 857/904/859 920/933/859 921/936/859
f 831/905/860 894/934/860 895/937/860
f 818/871/861 817/869/861 880/935/861
f 858/907/862 921/936/862 922/939/862
f 833/845/863 832/908/863 895/937/863
f 819/873/864 818/871/864 881/938/864
f 859/844/865 922/939/865 923/942/865
f 833/845/866 896/940/866 897/943/866
f 819/873/867 882/941/867 883/944/867
f 834/849/869 897/943/869 898/946/869
f 821/877/870 820/875/870 883/944/870
f 836/854/871 835/852/871 898/946/871
f 821/877/872 884/947/872 885/949/872
f 837/856/873 836/854/873 899/948/873
f 822/879/874 885/949/874 886/912/874
f 837/856/875 900/950/875 901/951/875
f 839/860/877 838/858/877 901/951/877
f 799/888/878 798/885/878 861/953/878
f 839/860/879 902/954/879 903/956/879
f 799/888/880 862/955/880 863/957/880
f 840/862/881 903/956/881 904/958/881
f 801/894/882 800/891/882 863/957/882
f 842/866/883 841/864/883 904/958/883
f 802/897/884 801/894/884 864/959/884
f 842/866/885 905/960/885 906/962/885
f 803/900/886 802/897/886 865/961/886
f 844/870/887 843/868/887 906/962/887
f 803/900/888 866/963/888 867/965/888
f 845/872/889 844/870/889 907/964/889
f 804/903/890 867/965/890 868/967/890
f 845/872/891 908/966/891 909/968/891
f 805/906/892 868/967/892 869/969/892
f 846/874/893 909/968/893 910/970/893
f 807/847/894 806/846/894 869/969/894
f 848/878/895 847/876/895 910/970/895
f 808/850/896 807/847/896 870/971/896
f 914/915/897 913/911/897 976/974/897
f 887/913/898 950/1036/898 951/976/898
f 861/953/899 924/1038/899 925/977/899
f 914/915/900 977/975/900 978/978/900
f 888/916/901 951/976/901 952/979/901
f 862/955/902 925/977/902 926/980/902
f 916/921/903 915/918/903 978/978/903
f 890/922/904 889/919/904 952/979/904
f 864/959/905 863/957/905 926/980/905
f 917/924/906 916/921/906 979/981/906
f 890/922/907 953/982/907 954/985/907
f 865/961/908 864/959/908 927/983/908
f 917/924/909 980/984/909 981/987/909
f 892/928/910 891/925/910 954/985/910
f 865/961/911 928/986/911 929/989/911
f 918/927/912 981/987/912 982/990/912
f 892/928/913 955/988/913 956/991/913
f 866/963/914 929/989/914 930/992/914
f 919/930/915 982/990/915 983/993/915
f 894/934/916 893/931/916 956/991/916
f 867/965/917 930/992/917 931/995/917
f 921/936/918 920/933/918 983/993/918
f 894/934/919 957/994/919 958/997/919
f 868/967/920 931/995/920 932/998/920
f 921/936/921 984/996/921 985/999/921
f 895/937/922 958/997/922 959/1000/922
f 870/971/923 869/969/923 932/998/923
f 922/939/924 985/999/924 986/1002/924
f 897/943/925 896/940/925 959/1000/925
f 870/971/926 933/1001/926 934/1004/926
f 897/943/928 960/1003/928 961/1006/928
f 871/973/929 934/1004/929 935/1007/929
f 899/948/930 898/946/930 961/1006/930
f 873/914/931 872/910/931 935/1007/931
f 900/950/932 899/948/932 962/1008/932
f 873/914/933 936/1009/933 937/1011/933
f 900/950/934 963/1010/934 964/1012/934
f 874/917/935 937/1011/935 938/1013/935
f 902/954/936 901/951/936 964/1012/936
f 876/923/937 875/920/937 938/1013/937
f 902/954/938 965/1014/938 966/1016/938
f 876/923/939 939/1015/939 940/1017/939
f 903/956/940 966/1016/940 967/1018/940
f 877/926/941 940/1017/941 941/1019/941
f 905/960/942 904/958/942 967/1018/942
f 879/932/943 878/929/943 941/1019/943
f 905/960/944 968/1020/944 969/1022/944
f 879/932/945 942/1021/945 943/1023/945
f 907/964/946 906/962/946 969/1022/946
f 881/938/947 880/935/947 943/1023/947
f 908/966/948 907/964/948 970/1024/948
f 881/938/949 944/1025/949 945/1027/949
f 908/966/950 971/1026/950 972/1028/950
f 882/941/951 945/1027/951 946/1029/951
f 910/970/952 909/968/952 972/1028/952
f 884/947/953 883/944/953 946/1029/953
f 911/972/954 910/970/954 973/1030/954
f 884/947/955 947/1031/955 948/1033/955
f 911/972/956 974/1032/956 975/1034/956
f 885/949/957 948/1033/957 949/1035/957
f 913/911/958 912/909/958 975/1034/958
f 887/913/959 886/912/959 949/1035/959
f 979/981/961 978/978/961 1041/1039/961
f 953/982/962 952/979/962 1015/1041/962
f 927/983/963 926/980/963 989/1043/963
f 980/984/964 979/981/964 1042/1040/964
f 953/982/965 1016/1042/965 1017/1046/965
f 928/986/966 927/983/966 990/1044/966
f 981/987/967 980/984/967 1043/1045/967
f 955/988/968 954/985/968 1017/1046/968
f 929/989/969 928/986/969 991/1047/969
f 981/987/970 1044/1048/970 1045/1051/970
f 955/988/971 1018/1049/971 1019/1052/971
f 929/989/972 992/1050/972 993/1053/972
f 982/990/973 1045/1051/973 1046/1054/973
f 957/994/974 956/991/974 1019/1052/974
f 930/992/975 993/1053/975 994/1056/975
f 983/993/976 1046/1054/976 1047/1057/976
f 957/994/977 1020/1055/977 1021/1058/977
f 931/995/978 994/1056/978 995/1059/978
f 985/999/979 984/996/979 1047/1057/979
f 959/1000/980 958/997/980 1021/1058/980
f 933/1001/981 932/998/981 995/1059/981
f 985/999/982 1048/1060/982 1049/1063/982
f 959/1000/983 1022/1061/983 1023/1064/983
f 933/1001/984 996/1062/984 997/1065/984
f 960/1003/986 1023/1064/986 1024/1067/986
f 934/1004/987 997/1065/987 998/1068/987
f 962/1008/988 961/1006/988 1024/1067/988
f 936/1009/989 935/1007/989 998/1068/989
f 963/1010/990 962/1008/990 1025/1069/990
f 936/1009/4123 999/1070/4123 1000/1072/4123
f 963/1010/992 1026/1071/992 1027/1073/992
f 937/1011/993 1000/1072/993 1001/1074/993
f 965/1014/994 964/1012/994 1027/1073/994
f 939/1015/995 938/1013/995 1001/1074/995
f 965/1014/996 1028/1075/996 1029/1077/996
f 939/1015/997 1002/1076/997 1003/1078/997
f 966/1016/998 1029/1077/998 1030/1079/998
f 940/1017/999 1003/1078/999 1004/1080/999
f 968/1020/1000 967/1018/1000 1030/1079/1000
f 942/1021/1001 941/1019/1001 1004/1080/1001
f 968/1020/1002 1031/1081/1002 1032/1083/1002
f 942/1021/1003 1005/1082/1003 1006/1084/1003
f 970/1024/1004 969/1022/1004 1032/1083/1004
f 944/1025/1005 943/1023/1005 1006/1084/1005
f 971/1026/1006 970/1024/1006 1033/1085/1006
f 944/1025/1007 1007/1086/1007 1008/1088/1007
f 971/1026/1008 1034/1087/1008 1035/1089/1008
f 945/1027/1009 1008/1088/1009 1009/1090/1009
f 972/1028/1010 1035/1089/1010 1036/1091/1010
f 947/1031/1011 946/1029/1011 1009/1090/1011
f 974/1032/4124 973/1030/4124 1036/1091/4124
f 947/1031/1013 1010/1092/1013 1011/1094/1013
f 974/1032/1014 1037/1093/1014 1038/1095/1014
f 948/1033/1015 1011/1094/1015 1012/1096/1015
f 976/974/1016 975/1034/1016 1038/1095/1016
f 950/1036/1017 949/1035/1017 1012/1096/1017
f 976/974/1019 1039/1097/1019 1040/1101/1019
f 950/1036/1020 1013/1098/1020 1014/1102/1020
f 924/1038/1021 987/1100/1021 988/1103/1021
f 977/975/1022 1040/1101/1022 1041/1039/1022
f 951/976/1023 1014/1102/1023 1015/1041/1023
f 925/977/1024 988/1103/1024 989/1043/1024
f 1044/1048/1025 1043/1045/1025 1106/1104/1025
f 1018/1049/1026 1017/1046/1026 1080/1106/1026
f 991/1047/1027 1054/1168/1027 1055/1108/1027
f 1044/1048/1028 1107/1105/1028 1108/1109/1028
f 1018/1049/1029 1081/1107/1029 1082/1110/1029
f 992/1050/1030 1055/1108/1030 1056/1111/1030
f 1045/1051/1031 1108/1109/1031 1109/1112/1031
f 1020/1055/1032 1019/1052/1032 1082/1110/1032
f 993/1053/1033 1056/1111/1033 1057/1114/1033
f 1047/1057/1034 1046/1054/1034 1109/1112/1034
f 1020/1055/1035 1083/1113/1035 1084/1116/1035
f 994/1056/1036 1057/1114/1036 1058/1117/1036
f 1048/1060/1037 1047/1057/1037 1110/1115/1037
f 1022/1061/1038 1021/1058/1038 1084/1116/1038
f 996/1062/1039 995/1059/1039 1058/1117/1039
f 1048/1060/1040 1111/1118/1040 1112/1121/1040
f 1022/1061/1041 1085/1119/1041 1086/1122/1041
f 996/1062/1042 1059/1120/1042 1060/1123/1042
f 1023/1064/1044 1086/1122/1044 1087/1125/1044
f 997/1065/1045 1060/1123/1045 1061/1126/1045
f 1025/1069/1046 1024/1067/1046 1087/1125/1046
f 999/1070/1047 998/1068/1047 1061/1126/1047
f 1026/1071/1048 1025/1069/1048 1088/1127/1048
f 999/1070/1049 1062/1128/1049 1063/1130/1049
f 1026/1071/1050 1089/1129/1050 1090/1131/1050
f 1001/1074/1051 1000/1072/1051 1063/1130/1051
f 1028/1075/1052 1027/1073/1052 1090/1131/1052
f 1002/1076/1053 1001/1074/1053 1064/1132/1053
f 1028/1075/1054 1091/1133/1054 1092/1135/1054
f 1002/1076/1055 1065/1134/1055 1066/1136/1055
f 1029/1077/1056 1092/1135/1056 1093/1137/1056
f 1003/1078/1057 1066/1136/1057 1067/1138/1057
f 1031/1081/1058 1030/1079/1058 1093/1137/1058
f 1005/1082/1059 1004/1080/1059 1067/1138/1059
f 1031/1081/1060 1094/1139/1060 1095/1141/1060
f 1005/1082/1061 1068/1140/1061 1069/1142/1061
f 1033/1085/1062 1032/1083/1062 1095/1141/1062
f 1007/1086/1063 1006/1084/1063 1069/1142/1063
f 1034/1087/1064 1033/1085/1064 1096/1143/1064
f 1007/1086/1065 1070/1144/1065 1071/1146/1065
f 1034/1087/1066 1097/1145/1066 1098/1147/1066
f 1008/1088/1067 1071/1146/1067 1072/1148/1067
f 1035/1089/1068 1098/1147/1068 1099/1149/1068
f 1010/1092/1069 1009/1090/1069 1072/1148/1069
f 1037/1093/1070 1036/1091/1070 1099/1149/1070
f 1010/1092/1071 1073/1150/1071 1074/1152/1071
f 1037/1093/1072 1100/1151/1072 1101/1153/1072
f 1011/1094/1073 1074/1152/1073 1075/1154/1073
f 1039/1097/1074 1038/1095/1074 1101/1153/1074
f 1013/1098/1075 1012/1096/1075 1075/1154/1075
f 1039/1097/1077 1102/1155/1077 1103/1159/1077
f 1013/1098/1078 1076/1156/1078 1077/1160/1078
f 988/1103/1079 987/1100/1079 1050/1158/1079
f 1040/1101/1080 1103/1159/1080 1104/1162/1080
f 1014/1102/1081 1077/1160/1081 1078/1163/1081
f 988/1103/1082 1051/1161/1082 1052/1164/1082
f 1042/1040/1083 1041/1039/1083 1104/1162/1083
f 1016/1042/1084 1015/1041/1084 1078/1163/1084
f 989/1043/1085 1052/1164/1085 1053/1167/1085
f 1043/1045/1086 1042/1040/1086 1105/1165/1086
f 1016/1042/1087 1079/1166/1087 1080/1106/1087
f 991/1047/1088 990/1044/1088 1053/1167/1088
f 1108/1109/1089 1171/1233/1089 1172/1169/1089
f 1083/1113/1090 1082/1110/1090 1145/1170/1090
f 1057/1114/1091 1056/1111/1091 1119/1172/1091
f 1109/1112/1092 1172/1169/1092 1173/1174/1092
f 1083/1113/1093 1146/1171/1093 1147/1175/1093
f 1058/1117/1094 1057/1114/1094 1120/1173/1094
f 1110/1115/1095 1173/1174/1095 1174/1177/1095
f 1085/1119/1096 1084/1116/1096 1147/1175/1096
f 1059/1120/1097 1058/1117/1097 1121/1176/1097
f 1111/1118/1098 1174/1177/1098 1175/1180/1098
f 1085/1119/1099 1148/1178/1099 1149/1181/1099
f 1059/1120/1100 1122/1179/1100 1123/1182/1100
f 1086/1122/1102 1149/1181/1102 1150/1184/1102
f 1060/1123/1103 1123/1182/1103 1124/1185/1103
f 1088/1127/1104 1087/1125/1104 1150/1184/1104
f 1062/1128/1105 1061/1126/1105 1124/1185/1105
f 1089/1129/1106 1088/1127/1106 1151/1186/1106
f 1062/1128/1107 1125/1187/1107 1126/1189/1107
f 1089/1129/1108 1152/1188/1108 1153/1190/1108
f 1064/1132/1109 1063/1130/1109 1126/1189/1109
f 1091/1133/1110 1090/1131/1110 1153/1190/1110
f 1065/1134/1111 1064/1132/1111 1127/1191/1111
f 1091/1133/1112 1154/1192/1112 1155/1194/1112
f 1065/1134/1113 1128/1193/1113 1129/1195/1113
f 1092/1135/1114 1155/1194/1114 1156/1196/1114
f 1066/1136/1115 1129/1195/1115 1130/1197/1115
f 1094/1139/1116 1093/1137/1116 1156/1196/1116
f 1068/1140/1117 1067/1138/1117 1130/1197/1117
f 1094/1139/1118 1157/1198/1118 1158/1200/1118
f 1068/1140/1119 1131/1199/1119 1132/1201/1119
f 1096/1143/1120 1095/1141/1120 1158/1200/1120
f 1070/1144/1121 1069/1142/1121 1132/1201/1121
f 1097/1145/1122 1096/1143/1122 1159/1202/1122
f 1070/1144/1123 1133/1203/1123 1134/1205/1123
f 1097/1145/1124 1160/1204/1124 1161/1206/1124
f 1071/1146/1125 1134/1205/1125 1135/1207/1125
f 1098/1147/1126 1161/1206/1126 1162/1208/1126
f 1073/1150/1127 1072/1148/1127 1135/1207/1127
f 1100/1151/1128 1099/1149/1128 1162/1208/1128
f 1073/1150/1129 1136/1209/1129 1137/1211/1129
f 1100/1151/1130 1163/1210/1130 1164/1212/1130
f 1074/1152/1131 1137/1211/1131 1138/1213/1131
f 1102/1155/1132 1101/1153/1132 1164/1212/1132
f 1076/1156/1133 1075/1154/1133 1138/1213/1133
f 1103/1159/1135 1102/1155/1135 1165/1214/1135
f 1076/1156/1136 1139/1215/1136 1140/1219/1136
f 1050/1158/1137 1113/1217/1137 1114/1220/1137
f 1103/1159/1138 1166/1218/1138 1167/1221/1138
f 1077/1160/1139 1140/1219/1139 1141/1222/1139
f 1051/1161/1140 1114/1220/1140 1115/1223/1140
f 1105/1165/1141 1104/1162/1141 1167/1221/1141
f 1079/1166/1142 1078/1163/1142 1141/1222/1142
f 1052/1164/1143 1115/1223/1143 1116/1226/1143
f 1106/1104/1144 1105/1165/1144 1168/1224/1144
f 1079/1166/1145 1142/1225/1145 1143/1228/1145
f 1054/1168/1146 1053/1167/1146 1116/1226/1146
f 1107/1105/1147 1106/1104/1147 1169/1227/1147
f 1081/1107/1148 1080/1106/1148 1143/1228/1148
f 1054/1168/1149 1117/1229/1149 1118/1232/1149
f 1108/1109/1150 1107/1105/1150 1170/1230/1150
f 1081/1107/1151 1144/1231/1151 1145/1170/1151
f 1056/1111/1152 1055/1108/1152 1118/1232/1152
f 1174/1177/1153 1173/1174/1153 1236/1234/1153
f 1148/1178/1154 1147/1175/1154 1210/1236/1154
f 1122/1179/1155 1121/1176/1155 1184/1238/1155
f 1174/1177/1156 1237/1235/1156 1238/1240/1156
f 1148/1178/1157 1211/1237/1157 1212/1241/1157
f 1123/1182/1158 1122/1179/1158 1185/1239/1158
f 1149/1181/1160 1212/1241/1160 1213/1244/1160
f 1123/1182/1161 1186/1242/1161 1187/1245/1161
f 1150/1184/1162 1213/1244/1162 1214/1246/1162
f 1125/1187/1163 1124/1185/1163 1187/1245/1163
f 1152/1188/1164 1151/1186/1164 1214/1246/1164
f 1125/1187/1165 1188/1247/1165 1189/1249/1165
f 1152/1188/1166 1215/1248/1166 1216/1250/1166
f 1126/1189/1167 1189/1249/1167 1190/1251/1167
f 1154/1192/1168 1153/1190/1168 1216/1250/1168
f 1128/1193/1169 1127/1191/1169 1190/1251/1169
f 1154/1192/1170 1217/1252/1170 1218/1254/1170
f 1128/1193/1171 1191/1253/1171 1192/1255/1171
f 1155/1194/1172 1218/1254/1172 1219/1256/1172
f 1129/1195/1173 1192/1255/1173 1193/1257/1173
f 1157/1198/1174 1156/1196/1174 1219/1256/1174
f 1131/1199/1175 1130/1197/1175 1193/1257/1175
f 1157/1198/1176 1220/1258/1176 1221/1260/1176
f 1131/1199/1177 1194/1259/1177 1195/1261/1177
f 1159/1202/1178 1158/1200/1178 1221/1260/1178
f 1133/1203/1179 1132/1201/1179 1195/1261/1179
f 1160/1204/1180 1159/1202/1180 1222/1262/1180
f 1134/1205/1181 1133/1203/1181 1196/1263/1181
f 1160/1204/1182 1223/1264/1182 1224/1266/1182
f 1134/1205/1183 1197/1265/1183 1198/1267/1183
f 1162/1208/1184 1161/1206/1184 1224/1266/1184
f 1136/1209/1185 1135/1207/1185 1198/1267/1185
f 1163/1210/1186 1162/1208/1186 1225/1268/1186
f 1136/1209/1187 1199/1269/1187 1200/1271/1187
f 1163/1210/1188 1226/1270/1188 1227/1272/1188
f 1137/1211/1189 1200/1271/1189 1201/1273/1189
f 1165/1214/1190 1164/1212/1190 1227/1272/1190
f 1139/1215/1191 1138/1213/1191 1201/1273/1191
f 1165/1214/1193 1228/1274/1193 1229/1278/1193
f 1140/1219/1194 1139/1215/1194 1202/1275/1194
f 1113/1217/1195 1176/1277/1195 1177/1280/1195
f 1166/1218/1196 1229/1278/1196 1230/1281/1196
f 1140/1219/1197 1203/1279/1197 1204/1282/1197
f 1114/1220/1198 1177/1280/1198 1178/1283/1198
f 1168/1224/1199 1167/1221/1199 1230/1281/1199
f 1142/1225/1200 1141/1222/1200 1204/1282/1200
f 1115/1223/1201 1178/1283/1201 1179/1286/1201
f 1169/1227/1202 1168/1224/1202 1231/1284/1202
f 1142/1225/1203 1205/1285/1203 1206/1288/1203
f 1117/1229/1204 1116/1226/1204 1179/1286/1204
f 1169/1227/1205 1232/1287/1205 1233/1290/1205
f 1144/1231/1206 1143/1228/1206 1206/1288/1206
f 1118/1232/1207 1117/1229/1207 1180/1289/1207
f 1170/1230/1208 1233/1290/1208 1234/1293/1208
f 1144/1231/1209 1207/1291/1209 1208/1294/1209
f 1118/1232/1210 1181/1292/1210 1182/1295/1210
f 1171/1233/1211 1234/1293/1211 1235/1296/1211
f 1146/1171/1212 1145/1170/1212 1208/1294/1212
f 1119/1172/1213 1182/1295/1213 1183/1298/1213
f 1172/1169/1214 1235/1296/1214 1236/1234/1214
f 1146/1171/1215 1209/1297/1215 1210/1236/1215
f 1120/1173/1216 1183/1298/1216 1184/1238/1216
f 1212/1241/1218 1275/1362/1218 1276/1301/1218
f 1186/1242/1219 1249/1363/1219 1250/1302/1219
f 1213/1244/1220 1276/1301/1220 1277/1303/1220
f 1188/1247/1221 1187/1245/1221 1250/1302/1221
f 1215/1248/1222 1214/1246/1222 1277/1303/1222
f 1188/1247/1223 1251/1304/1223 1252/1306/1223
f 1215/1248/1224 1278/1305/1224 1279/1307/1224
f 1190/1251/1225 1189/1249/1225 1252/1306/1225
f 1217/1252/1226 1216/1250/1226 1279/1307/1226
f 1191/1253/1227 1190/1251/1227 1253/1308/1227
f 1217/1252/1228 1280/1309/1228 1281/1311/1228
f 1191/1253/1229 1254/1310/1229 1255/1312/1229
f 1218/1254/1230 1281/1311/1230 1282/1313/1230
f 1192/1255/1231 1255/1312/1231 1256/1314/1231
f 1220/1258/1232 1219/1256/1232 1282/1313/1232
f 1194/1259/1233 1193/1257/1233 1256/1314/1233
f 1220/1258/1234 1283/1315/1234 1284/1317/1234
f 1194/1259/1235 1257/1316/1235 1258/1318/1235
f 1222/1262/1236 1221/1260/1236 1284/1317/1236
f 1196/1263/1237 1195/1261/1237 1258/1318/1237
f 1223/1264/1238 1222/1262/1238 1285/1319/1238
f 1197/1265/1239 1196/1263/1239 1259/1320/1239
f 1223/1264/1240 1286/1321/1240 1287/1323/1240
f 1197/1265/1241 1260/1322/1241 1261/1324/1241
f 1224/1266/1242 1287/1323/1242 1288/1325/1242
f 1199/1269/1243 1198/1267/1243 1261/1324/1243
f 1226/1270/1244 1225/1268/1244 1288/1325/1244
f 1199/1269/1245 1262/1326/1245 1263/1328/1245
f 1226/1270/1246 1289/1327/1246 1290/1329/1246
f 1201/1273/1247 1200/1271/1247 1263/1328/1247
f 1228/1274/1248 1227/1272/1248 1290/1329/1248
f 1202/1275/1249 1201/1273/1249 1264/1330/1249
f 1228/1274/1251 1291/1331/1251 1292/1335/1251
f 1202/1275/1252 1265/1332/1252 1266/1336/1252
f 1177/1280/1253 1176/1277/1253 1239/1334/1253
f 1229/1278/1254 1292/1335/1254 1293/1338/1254
f 1203/1279/1255 1266/1336/1255 1267/1339/1255
f 1177/1280/1256 1240/1337/1256 1241/1340/1256
f 1230/1281/1257 1293/1338/1257 1294/1341/1257
f 1205/1285/1258 1204/1282/1258 1267/1339/1258
f 1179/1286/1259 1178/1283/1259 1241/1340/1259
f 1231/1284/1260 1294/1341/1260 1295/1344/1260
f 1205/1285/1261 1268/1342/1261 1269/1345/1261
f 1179/1286/1262 1242/1343/1262 1243/1346/1262
f 1232/1287/1263 1295/1344/1263 1296/1347/1263
f 1207/1291/1264 1206/1288/1264 1269/1345/1264
f 1180/1289/1265 1243/1346/1265 1244/1349/1265
f 1234/1293/1266 1233/1290/1266 1296/1347/1266
f 1207/1291/1267 1270/1348/1267 1271/1351/1267
f 1181/1292/1268 1244/1349/1268 1245/1352/1268
f 1234/1293/1269 1297/1350/1269 1298/1353/1269
f 1209/1297/1270 1208/1294/1270 1271/1351/1270
f 1183/1298/1271 1182/1295/1271 1245/1352/1271
f 1235/1296/1272 1298/1353/1272 1299/1356/1272
f 1209/1297/1273 1272/1354/1273 1273/1357/1273
f 1183/1298/1274 1246/1355/1274 1247/1358/1274
f 1236/1234/1275 1299/1356/1275 1300/1359/1275
f 1211/1237/1276 1210/1236/1276 1273/1357/1276
f 1185/1239/1277 1184/1238/1277 1247/1358/1277
f 1238/1240/1278 1237/1235/1278 1300/1359/1278
f 1211/1237/1279 1274/1360/1279 1275/1362/1279
f 1186/1242/1280 1185/1239/1280 1248/1361/1280
f 1278/1305/1281 1277/1303/1281 1340/1364/1281
f 1251/1304/1282 1314/1428/1282 1315/1366/1282
f 1278/1305/1283 1341/1365/1283 1342/1367/1283
f 1252/1306/1284 1315/1366/1284 1316/1368/1284
f 1280/1309/1285 1279/1307/1285 1342/1367/1285
f 1254/1310/1286 1253/1308/1286 1316/1368/1286
f 1280/1309/1287 1343/1369/1287 1344/1371/1287
f 1254/1310/1288 1317/1370/1288 1318/1372/1288
f 1281/1311/1289 1344/1371/1289 1345/1373/1289
f 1255/1312/1290 1318/1372/1290 1319/1374/1290
f 1283/1315/1291 1282/1313/1291 1345/1373/1291
f 1257/1316/1292 1256/1314/1292 1319/1374/1292
f 1283/1315/1293 1346/1375/1293 1347/1377/1293
f 1257/1316/1294 1320/1376/1294 1321/1378/1294
f 1285/1319/1295 1284/1317/1295 1347/1377/1295
f 1259/1320/1296 1258/1318/1296 1321/1378/1296
f 1286/1321/1297 1285/1319/1297 1348/1379/1297
f 1260/1322/1298 1259/1320/1298 1322/1380/1298
f 1286/1321/1299 1349/1381/1299 1350/1383/1299
f 1260/1322/1300 1323/1382/1300 1324/1384/1300
f 1288/1325/1301 1287/1323/1301 1350/1383/1301
f 1262/1326/1302 1261/1324/1302 1324/1384/1302
f 1289/1327/1303 1288/1325/1303 1351/1385/1303
f 1262/1326/1304 1325/1386/1304 1326/1388/1304
f 1289/1327/1305 1352/1387/1305 1353/1389/1305
f 1264/1330/1306 1263/1328/1306 1326/1388/1306
f 1291/1331/1307 1290/1329/1307 1353/1389/1307
f 1264/1330/1308 1327/1390/1308 1328/1392/1308
f 1291/1331/1310 1354/1391/1310 1355/1395/1310
f 1266/1336/1311 1265/1332/1311 1328/1392/1311
f 1239/1334/1312 1302/1394/1312 1303/1397/1312
f 1292/1335/1313 1355/1395/1313 1356/1398/1313
f 1267/1339/1314 1266/1336/1314 1329/1396/1314
f 1240/1337/1315 1303/1397/1315 1304/1400/1315
f 1294/1341/1316 1293/1338/1316 1356/1398/1316
f 1268/1342/1317 1267/1339/1317 1330/1399/1317
f 1242/1343/1318 1241/1340/1318 1304/1400/1318
f 1294/1341/1319 1357/1401/1319 1358/1404/1319
f 1268/1342/1320 1331/1402/1320 1332/1405/1320
f 1243/1346/1321 1242/1343/1321 1305/1403/1321
f 1296/1347/1322 1295/1344/1322 1358/1404/1322
f 1270/1348/1323 1269/1345/1323 1332/1405/1323
f 1243/1346/1324 1306/1406/1324 1307/1409/1324
f 1297/1350/1325 1296/1347/1325 1359/1407/1325
f 1270/1348/1326 1333/1408/1326 1334/1411/1326
f 1244/1349/1327 1307/1409/1327 1308/1412/1327
f 1297/1350/1328 1360/1410/1328 1361/1413/1328
f 1272/1354/1329 1271/1351/1329 1334/1411/1329
f 1246/1355/1330 1245/1352/1330 1308/1412/1330
f 1298/1353/1331 1361/1413/1331 1362/1416/1331
f 1272/1354/1332 1335/1414/1332 1336/1417/1332
f 1246/1355/1333 1309/1415/1333 1310/1418/1333
f 1300/1359/1334 1299/1356/1334 1362/1416/1334
f 1273/1357/1335 1336/1417/1335 1337/1420/1335
f 1248/1361/1336 1247/1358/1336 1310/1418/1336
f 1301/1300/1337 1300/1359/1337 1363/1419/1337
f 1274/1360/1338 1337/1420/1338 1338/1423/1338
f 1249/1363/1339 1248/1361/1339 1311/1421/1339
f 1275/1362/1341 1338/1423/1341 1339/1426/1341
f 1249/1363/1342 1312/1424/1342 1313/1427/1342
f 1276/1301/1343 1339/1426/1343 1340/1364/1343
f 1251/1304/1344 1250/1302/1344 1313/1427/1344
f 1343/1369/1345 1342/1367/1345 1405/1429/1345
f 1317/1370/1346 1316/1368/1346 1379/1431/1346
f 1343/1369/1347 1406/1430/1347 1407/1433/1347
f 1317/1370/1348 1380/1432/1348 1381/1434/1348
f 1344/1371/1349 1407/1433/1349 1408/1435/1349
f 1318/1372/1350 1381/1434/1350 1382/1436/1350
f 1346/1375/1351 1345/1373/1351 1408/1435/1351
f 1320/1376/1352 1319/1374/1352 1382/1436/1352
f 1346/1375/1353 1409/1437/1353 1410/1439/1353
f 1320/1376/1354 1383/1438/1354 1384/1440/1354
f 1348/1379/1355 1347/1377/1355 1410/1439/1355
f 1322/1380/1356 1321/1378/1356 1384/1440/1356
f 1349/1381/1357 1348/1379/1357 1411/1441/1357
f 1323/1382/1358 1322/1380/1358 1385/1442/1358
f 1349/1381/1359 1412/1443/1359 1413/1445/1359
f 1323/1382/1360 1386/1444/1360 1387/1446/1360
f 1351/1385/1361 1350/1383/1361 1413/1445/1361
f 1325/1386/1362 1324/1384/1362 1387/1446/1362
f 1352/1387/1363 1351/1385/1363 1414/1447/1363
f 1325/1386/1364 1388/1448/1364 1389/1450/1364
f 1352/1387/1365 1415/1449/1365 1416/1451/1365
f 1327/1390/1366 1326/1388/1366 1389/1450/1366
f 1354/1391/1367 1353/1389/1367 1416/1451/1367
f 1327/1390/1368 1390/1452/1368 1391/1454/1368
f 1354/1391/1370 1417/1453/1370 1418/1457/1370
f 1328/1392/1371 1391/1454/1371 1392/1458/1371
f 1303/1397/1372 1302/1394/1372 1365/1456/1372
f 1356/1398/1373 1355/1395/1373 1418/1457/1373
f 1329/1396/1374 1392/1458/1374 1393/1461/1374
f 1303/1397/1375 1366/1459/1375 1367/1462/1375
f 1357/1401/1376 1356/1398/1376 1419/1460/1376
f 1331/1402/1377 1330/1399/1377 1393/1461/1377
f 1304/1400/1378 1367/1462/1378 1368/1465/1378
f 1357/1401/1379 1420/1463/1379 1421/1466/1379
f 1331/1402/1380 1394/1464/1380 1395/1467/1380
f 1305/1403/1381 1368/1465/1381 1369/1468/1381
f 1359/1407/1382 1358/1404/1382 1421/1466/1382
f 1333/1408/1383 1332/1405/1383 1395/1467/1383
f 1306/1406/1384 1369/1468/1384 1370/1471/1384
f 1359/1407/1385 1422/1469/1385 1423/1472/1385
f 1333/1408/1386 1396/1470/1386 1397/1473/1386
f 1307/1409/1387 1370/1471/1387 1371/1474/1387
f 1360/1410/1388 1423/1472/1388 1424/1475/1388
f 1335/1414/1389 1334/1411/1389 1397/1473/1389
f 1308/1412/1390 1371/1474/1390 1372/1477/1390
f 1362/1416/1391 1361/1413/1391 1424/1475/1391
f 1335/1414/1392 1398/1476/1392 1399/1479/1392
f 1309/1415/1393 1372/1477/1393 1373/1480/1393
f 1363/1419/1394 1362/1416/1394 1425/1478/1394
f 1336/1417/1395 1399/1479/1395 1400/1482/1395
f 1310/1418/1396 1373/1480/1396 1374/1483/1396
f 1363/1419/1397 1426/1481/1397 1427/1484/1397
f 1337/1420/1398 1400/1482/1398 1401/1485/1398
f 1312/1424/1399 1311/1421/1399 1374/1483/1399
f 1338/1423/1401 1401/1485/1401 1402/1488/1401
f 1312/1424/1402 1375/1486/1402 1376/1489/1402
f 1339/1426/1403 1402/1488/1403 1403/1490/1403
f 1314/1428/1404 1313/1427/1404 1376/1489/1404
f 1341/1365/1405 1340/1364/1405 1403/1490/1405
f 1314/1428/1406 1377/1491/1406 1378/1493/1406
f 1341/1365/1407 1404/1492/1407 1405/1429/1407
f 1315/1366/1408 1378/1493/1408 1379/1431/1408
f 1407/1433/1409 1470/1557/1409 1471/1494/1409
f 1381/1434/1410 1444/1558/1410 1445/1495/1410
f 1409/1437/1411 1408/1435/1411 1471/1494/1411
f 1383/1438/1412 1382/1436/1412 1445/1495/1412
f 1409/1437/1413 1472/1496/1413 1473/1498/1413
f 1383/1438/1414 1446/1497/1414 1447/1499/1414
f 1411/1441/1415 1410/1439/1415 1473/1498/1415
f 1385/1442/1416 1384/1440/1416 1447/1499/1416
f 1412/1443/1417 1411/1441/1417 1474/1500/1417
f 1386/1444/1418 1385/1442/1418 1448/1501/1418
f 1412/1443/1419 1475/1502/1419 1476/1504/1419
f 1386/1444/1420 1449/1503/1420 1450/1505/1420
f 1414/1447/1421 1413/1445/1421 1476/1504/1421
f 1388/1448/1422 1387/1446/1422 1450/1505/1422
f 1415/1449/1423 1414/1447/1423 1477/1506/1423
f 1388/1448/1424 1451/1507/1424 1452/1509/1424
f 1415/1449/1425 1478/1508/1425 1479/1510/1425
f 1390/1452/1426 1389/1450/1426 1452/1509/1426
f 1417/1453/1427 1416/1451/1427 1479/1510/1427
f 1390/1452/1428 1453/1511/1428 1454/1513/1428
f 1417/1453/1430 1480/1512/1430 1481/1516/1430
f 1392/1458/1431 1391/1454/1431 1454/1513/1431
f 1366/1459/1432 1365/1456/1432 1428/1515/1432
f 1418/1457/1433 1481/1516/1433 1482/1519/1433
f 1392/1458/1434 1455/1517/1434 1456/1520/1434
f 1366/1459/1435 1429/1518/1435 1430/1521/1435
f 1420/1463/1436 1419/1460/1436 1482/1519/1436
f 1394/1464/1437 1393/1461/1437 1456/1520/1437
f 1368/1465/1438 1367/1462/1438 1430/1521/1438
f 1420/1463/1439 1483/1522/1439 1484/1525/1439
f 1394/1464/1440 1457/1523/1440 1458/1526/1440
f 1369/1468/1441 1368/1465/1441 1431/1524/1441
f 1422/1469/1442 1421/1466/1442 1484/1525/1442
f 1396/1470/1443 1395/1467/1443 1458/1526/1443
f 1369/1468/1444 1432/1527/1444 1433/1530/1444
f 1422/1469/1445 1485/1528/1445 1486/1531/1445
f 1396/1470/1446 1459/1529/1446 1460/1532/1446
f 1370/1471/1447 1433/1530/1447 1434/1533/1447
f 1423/1472/1448 1486/1531/1448 1487/1534/1448
f 1397/1473/1449 1460/1532/1449 1461/1535/1449
f 1371/1474/1450 1434/1533/1450 1435/1536/1450
f 1424/1475/1451 1487/1534/1451 1488/1537/1451
f 1398/1476/1452 1461/1535/1452 1462/1538/1452
f 1372/1477/1453 1435/1536/1453 1436/1539/1453
f 1425/1478/1454 1488/1537/1454 1489/1540/1454
f 1399/1479/1455 1462/1538/1455 1463/1541/1455
f 1374/1483/1456 1373/1480/1456 1436/1539/1456
f 1427/1484/1457 1426/1481/1457 1489/1540/1457
f 1400/1482/1458 1463/1541/1458 1464/1544/1458
f 1375/1486/1459 1374/1483/1459 1437/1542/1459
f 1401/1485/1461 1464/1544/1461 1465/1547/1461
f 1375/1486/1462 1438/1545/1462 1439/1548/1462
f 1402/1488/1463 1465/1547/1463 1466/1549/1463
f 1377/1491/1464 1376/1489/1464 1439/1548/1464
f 1404/1492/1465 1403/1490/1465 1466/1549/1465
f 1377/1491/1466 1440/1550/1466 1441/1552/1466
f 1404/1492/1467 1467/1551/1467 1468/1553/1467
f 1378/1493/1468 1441/1552/1468 1442/1554/1468
f 1406/1430/1469 1405/1429/1469 1468/1553/1469
f 1380/1432/1470 1379/1431/1470 1442/1554/1470
f 1406/1430/1471 1469/1555/1471 1470/1557/1471
f 1380/1432/1472 1443/1556/1472 1444/1558/1472
f 1472/1496/1473 1535/1622/1473 1536/1559/1473
f 1446/1497/1474 1509/1623/1474 1510/1560/1474
f 1474/1500/1475 1473/1498/1475 1536/1559/1475
f 1448/1501/1476 1447/1499/1476 1510/1560/1476
f 1475/1502/1477 1474/1500/1477 1537/1561/1477
f 1449/1503/1478 1448/1501/1478 1511/1562/1478
f 1475/1502/1479 1538/1563/1479 1539/1565/1479
f 1449/1503/1480 1512/1564/1480 1513/1566/1480
f 1477/1506/1481 1476/1504/1481 1539/1565/1481
f 1451/1507/1482 1450/1505/1482 1513/1566/1482
f 1478/1508/1483 1477/1506/1483 1540/1567/1483
f 1451/1507/1484 1514/1568/1484 1515/1570/1484
f 1478/1508/1485 1541/1569/1485 1542/1571/1485
f 1453/1511/1486 1452/1509/1486 1515/1570/1486
f 1480/1512/1487 1479/1510/1487 1542/1571/1487
f 1453/1511/1488 1516/1572/1488 1517/1574/1488
f 1480/1512/1490 1543/1573/1490 1544/1577/1490
f 1455/1517/1491 1454/1513/1491 1517/1574/1491
f 1428/1515/1492 1491/1576/1492 1492/1579/1492
f 1481/1516/1493 1544/1577/1493 1545/1580/1493
f 1455/1517/1494 1518/1578/1494 1519/1581/1494
f 1429/1518/1495 1492/1579/1495 1493/1582/1495
f 1483/1522/1496 1482/1519/1496 1545/1580/1496
f 1457/1523/1497 1456/1520/1497 1519/1581/1497
f 1430/1521/1498 1493/1582/1498 1494/1585/1498
f 1483/1522/1499 1546/1583/1499 1547/1586/1499
f 1458/1526/1500 1457/1523/1500 1520/1584/1500
f 1432/1527/1501 1431/1524/1501 1494/1585/1501
f 1484/1525/1502 1547/1586/1502 1548/1589/1502
f 1459/1529/1503 1458/1526/1503 1521/1587/1503
f 1432/1527/1504 1495/1588/1504 1496/1591/1504
f 1486/1531/1505 1485/1528/1505 1548/1589/1505
f 1459/1529/1506 1522/1590/1506 1523/1593/1506
f 1433/1530/1507 1496/1591/1507 1497/1594/1507
f 1486/1531/1508 1549/1592/1508 1550/1595/1508
f 1460/1532/1509 1523/1593/1509 1524/1596/1509
f 1434/1533/1510 1497/1594/1510 1498/1597/1510
f 1488/1537/1511 1487/1534/1511 1550/1595/1511
f 1461/1535/1512 1524/1596/1512 1525/1599/1512
f 1435/1536/1513 1498/1597/1513 1499/1600/1513
f 1488/1537/1514 1551/1598/1514 1552/1601/1514
f 1463/1541/1515 1462/1538/1515 1525/1599/1515
f 1437/1542/1516 1436/1539/1516 1499/1600/1516
f 1490/1543/1517 1489/1540/1517 1552/1601/1517
f 1463/1541/1518 1526/1602/1518 1527/1605/1518
f 1438/1545/1519 1437/1542/1519 1500/1603/1519
f 1464/1544/1521 1527/1605/1521 1528/1608/1521
f 1438/1545/1522 1501/1606/1522 1502/1609/1522
f 1465/1547/1523 1528/1608/1523 1529/1610/1523
f 1440/1550/1524 1439/1548/1524 1502/1609/1524
f 1467/1551/1525 1466/1549/1525 1529/1610/1525
f 1440/1550/1526 1503/1611/1526 1504/1613/1526
f 1467/1551/1527 1530/1612/1527 1531/1614/1527
f 1441/1552/1528 1504/1613/1528 1505/1615/1528
f 1468/1553/1529 1531/1614/1529 1532/1616/1529
f 1443/1556/1530 1442/1554/1530 1505/1615/1530
f 1469/1555/1531 1532/1616/1531 1533/1618/1531
f 1443/1556/1532 1506/1617/1532 1507/1619/1532
f 1470/1557/1533 1533/1618/1533 1534/1620/1533
f 1444/1558/1534 1507/1619/1534 1508/1621/1534
f 1472/1496/1535 1471/1494/1535 1534/1620/1535
f 1446/1497/1536 1445/1495/1536 1508/1621/1536
f 1538/1563/1537 1537/1561/1537 1600/1624/1537
f 1512/1564/1538 1511/1562/1538 1574/1626/1538
f 1538/1563/1539 1601/1625/1539 1602/1628/1539
f 1512/1564/1540 1575/1627/1540 1576/1629/1540
f 1540/1567/1541 1539/1565/1541 1602/1628/1541
f 1514/1568/1542 1513/1566/1542 1576/1629/1542
f 1541/1569/1543 1540/1567/1543 1603/1630/1543
f 1514/1568/1544 1577/1631/1544 1578/1633/1544
f 1541/1569/1545 1604/1632/1545 1605/1634/1545
f 1516/1572/1546 1515/1570/1546 1578/1633/1546
f 1543/1573/1547 1542/1571/1547 1605/1634/1547
f 1516/1572/1548 1579/1635/1548 1580/1637/1548
f 1543/1573/1550 1606/1636/1550 1607/1640/1550
f 1518/1578/1551 1517/1574/1551 1580/1637/1551
f 1491/1576/1552 1554/1639/1552 1555/1642/1552
f 1544/1577/1553 1607/1640/1553 1608/1643/1553
f 1518/1578/1554 1581/1641/1554 1582/1644/1554
f 1492/1579/1555 1555/1642/1555 1556/1645/1555
f 1546/1583/1556 1545/1580/1556 1608/1643/1556
f 1520/1584/1557 1519/1581/1557 1582/1644/1557
f 1493/1582/4125 1556/1645/4125 1557/1648/4125
f 1547/1586/1559 1546/1583/1559 1609/1646/1559
f 1520/1584/1560 1583/1647/1560 1584/1650/1560
f 1495/1588/1561 1494/1585/1561 1557/1648/1561
f 1547/1586/1562 1610/1649/1562 1611/1652/1562
f 1521/1587/1563 1584/1650/1563 1585/1653/1563
f 1495/1588/1564 1558/1651/1564 1559/1654/1564
f 1548/1589/1565 1611/1652/1565 1612/1655/1565
f 1522/1590/1566 1585/1653/1566 1586/1656/1566
f 1496/1591/1567 1559/1654/1567 1560/1657/1567
f 1549/1592/1568 1612/1655/1568 1613/1658/1568
f 1523/1593/1569 1586/1656/1569 1587/1659/1569
f 1497/1594/1570 1560/1657/1570 1561/1660/1570
f 1551/1598/4126 1550/1595/4126 1613/1658/4126
f 1524/1596/1572 1587/1659/1572 1588/1662/1572
f 1498/1597/1573 1561/1660/1573 1562/1663/1573
f 1552/1601/1574 1551/1598/1574 1614/1661/1574
f 1526/1602/1575 1525/1599/1575 1588/1662/1575
f 1500/1603/1576 1499/1600/1576 1562/1663/1576
f 1553/1604/1577 1552/1601/1577 1615/1664/1577
f 1526/1602/1578 1589/1665/1578 1590/1668/1578
f 1501/1606/1579 1500/1603/1579 1563/1666/1579
f 1528/1608/1581 1527/1605/1581 1590/1668/1581
f 1501/1606/1582 1564/1669/1582 1565/1672/1582
f 1528/1608/1583 1591/1671/1583 1592/1673/1583
f 1503/1611/1584 1502/1609/1584 1565/1672/1584
f 1530/1612/1585 1529/1610/1585 1592/1673/1585
f 1503/1611/1586 1566/1674/1586 1567/1676/1586
f 1530/1612/1587 1593/1675/1587 1594/1677/1587
f 1504/1613/1588 1567/1676/1588 1568/1678/1588
f 1532/1616/1589 1531/1614/1589 1594/1677/1589
f 1506/1617/1590 1505/1615/1590 1568/1678/1590
f 1532/1616/1591 1595/1679/1591 1596/1681/1591
f 1506/1617/1592 1569/1680/1592 1570/1682/1592
f 1533/1618/1593 1596/1681/1593 1597/1683/1593
f 1507/1619/1594 1570/1682/1594 1571/1684/1594
f 1535/1622/1595 1534/1620/1595 1597/1683/1595
f 1509/1623/1596 1508/1621/1596 1571/1684/1596
f 1535/1622/1597 1598/1685/1597 1599/1687/1597
f 1509/1623/1598 1572/1686/1598 1573/1688/1598
f 1537/1561/1599 1536/1559/1599 1599/1687/1599
f 1511/1562/1600 1510/1560/1600 1573/1688/1600
f 1603/1630/1601 1602/1628/1601 1665/1689/1601
f 1577/1631/1602 1576/1629/1602 1639/1691/1602
f 1604/1632/1603 1603/1630/1603 1666/1690/1603
f 1577/1631/1604 1640/1692/1604 1641/1694/1604
f 1604/1632/1605 1667/1693/1605 1668/1695/1605
f 1579/1635/1606 1578/1633/1606 1641/1694/1606
f 1606/1636/1607 1605/1634/1607 1668/1695/1607
f 1579/1635/1608 1642/1696/1608 1643/1698/1608
f 1606/1636/1610 1669/1697/1610 1670/1701/1610
f 1580/1637/1611 1643/1698/1611 1644/1702/1611
f 1554/1639/1612 1617/1700/1612 1618/1703/1612
f 1607/1640/1613 1670/1701/1613 1671/1704/1613
f 1581/1641/1614 1644/1702/1614 1645/1705/1614
f 1555/1642/1615 1618/1703/1615 1619/1706/1615
f 1609/1646/1616 1608/1643/1616 1671/1704/1616
f 1583/1647/1617 1582/1644/1617 1645/1705/1617
f 1556/1645/1618 1619/1706/1618 1620/1709/1618
f 1610/1649/1619 1609/1646/1619 1672/1707/1619
f 1583/1647/1620 1646/1708/1620 1647/1711/1620
f 1557/1648/1621 1620/1709/1621 1621/1712/1621
f 1610/1649/1622 1673/1710/1622 1674/1713/1622
f 1585/1653/1623 1584/1650/1623 1647/1711/1623
f 1558/1651/1624 1621/1712/1624 1622/1715/1624
f 1612/1655/1625 1611/1652/1625 1674/1713/1625
f 1585/1653/1626 1648/1714/1626 1649/1717/1626
f 1560/1657/1627 1559/1654/1627 1622/1715/1627
f 1612/1655/1628 1675/1716/1628 1676/1719/1628
f 1586/1656/1629 1649/1717/1629 1650/1720/1629
f 1560/1657/1630 1623/1718/1630 1624/1721/1630
f 1614/1661/1631 1613/1658/1631 1676/1719/1631
f 1587/1659/1632 1650/1720/1632 1651/1723/1632
f 1561/1660/1633 1624/1721/1633 1625/1724/1633
f 1615/1664/1634 1614/1661/1634 1677/1722/1634
f 1588/1662/1635 1651/1723/1635 1652/1726/1635
f 1563/1666/1636 1562/1663/1636 1625/1724/1636
f 1616/1667/1637 1615/1664/1637 1678/1725/1637
f 1590/1668/1638 1589/1665/1638 1652/1726/1638
f 1563/1666/1639 1626/1727/1639 1627/1730/1639
f 1591/1671/1641 1590/1668/1641 1653/1729/1641
f 1564/1669/1642 1627/1730/1642 1628/1733/1642
f 1591/1671/1643 1654/1732/1643 1655/1734/1643
f 1566/1674/1644 1565/1672/1644 1628/1733/1644
f 1593/1675/1645 1592/1673/1645 1655/1734/1645
f 1566/1674/1646 1629/1735/1646 1630/1737/1646
f 1593/1675/1647 1656/1736/1647 1657/1738/1647
f 1567/1676/1648 1630/1737/1648 1631/1739/1648
f 1595/1679/1649 1594/1677/1649 1657/1738/1649
f 1569/1680/1650 1568/1678/1650 1631/1739/1650
f 1595/1679/1651 1658/1740/1651 1659/1742/1651
f 1569/1680/1652 1632/1741/1652 1633/1743/1652
f 1596/1681/1653 1659/1742/1653 1660/1744/1653
f 1570/1682/1654 1633/1743/1654 1634/1745/1654
f 1598/1685/1655 1597/1683/1655 1660/1744/1655
f 1572/1686/1656 1571/1684/1656 1634/1745/1656
f 1598/1685/1657 1661/1746/1657 1662/1748/1657
f 1572/1686/1658 1635/1747/1658 1636/1749/1658
f 1600/1624/1659 1599/1687/1659 1662/1748/1659
f 1574/1626/1660 1573/1688/1660 1636/1749/1660
f 1601/1625/1661 1600/1624/1661 1663/1750/1661
f 1575/1627/1662 1574/1626/1662 1637/1751/1662
f 1601/1625/1663 1664/1752/1663 1665/1689/1663
f 1575/1627/1664 1638/1753/1664 1639/1691/1664
f 1667/1693/1665 1730/1818/1665 1731/1754/1665
f 1642/1696/1666 1641/1694/1666 1704/1755/1666
f 1669/1697/1667 1668/1695/1667 1731/1754/1667
f 1642/1696/1668 1705/1756/1668 1706/1758/1668
f 1670/1701/1670 1669/1697/1670 1732/1757/1670
f 1643/1698/1671 1706/1758/1671 1707/1762/1671
f 1617/1700/1672 1680/1760/1672 1681/1763/1672
f 1670/1701/1673 1733/1761/1673 1734/1764/1673
f 1644/1702/1674 1707/1762/1674 1708/1765/1674
f 1618/1703/1675 1681/1763/1675 1682/1766/1675
f 1672/1707/1676 1671/1704/1676 1734/1764/1676
f 1646/1708/1677 1645/1705/1677 1708/1765/1677
f 1619/1706/1678 1682/1766/1678 1683/1769/1678
f 1672/1707/1679 1735/1767/1679 1736/1770/1679
f 1646/1708/1680 1709/1768/1680 1710/1771/1680
f 1621/1712/1681 1620/1709/1681 1683/1769/1681
f 1673/1710/1682 1736/1770/1682 1737/1773/1682
f 1648/1714/1683 1647/1711/1683 1710/1771/1683
f 1621/1712/1684 1684/1772/1684 1685/1775/1684
f 1675/1716/1685 1674/1713/1685 1737/1773/1685
f 1648/1714/1686 1711/1774/1686 1712/1777/1686
f 1623/1718/1687 1622/1715/1687 1685/1775/1687
f 1675/1716/1688 1738/1776/1688 1739/1779/1688
f 1650/1720/1689 1649/1717/1689 1712/1777/1689
f 1623/1718/1690 1686/1778/1690 1687/1781/1690
f 1677/1722/1691 1676/1719/1691 1739/1779/1691
f 1650/1720/1692 1713/1780/1692 1714/1783/1692
f 1624/1721/1693 1687/1781/1693 1688/1784/1693
f 1678/1725/1694 1677/1722/1694 1740/1782/1694
f 1651/1723/1695 1714/1783/1695 1715/1786/1695
f 1626/1727/1696 1625/1724/1696 1688/1784/1696
f 1679/1728/1697 1678/1725/1697 1741/1785/1697
f 1653/1729/1698 1652/1726/1698 1715/1786/1698
f 1627/1730/1699 1626/1727/1699 1689/1787/1699
f 1654/1732/1701 1653/1729/1701 1716/1789/1701
f 1627/1730/1702 1690/1790/1702 1691/1793/1702
f 1654/1732/1703 1717/1792/1703 1718/1794/1703
f 1629/1735/1704 1628/1733/1704 1691/1793/1704
f 1656/1736/1705 1655/1734/1705 1718/1794/1705
f 1629/1735/1706 1692/1795/1706 1693/1797/1706
f 1656/1736/1707 1719/1796/1707 1720/1798/1707
f 1630/1737/1708 1693/1797/1708 1694/1799/1708
f 1658/1740/1709 1657/1738/1709 1720/1798/1709
f 1632/1741/1710 1631/1739/1710 1694/1799/1710
f 1658/1740/1711 1721/1800/1711 1722/1802/1711
f 1632/1741/4127 1695/1801/4127 1696/1803/4127
f 1659/1742/1713 1722/1802/1713 1723/1804/1713
f 1633/1743/1714 1696/1803/1714 1697/1805/1714
f 1661/1746/1715 1660/1744/1715 1723/1804/1715
f 1635/1747/1716 1634/1745/1716 1697/1805/1716
f 1661/1746/1717 1724/1806/1717 1725/1808/1717
f 1635/1747/1718 1698/1807/1718 1699/1809/1718
f 1663/1750/1719 1662/1748/1719 1725/1808/1719
f 1637/1751/1720 1636/1749/1720 1699/1809/1720
f 1664/1752/4128 1663/1750/4128 1726/1810/4128
f 1638/1753/1722 1637/1751/1722 1700/1811/1722
f 1664/1752/1723 1727/1812/1723 1728/1814/1723
f 1638/1753/1724 1701/1813/1724 1702/1815/1724
f 1666/1690/1725 1665/1689/1725 1728/1814/1725
f 1640/1692/1726 1639/1691/1726 1702/1815/1726
f 1667/1693/1727 1666/1690/1727 1729/1816/1727
f 1640/1692/1728 1703/1817/1728 1704/1755/1728
f 1732/1757/1729 1795/1880/1729 1796/1819/1729
f 1706/1758/1730 1769/1881/1730 1770/1820/1730
f 1680/1760/1731 1743/1883/1731 1744/1821/1731
f 1733/1761/1732 1796/1819/1732 1797/1822/1732
f 1707/1762/1733 1770/1820/1733 1771/1823/1733
f 1681/1763/1734 1744/1821/1734 1745/1824/1734
f 1735/1767/1735 1734/1764/1735 1797/1822/1735
f 1709/1768/1736 1708/1765/1736 1771/1823/1736
f 1682/1766/1737 1745/1824/1737 1746/1827/1737
f 1736/1770/1738 1735/1767/1738 1798/1825/1738
f 1709/1768/1739 1772/1826/1739 1773/1829/1739
f 1684/1772/1740 1683/1769/1740 1746/1827/1740
f 1736/1770/1741 1799/1828/1741 1800/1831/1741
f 1711/1774/1742 1710/1771/1742 1773/1829/1742
f 1684/1772/1743 1747/1830/1743 1748/1833/1743
f 1737/1773/1744 1800/1831/1744 1801/1834/1744
f 1711/1774/1745 1774/1832/1745 1775/1835/1745
f 1686/1778/1746 1685/1775/1746 1748/1833/1746
f 1738/1776/1747 1801/1834/1747 1802/1837/1747
f 1713/1780/1748 1712/1777/1748 1775/1835/1748
f 1686/1778/1749 1749/1836/1749 1750/1839/1749
f 1740/1782/1750 1739/1779/1750 1802/1837/1750
f 1713/1780/1751 1776/1838/1751 1777/1841/1751
f 1687/1781/1752 1750/1839/1752 1751/1842/1752
f 1741/1785/1753 1740/1782/1753 1803/1840/1753
f 1714/1783/1754 1777/1841/1754 1778/1844/1754
f 1689/1787/1755 1688/1784/1755 1751/1842/1755
f 1742/1788/1756 1741/1785/1756 1804/1843/1756
f 1716/1789/1757 1715/1786/1757 1778/1844/1757
f 1689/1787/1758 1752/1845/1758 1753/1848/1758
f 1716/1789/1760 1779/1847/1760 1780/1850/1760
f 1690/1790/1761 1753/1848/1761 1754/1851/1761
f 1717/1792/1762 1780/1850/1762 1781/1852/1762
f 1692/1795/1763 1691/1793/1763 1754/1851/1763
f 1719/1796/1764 1718/1794/1764 1781/1852/1764
f 1692/1795/1765 1755/1853/1765 1756/1855/1765
f 1719/1796/1766 1782/1854/1766 1783/1856/1766
f 1693/1797/1767 1756/1855/1767 1757/1857/1767
f 1721/1800/1768 1720/1798/1768 1783/1856/1768
f 1695/1801/1769 1694/1799/1769 1757/1857/1769
f 1721/1800/1770 1784/1858/1770 1785/1860/1770
f 1695/1801/1771 1758/1859/1771 1759/1861/1771
f 1722/1802/1772 1785/1860/1772 1786/1862/1772
f 1696/1803/1773 1759/1861/1773 1760/1863/1773
f 1724/1806/1774 1723/1804/1774 1786/1862/1774
f 1698/1807/1775 1697/1805/1775 1760/1863/1775
f 1724/1806/1776 1787/1864/1776 1788/1866/1776
f 1698/1807/1777 1761/1865/1777 1762/1867/1777
f 1726/1810/1778 1725/1808/1778 1788/1866/1778
f 1700/1811/1779 1699/1809/1779 1762/1867/1779
f 1727/1812/1780 1726/1810/1780 1789/1868/1780
f 1701/1813/1781 1700/1811/1781 1763/1869/1781
f 1727/1812/1782 1790/1870/1782 1791/1872/1782
f 1701/1813/1783 1764/1871/1783 1765/1873/1783
f 1729/1816/1784 1728/1814/1784 1791/1872/1784
f 1703/1817/1785 1702/1815/1785 1765/1873/1785
f 1730/1818/1786 1729/1816/1786 1792/1874/1786
f 1703/1817/1787 1766/1875/1787 1767/1877/1787
f 1730/1818/1788 1793/1876/1788 1794/1878/1788
f 1705/1756/1789 1704/1755/1789 1767/1877/1789
f 1732/1757/1790 1731/1754/1790 1794/1878/1790
f 1705/1756/1791 1768/1879/1791 1769/1881/1791
f 1798/1825/1793 1797/1822/1793 1860/1884/1793
f 1772/1826/1794 1771/1823/1794 1834/1886/1794
f 1746/1827/1795 1745/1824/1795 1808/1888/1795
f 1799/1828/1796 1798/1825/1796 1861/1885/1796
f 1772/1826/1797 1835/1887/1797 1836/1891/1797
f 1747/1830/1798 1746/1827/1798 1809/1889/1798
f 1799/1828/1799 1862/1890/1799 1863/1893/1799
f 1774/1832/1800 1773/1829/1800 1836/1891/1800
f 1747/1830/1801 1810/1892/1801 1811/1895/1801
f 1801/1834/1802 1800/1831/1802 1863/1893/1802
f 1774/1832/1803 1837/1894/1803 1838/1897/1803
f 1749/1836/1804 1748/1833/1804 1811/1895/1804
f 1801/1834/1805 1864/1896/1805 1865/1899/1805
f 1776/1838/1806 1775/1835/1806 1838/1897/1806
f 1749/1836/1807 1812/1898/1807 1813/1901/1807
f 1802/1837/1808 1865/1899/1808 1866/1902/1808
f 1776/1838/1809 1839/1900/1809 1840/1903/1809
f 1750/1839/1810 1813/1901/1810 1814/1904/1810
f 1804/1843/1811 1803/1840/1811 1866/1902/1811
f 1777/1841/1812 1840/1903/1812 1841/1906/1812
f 1752/1845/1813 1751/1842/1813 1814/1904/1813
f 1804/1843/1814 1867/1905/1814 1868/1908/1814
f 1779/1847/1815 1778/1844/1815 1841/1906/1815
f 1752/1845/1816 1815/1907/1816 1816/1910/1816
f 1779/1847/1818 1842/1909/1818 1843/1912/1818
f 1753/1848/1819 1816/1910/1819 1817/1913/1819
f 1780/1850/1820 1843/1912/1820 1844/1914/1820
f 1755/1853/1821 1754/1851/1821 1817/1913/1821
f 1782/1854/1822 1781/1852/1822 1844/1914/1822
f 1755/1853/1823 1818/1915/1823 1819/1917/1823
f 1782/1854/4129 1845/1916/4129 1846/1918/4129
f 1756/1855/1825 1819/1917/1825 1820/1919/1825
f 1784/1858/1826 1783/1856/1826 1846/1918/1826
f 1758/1859/1827 1757/1857/1827 1820/1919/1827
f 1784/1858/1828 1847/1920/1828 1848/1922/1828
f 1758/1859/1829 1821/1921/1829 1822/1923/1829
f 1785/1860/1830 1848/1922/1830 1849/1924/1830
f 1759/1861/1831 1822/1923/1831 1823/1925/1831
f 1787/1864/1832 1786/1862/1832 1849/1924/1832
f 1761/1865/1833 1760/1863/1833 1823/1925/1833
f 1787/1864/1834 1850/1926/1834 1851/1928/1834
f 1761/1865/1835 1824/1927/1835 1825/1929/1835
f 1789/1868/1836 1788/1866/1836 1851/1928/1836
f 1763/1869/1837 1762/1867/1837 1825/1929/1837
f 1790/1870/1838 1789/1868/1838 1852/1930/1838
f 1764/1871/1839 1763/1869/1839 1826/1931/1839
f 1790/1870/1840 1853/1932/1840 1854/1934/1840
f 1764/1871/1841 1827/1933/1841 1828/1935/1841
f 1792/1874/1842 1791/1872/1842 1854/1934/1842
f 1766/1875/4130 1765/1873/4130 1828/1935/4130
f 1793/1876/1844 1792/1874/1844 1855/1936/1844
f 1766/1875/1845 1829/1937/1845 1830/1939/1845
f 1793/1876/1846 1856/1938/1846 1857/1940/1846
f 1768/1879/1847 1767/1877/1847 1830/1939/1847
f 1795/1880/1848 1794/1878/1848 1857/1940/1848
f 1769/1881/1849 1768/1879/1849 1831/1941/1849
f 1795/1880/1851 1858/1942/1851 1859/1946/1851
f 1769/1881/1852 1832/1943/1852 1833/1947/1852
f 1744/1821/1853 1743/1883/1853 1806/1945/1853
f 1796/1819/1854 1859/1946/1854 1860/1884/1854
f 1770/1820/1855 1833/1947/1855 1834/1886/1855
f 1744/1821/1856 1807/1948/1856 1808/1888/1856
f 1862/1890/1857 1925/2012/1857 1926/1949/1857
f 1837/1894/1858 1836/1891/1858 1899/1950/1858
f 1810/1892/1859 1873/2013/1859 1874/1952/1859
f 1864/1896/1860 1863/1893/1860 1926/1949/1860
f 1837/1894/1861 1900/1951/1861 1901/1954/1861
f 1812/1898/1862 1811/1895/1862 1874/1952/1862
f 1864/1896/1863 1927/1953/1863 1928/1956/1863
f 1839/1900/1864 1838/1897/1864 1901/1954/1864
f 1812/1898/1865 1875/1955/1865 1876/1958/1865
f 1866/1902/1866 1865/1899/1866 1928/1956/1866
f 1839/1900/1867 1902/1957/1867 1903/1960/1867
f 1814/1904/1868 1813/1901/1868 1876/1958/1868
f 1867/1905/1869 1866/1902/1869 1929/1959/1869
f 1841/1906/1870 1840/1903/1870 1903/1960/1870
f 1815/1907/1871 1814/1904/1871 1877/1961/1871
f 1867/1905/1872 1930/1962/1872 1931/1965/1872
f 1842/1909/1873 1841/1906/1873 1904/1963/1873
f 1816/1910/1874 1815/1907/1874 1878/1964/1874
f 1842/1909/1876 1905/1966/1876 1906/1969/1876
f 1816/1910/1877 1879/1967/1877 1880/1970/1877
f 1843/1912/1878 1906/1969/1878 1907/1971/1878
f 1818/1915/1879 1817/1913/1879 1880/1970/1879
f 1845/1916/1880 1844/1914/1880 1907/1971/1880
f 1818/1915/1881 1881/1972/1881 1882/1974/1881
f 1845/1916/1882 1908/1973/1882 1909/1975/1882
f 1819/1917/1883 1882/1974/1883 1883/1976/1883
f 1847/1920/1884 1846/1918/1884 1909/1975/1884
f 1821/1921/1885 1820/1919/1885 1883/1976/1885
f 1847/1920/1886 1910/1977/1886 1911/1979/1886
f 1821/1921/1887 1884/1978/1887 1885/1980/1887
f 1848/1922/1888 1911/1979/1888 1912/1981/1888
f 1822/1923/1889 1885/1980/1889 1886/1982/1889
f 1850/1926/1890 1849/1924/1890 1912/1981/1890
f 1824/1927/1891 1823/1925/1891 1886/1982/1891
f 1850/1926/1892 1913/1983/1892 1914/1985/1892
f 1824/1927/1893 1887/1984/1893 1888/1986/1893
f 1852/1930/1894 1851/1928/1894 1914/1985/1894
f 1826/1931/1895 1825/1929/1895 1888/1986/1895
f 1853/1932/1896 1852/1930/1896 1915/1987/1896
f 1827/1933/1897 1826/1931/1897 1889/1988/1897
f 1853/1932/1898 1916/1989/1898 1917/1991/1898
f 1827/1933/1899 1890/1990/1899 1891/1992/1899
f 1855/1936/1900 1854/1934/1900 1917/1991/1900
f 1829/1937/1901 1828/1935/1901 1891/1992/1901
f 1856/1938/1902 1855/1936/1902 1918/1993/1902
f 1829/1937/1903 1892/1994/1903 1893/1996/1903
f 1856/1938/1904 1919/1995/1904 1920/1997/1904
f 1831/1941/1905 1830/1939/1905 1893/1996/1905
f 1858/1942/1906 1857/1940/1906 1920/1997/1906
f 1832/1943/1907 1831/1941/1907 1894/1998/1907
f 1858/1942/1909 1921/1999/1909 1922/2003/1909
f 1832/1943/1910 1895/2000/1910 1896/2004/1910
f 1806/1945/1911 1869/2002/1911 1870/2005/1911
f 1859/1946/1912 1922/2003/1912 1923/2006/1912
f 1833/1947/1913 1896/2004/1913 1897/2007/1913
f 1807/1948/1914 1870/2005/1914 1871/2008/1914
f 1860/1884/1915 1923/2006/1915 1924/2009/1915
f 1835/1887/1916 1834/1886/1916 1897/2007/1916
f 1808/1888/1917 1871/2008/1917 1872/2011/1917
f 1862/1890/1918 1861/1885/1918 1924/2009/1918
f 1835/1887/1919 1898/2010/1919 1899/1950/1919
f 1810/1892/1920 1809/1889/1920 1872/2011/1920
f 1927/1953/1921 1990/2077/1921 1991/2014/1921
f 1902/1957/1922 1901/1954/1922 1964/2015/1922
f 1875/1955/1923 1938/2078/1923 1939/2017/1923
f 1928/1956/1924 1991/2014/1924 1992/2018/1924
f 1902/1957/1925 1965/2016/1925 1966/2019/1925
f 1876/1958/1926 1939/2017/1926 1940/2020/1926
f 1930/1962/1927 1929/1959/1927 1992/2018/1927
f 1904/1963/4131 1903/1960/4131 1966/2019/4131
f 1878/1964/1929 1877/1961/1929 1940/2020/1929
f 1930/1962/1930 1993/2021/1930 1994/2024/1930
f 1905/1966/1931 1904/1963/1931 1967/2022/1931
f 1878/1964/1932 1941/2023/1932 1942/2026/1932
f 1905/1966/1934 1968/2025/1934 1969/2028/1934
f 1879/1967/1935 1942/2026/1935 1943/2029/1935
f 1906/1969/1936 1969/2028/1936 1970/2030/1936
f 1881/1972/1937 1880/1970/1937 1943/2029/1937
f 1908/1973/1938 1907/1971/1938 1970/2030/1938
f 1881/1972/1939 1944/2031/1939 1945/2033/1939
f 1908/1973/1940 1971/2032/1940 1972/2034/1940
f 1882/1974/4132 1945/2033/4132 1946/2035/4132
f 1910/1977/1942 1909/1975/1942 1972/2034/1942
f 1884/1978/1943 1883/1976/1943 1946/2035/1943
f 1910/1977/1944 1973/2036/1944 1974/2038/1944
f 1884/1978/1945 1947/2037/1945 1948/2039/1945
f 1911/1979/1946 1974/2038/1946 1975/2040/1946
f 1885/1980/1947 1948/2039/1947 1949/2041/1947
f 1913/1983/1948 1912/1981/1948 1975/2040/1948
f 1887/1984/1949 1886/1982/1949 1949/2041/1949
f 1913/1983/1950 1976/2042/1950 1977/2044/1950
f 1887/1984/1951 1950/2043/1951 1951/2045/1951
f 1915/1987/1952 1914/1985/1952 1977/2044/1952
f 1889/1988/1953 1888/1986/1953 1951/2045/1953
f 1916/1989/1954 1915/1987/1954 1978/2046/1954
f 1890/1990/1955 1889/1988/1955 1952/2047/1955
f 1916/1989/1956 1979/2048/1956 1980/2050/1956
f 1890/1990/1957 1953/2049/1957 1954/2051/1957
f 1917/1991/4133 1980/2050/4133 1981/2052/4133
f 1892/1994/1959 1891/1992/1959 1954/2051/1959
f 1919/1995/1960 1918/1993/1960 1981/2052/1960
f 1892/1994/1961 1955/2053/1961 1956/2055/1961
f 1919/1995/1962 1982/2054/1962 1983/2056/1962
f 1894/1998/1963 1893/1996/1963 1956/2055/1963
f 1921/1999/1964 1920/1997/1964 1983/2056/1964
f 1895/2000/1965 1894/1998/1965 1957/2057/1965
f 1922/2003/1967 1921/1999/1967 1984/2058/1967
f 1895/2000/1968 1958/2059/1968 1959/2063/1968
f 1869/2002/1969 1932/2061/1969 1933/2064/1969
f 1922/2003/1970 1985/2062/1970 1986/2065/1970
f 1896/2004/4134 1959/2063/4134 1960/2066/4134
f 1870/2005/1972 1933/2064/1972 1934/2067/1972
f 1923/2006/1973 1986/2065/1973 1987/2068/1973
f 1898/2010/1974 1897/2007/1974 1960/2066/1974
f 1871/2008/1975 1934/2067/1975 1935/2070/1975
f 1925/2012/1976 1924/2009/1976 1987/2068/1976
f 1898/2010/1977 1961/2069/1977 1962/2072/1977
f 1873/2013/1978 1872/2011/1978 1935/2070/1978
f 1925/2012/1979 1988/2071/1979 1989/2074/1979
f 1900/1951/1980 1899/1950/1980 1962/2072/1980
f 1874/1952/1981 1873/2013/1981 1936/2073/1981
f 1926/1949/1982 1989/2074/1982 1990/2077/1982
f 1900/1951/1983 1963/2075/1983 1964/2015/1983
f 1875/1955/1984 1874/1952/1984 1937/2076/1984
f 1992/2018/1985 2055/2143/1985 2056/2079/1985
f 1967/2022/1986 1966/2019/1986 2029/2080/1986
f 1941/2023/1987 1940/2020/1987 2003/2082/1987
f 1993/2021/1988 2056/2079/1988 2057/2084/1988
f 1968/2025/1989 1967/2022/1989 2030/2081/1989
f 1941/2023/1990 2004/2083/1990 2005/2086/1990
f 1968/2025/1992 2031/2085/1992 2032/2088/1992
f 1942/2026/1993 2005/2086/1993 2006/2089/1993
f 1969/2028/1994 2032/2088/1994 2033/2090/1994
f 1944/2031/1995 1943/2029/1995 2006/2089/1995
f 1971/2032/1996 1970/2030/1996 2033/2090/1996
f 1944/2031/4135 2007/2091/4135 2008/2093/4135
f 1971/2032/1998 2034/2092/1998 2035/2094/1998
f 1945/2033/1999 2008/2093/1999 2009/2095/1999
f 1973/2036/2000 1972/2034/2000 2035/2094/2000
f 1947/2037/2001 1946/2035/2001 2009/2095/2001
f 1973/2036/4136 2036/2096/4136 2037/2098/4136
f 1947/2037/2003 2010/2097/2003 2011/2099/2003
f 1974/2038/2004 2037/2098/2004 2038/2100/2004
f 1948/2039/2005 2011/2099/2005 2012/2101/2005
f 1976/2042/4137 1975/2040/4137 2038/2100/4137
f 1950/2043/2007 1949/2041/2007 2012/2101/2007
f 1976/2042/2008 2039/2102/2008 2040/2104/2008
f 1950/2043/4138 2013/2103/4138 2014/2105/4138
f 1978/2046/2010 1977/2044/2010 2040/2104/2010
f 1952/2047/2011 1951/2045/2011 2014/2105/2011
f 1979/2048/2012 1978/2046/2012 2041/2106/2012
f 1953/2049/4139 1952/2047/4139 2015/2107/4139
f 1979/2048/2014 2042/2108/2014 2043/2110/2014
f 1953/2049/2015 2016/2109/2015 2017/2111/2015
f 1980/2050/2016 2043/2110/2016 2044/2112/2016
f 1955/2053/2017 1954/2051/2017 2017/2111/2017
f 1982/2054/4140 1981/2052/4140 2044/2112/4140
f 1955/2053/2019 2018/2113/2019 2019/2115/2019
f 1982/2054/2020 2045/2114/2020 2046/2116/2020
f 1957/2057/2021 1956/2055/2021 2019/2115/2021
f 1984/2058/2022 1983/2056/2022 2046/2116/2022
f 1958/2059/2023 1957/2057/2023 2020/2117/2023
f 1984/2058/2025 2047/2118/2025 2048/2122/2025
f 1958/2059/2026 2021/2119/2026 2022/2123/2026
f 1932/2061/2027 1995/2121/2027 1996/2124/2027
f 1985/2062/2028 2048/2122/2028 2049/2125/2028
f 1959/2063/2029 2022/2123/2029 2023/2126/2029
f 1933/2064/2030 1996/2124/2030 1997/2127/2030
f 1987/2068/2031 1986/2065/2031 2049/2125/2031
f 1961/2069/2032 1960/2066/2032 2023/2126/2032
f 1935/2070/2033 1934/2067/2033 1997/2127/2033
f 1988/2071/2034 1987/2068/2034 2050/2128/2034
f 1961/2069/2035 2024/2129/2035 2025/2132/2035
f 1936/2073/2036 1935/2070/2036 1998/2130/2036
f 1988/2071/2037 2051/2131/2037 2052/2134/2037
f 1963/2075/2038 1962/2072/2038 2025/2132/2038
f 1936/2073/2039 1999/2133/2039 2000/2136/2039
f 1990/2077/2040 1989/2074/2040 2052/2134/2040
f 1963/2075/2041 2026/2135/2041 2027/2138/2041
f 1937/2076/2042 2000/2136/2042 2001/2139/2042
f 1990/2077/2043 2053/2137/2043 2054/2140/2043
f 1965/2016/2044 1964/2015/2044 2027/2138/2044
f 1938/2078/2045 2001/2139/2045 2002/2142/2045
f 1991/2014/2046 2054/2140/2046 2055/2143/2046
f 1965/2016/2047 2028/2141/2047 2029/2080/2047
f 1939/2017/2048 2002/2142/2048 2003/2082/2048
f 2031/2085/2050 2095/2207/2050 2096/2146/2050
f 2005/2086/2051 2069/2208/2051 2070/2147/2051
f 2032/2088/2052 2096/2146/2052 2097/2148/2052
f 2007/2091/2053 2006/2089/2053 2070/2147/2053
f 2034/2092/2054 2033/2090/2054 2097/2148/2054
f 2007/2091/4141 2071/2149/4141 2072/2151/4141
f 2034/2092/2056 2098/2150/2056 2099/2152/2056
f 2008/2093/2057 2072/2151/2057 2073/2153/2057
f 2036/2096/2058 2035/2094/2058 2099/2152/2058
f 2010/2097/2059 2009/2095/2059 2073/2153/2059
f 2036/2096/2060 2100/2154/2060 2101/2156/2060
f 2010/2097/2061 2074/2155/2061 2075/2157/2061
f 2037/2098/2062 2101/2156/2062 2102/2158/2062
f 2011/2099/2063 2075/2157/2063 2076/2159/2063
f 2039/2102/2064 2038/2100/2064 2102/2158/2064
f 2013/2103/2065 2012/2101/2065 2076/2159/2065
f 2039/2102/2066 2103/2160/2066 2104/2162/2066
f 2013/2103/2067 2077/2161/2067 2078/2163/2067
f 2041/2106/2068 2040/2104/2068 2104/2162/2068
f 2015/2107/2069 2014/2105/2069 2078/2163/2069
f 2042/2108/2070 2041/2106/2070 2105/2164/2070
f 2016/2109/2071 2015/2107/2071 2079/2165/2071
f 2042/2108/2072 2106/2166/2072 2107/2168/2072
f 2016/2109/2073 2080/2167/2073 2081/2169/2073
f 2043/2110/2074 2107/2168/2074 2108/2170/2074
f 2018/2113/2075 2017/2111/2075 2081/2169/2075
f 2045/2114/4142 2044/2112/4142 2108/2170/4142
f 2018/2113/2077 2082/2171/2077 2083/2173/2077
f 2045/2114/2078 2109/2172/2078 2110/2174/2078
f 2020/2117/2079 2019/2115/2079 2083/2173/2079
f 2047/2118/2080 2046/2116/2080 2110/2174/2080
f 2021/2119/2081 2020/2117/2081 2084/2175/2081
f 2048/2122/2083 2047/2118/2083 2111/2176/2083
f 2021/2119/2084 2085/2177/2084 2086/2181/2084
f 1995/2121/2085 2059/2179/2085 2060/2182/2085
f 2048/2122/2086 2112/2180/2086 2113/2183/2086
f 2022/2123/4143 2086/2181/4143 2087/2184/4143
f 1996/2124/2088 2060/2182/2088 2061/2185/2088
f 2050/2128/2089 2049/2125/2089 2113/2183/2089
f 2024/2129/2090 2023/2126/2090 2087/2184/2090
f 1997/2127/2091 2061/2185/2091 2062/2188/2091
f 2051/2131/2092 2050/2128/2092 2114/2186/2092
f 2024/2129/2093 2088/2187/2093 2089/2190/2093
f 1999/2133/2094 1998/2130/2094 2062/2188/2094
f 2051/2131/2095 2115/2189/2095 2116/2192/2095
f 2026/2135/2096 2025/2132/2096 2089/2190/2096
f 2000/2136/2097 1999/2133/2097 2063/2191/2097
f 2053/2137/2098 2052/2134/2098 2116/2192/2098
f 2026/2135/2099 2090/2193/2099 2091/2196/2099
f 2001/2139/2100 2000/2136/2100 2064/2194/2100
f 2053/2137/2101 2117/2195/2101 2118/2198/2101
f 2028/2141/2102 2027/2138/2102 2091/2196/2102
f 2001/2139/2103 2065/2197/2103 2066/2200/2103
f 2055/2143/2104 2054/2140/2104 2118/2198/2104
f 2028/2141/2105 2092/2199/2105 2093/2202/2105
f 2002/2142/2106 2066/2200/2106 2067/2203/2106
f 2056/2079/2107 2055/2143/2107 2119/2201/2107
f 2030/2081/4144 2029/2080/4144 2093/2202/4144
f 2004/2083/2109 2003/2082/2109 2067/2203/2109
f 2056/2079/2110 2120/2204/2110 2121/2145/2110
f 2031/2085/2111 2030/2081/2111 2094/2205/2111
f 2005/2086/2112 2004/2083/2112 2068/2206/2112
f 2098/2150/2113 2097/2148/2113 2160/2209/2113
f 2071/2149/2114 2134/2273/2114 2135/2211/2114
f 2098/2150/2115 2161/2210/2115 2162/2212/2115
f 2073/2153/4145 2072/2151/4145 2135/2211/4145
f 2100/2154/2117 2099/2152/2117 2162/2212/2117
f 2074/2155/2118 2073/2153/2118 2136/2213/2118
f 2100/2154/2119 2163/2214/2119 2164/2216/2119
f 2074/2155/2120 2137/2215/2120 2138/2217/2120
f 2101/2156/2121 2164/2216/2121 2165/2218/2121
f 2075/2157/2122 2138/2217/2122 2139/2219/2122
f 2103/2160/4146 2102/2158/4146 2165/2218/4146
f 2077/2161/2124 2076/2159/2124 2139/2219/2124
f 2103/2160/2125 2166/2220/2125 2167/2222/2125
f 2077/2161/4147 2140/2221/4147 2141/2223/4147
f 2105/2164/2127 2104/2162/2127 2167/2222/2127
f 2079/2165/2128 2078/2163/2128 2141/2223/2128
f 2106/2166/2129 2105/2164/2129 2168/2224/2129
f 2080/2167/2130 2079/2165/2130 2142/2225/2130
f 2106/2166/2131 2169/2226/2131 2170/2228/2131
f 2080/2167/2132 2143/2227/2132 2144/2229/2132
f 2108/2170/4148 2107/2168/4148 2170/2228/4148
f 2082/2171/2134 2081/2169/2134 2144/2229/2134
f 2109/2172/2135 2108/2170/2135 2171/2230/2135
f 2082/2171/2136 2145/2231/2136 2146/2233/2136
f 2109/2172/2137 2172/2232/2137 2173/2234/2137
f 2084/2175/2138 2083/2173/2138 2146/2233/2138
f 2111/2176/2139 2110/2174/2139 2173/2234/2139
f 2085/2177/2140 2084/2175/2140 2147/2235/2140
f 2112/2180/2142 2111/2176/2142 2174/2236/2142
f 2085/2177/2143 2148/2237/2143 2149/2241/2143
f 2060/2182/2144 2059/2179/2144 2122/2239/2144
f 2112/2180/2145 2175/2240/2145 2176/2243/2145
f 2086/2181/2146 2149/2241/2146 2150/2244/2146
f 2060/2182/2147 2123/2242/2147 2124/2245/2147
f 2114/2186/2148 2113/2183/2148 2176/2243/2148
f 2088/2187/2149 2087/2184/2149 2150/2244/2149
f 2062/2188/2150 2061/2185/2150 2124/2245/2150
f 2115/2189/2151 2114/2186/2151 2177/2246/2151
f 2088/2187/2152 2151/2247/2152 2152/2250/2152
f 2063/2191/2153 2062/2188/2153 2125/2248/2153
f 2115/2189/2154 2178/2249/2154 2179/2252/2154
f 2090/2193/2155 2089/2190/2155 2152/2250/2155
f 2063/2191/2156 2126/2251/2156 2127/2254/2156
f 2117/2195/2157 2116/2192/2157 2179/2252/2157
f 2090/2193/2158 2153/2253/2158 2154/2256/2158
f 2065/2197/2159 2064/2194/2159 2127/2254/2159
f 2117/2195/2160 2180/2255/2160 2181/2258/2160
f 2092/2199/2161 2091/2196/2161 2154/2256/2161
f 2065/2197/2162 2128/2257/2162 2129/2260/2162
f 2119/2201/2163 2118/2198/2163 2181/2258/2163
f 2092/2199/2164 2155/2259/2164 2156/2262/2164
f 2066/2200/2165 2129/2260/2165 2130/2263/2165
f 2120/2204/2166 2119/2201/2166 2182/2261/2166
f 2094/2205/2167 2093/2202/2167 2156/2262/2167
f 2068/2206/2168 2067/2203/2168 2130/2263/2168
f 2121/2145/2169 2120/2204/2169 2183/2264/2169
f 2095/2207/2170 2094/2205/2170 2157/2265/2170
f 2068/2206/2171 2131/2266/2171 2132/2269/2171
f 2095/2207/2173 2158/2268/2173 2159/2271/2173
f 2069/2208/2174 2132/2269/2174 2133/2272/2174
f 2096/2146/2175 2159/2271/2175 2160/2209/2175
f 2071/2149/2176 2070/2147/2176 2133/2272/2176
f 2163/2214/2177 2162/2212/2177 2225/2274/2177
f 2137/2215/2178 2136/2213/2178 2199/2276/2178
f 2163/2214/2179 2226/2275/2179 2227/2278/2179
f 2137/2215/2180 2200/2277/2180 2201/2279/2180
f 2164/2216/2181 2227/2278/2181 2228/2280/2181
f 2138/2217/2182 2201/2279/2182 2202/2281/2182
f 2166/2220/4149 2165/2218/4149 2228/2280/4149
f 2140/2221/2184 2139/2219/2184 2202/2281/2184
f 2166/2220/2185 2229/2282/2185 2230/2284/2185
f 2140/2221/4150 2203/2283/4150 2204/2285/4150
f 2168/2224/2187 2167/2222/2187 2230/2284/2187
f 2142/2225/2188 2141/2223/2188 2204/2285/2188
f 2169/2226/2189 2168/2224/2189 2231/2286/2189
f 2143/2227/2190 2142/2225/2190 2205/2287/2190
f 2169/2226/2191 2232/2288/2191 2233/2290/2191
f 2143/2227/2192 2206/2289/2192 2207/2291/2192
f 2170/2228/2193 2233/2290/2193 2234/2292/2193
f 2145/2231/2194 2144/2229/2194 2207/2291/2194
f 2172/2232/2195 2171/2230/2195 2234/2292/2195
f 2145/2231/2196 2208/2293/2196 2209/2295/2196
f 2172/2232/2197 2235/2294/2197 2236/2296/2197
f 2147/2235/2198 2146/2233/2198 2209/2295/2198
f 2174/2236/2199 2173/2234/2199 2236/2296/2199
f 2148/2237/2200 2147/2235/2200 2210/2297/2200
f 2174/2236/2202 2237/2298/2202 2238/2302/2202
f 2148/2237/2203 2211/2299/2203 2212/2303/2203
f 2122/2239/2204 2185/2301/2204 2186/2304/2204
f 2175/2240/4151 2238/2302/4151 2239/2305/4151
f 2149/2241/2206 2212/2303/2206 2213/2306/2206
f 2123/2242/2207 2186/2304/2207 2187/2307/2207
f 2177/2246/2208 2176/2243/2208 2239/2305/2208
f 2151/2247/2209 2150/2244/2209 2213/2306/2209
f 2124/2245/2210 2187/2307/2210 2188/2310/2210
f 2178/2249/2211 2177/2246/2211 2240/2308/2211
f 2151/2247/2212 2214/2309/2212 2215/2312/2212
f 2126/2251/2213 2125/2248/2213 2188/2310/2213
f 2178/2249/2214 2241/2311/2214 2242/2314/2214
f 2153/2253/2215 2152/2250/2215 2215/2312/2215
f 2126/2251/2216 2189/2313/2216 2190/2316/2216
f 2180/2255/2217 2179/2252/2217 2242/2314/2217
f 2153/2253/2218 2216/2315/2218 2217/2318/2218
f 2128/2257/2219 2127/2254/2219 2190/2316/2219
f 2180/2255/2220 2243/2317/2220 2244/2320/2220
f 2155/2259/2221 2154/2256/2221 2217/2318/2221
f 2128/2257/2222 2191/2319/2222 2192/2322/2222
f 2181/2258/2223 2244/2320/2223 2245/2323/2223
f 2155/2259/2224 2218/2321/2224 2219/2324/2224
f 2129/2260/2225 2192/2322/2225 2193/2325/2225
f 2183/2264/2226 2182/2261/2226 2245/2323/2226
f 2157/2265/2227 2156/2262/2227 2219/2324/2227
f 2131/2266/4152 2130/2263/4152 2193/2325/4152
f 2183/2264/2229 2246/2326/2229 2247/2329/2229
f 2158/2268/2230 2157/2265/2230 2220/2327/2230
f 2132/2269/2231 2131/2266/2231 2194/2328/2231
f 2158/2268/2233 2221/2330/2233 2222/2333/2233
f 2132/2269/2234 2195/2331/2234 2196/2334/2234
f 2159/2271/2235 2222/2333/2235 2223/2335/2235
f 2134/2273/2236 2133/2272/2236 2196/2334/2236
f 2161/2210/2237 2160/2209/2237 2223/2335/2237
f 2134/2273/2238 2197/2336/2238 2198/2338/2238
f 2161/2210/2239 2224/2337/2239 2225/2274/2239
f 2135/2211/2240 2198/2338/2240 2199/2276/2240
f 2227/2278/2241 2290/2402/2241 2291/2339/2241
f 2201/2279/2242 2264/2403/2242 2265/2340/2242
f 2229/2282/4153 2228/2280/4153 2291/2339/4153
f 2203/2283/2244 2202/2281/2244 2265/2340/2244
f 2229/2282/2245 2292/2341/2245 2293/2343/2245
f 2203/2283/4154 2266/2342/4154 2267/2344/4154
f 2231/2286/2247 2230/2284/2247 2293/2343/2247
f 2205/2287/2248 2204/2285/2248 2267/2344/2248
f 2232/2288/2249 2231/2286/2249 2294/2345/2249
f 2206/2289/2250 2205/2287/2250 2268/2346/2250
f 2232/2288/2251 2295/2347/2251 2296/2349/2251
f 2206/2289/2252 2269/2348/2252 2270/2350/2252
f 2233/2290/2253 2296/2349/2253 2297/2351/2253
f 2208/2293/4155 2207/2291/4155 2270/2350/4155
f 2235/2294/2255 2234/2292/2255 2297/2351/2255
f 2208/2293/2256 2271/2352/2256 2272/2354/2256
f 2235/2294/2257 2298/2353/2257 2299/2355/2257
f 2210/2297/2258 2209/2295/2258 2272/2354/2258
f 2237/2298/4156 2236/2296/4156 2299/2355/4156
f 2211/2299/2260 2210/2297/2260 2273/2356/2260
f 2237/2298/2262 2300/2357/2262 2301/2361/2262
f 2211/2299/2263 2274/2358/2263 2275/2362/2263
f 2185/2301/2264 2248/2360/2264 2249/2363/2264
f 2238/2302/2265 2301/2361/2265 2302/2364/2265
f 2212/2303/4157 2275/2362/4157 2276/2365/4157
f 2186/2304/2267 2249/2363/2267 2250/2366/2267
f 2240/2308/2268 2239/2305/2268 2302/2364/2268
f 2214/2309/2269 2213/2306/2269 2276/2365/2269
f 2187/2307/2270 2250/2366/2270 2251/2369/2270
f 2241/2311/2271 2240/2308/2271 2303/2367/2271
f 2214/2309/2272 2277/2368/2272 2278/2371/2272
f 2189/2313/2273 2188/2310/2273 2251/2369/2273
f 2241/2311/2274 2304/2370/2274 2305/2373/2274
f 2216/2315/2275 2215/2312/2275 2278/2371/2275
f 2189/2313/2276 2252/2372/2276 2253/2375/2276
f 2243/2317/2277 2242/2314/2277 2305/2373/2277
f 2216/2315/2278 2279/2374/2278 2280/2377/2278
f 2191/2319/2279 2190/2316/2279 2253/2375/2279
f 2243/2317/2280 2306/2376/2280 2307/2379/2280
f 2218/2321/2281 2217/2318/2281 2280/2377/2281
f 2191/2319/2282 2254/2378/2282 2255/2381/2282
f 2245/2323/2283 2244/2320/2283 2307/2379/2283
f 2218/2321/2284 2281/2380/2284 2282/2383/2284
f 2192/2322/2285 2255/2381/2285 2256/2384/2285
f 2246/2326/2286 2245/2323/2286 2308/2382/2286
f 2220/2327/4158 2219/2324/4158 2282/2383/4158
f 2194/2328/2288 2193/2325/2288 2256/2384/2288
f 2247/2329/2289 2246/2326/2289 2309/2385/2289
f 2221/2330/2290 2220/2327/2290 2283/2386/2290
f 2195/2331/2291 2194/2328/2291 2257/2387/2291
f 2221/2330/2293 2284/2389/2293 2285/2392/2293
f 2195/2331/4159 2258/2390/4159 2259/2393/4159
f 2222/2333/2295 2285/2392/2295 2286/2394/2295
f 2197/2336/2296 2196/2334/2296 2259/2393/2296
f 2224/2337/2297 2223/2335/2297 2286/2394/2297
f 2197/2336/2298 2260/2395/2298 2261/2397/2298
f 2224/2337/4160 2287/2396/4160 2288/2398/4160
f 2198/2338/2300 2261/2397/2300 2262/2399/2300
f 2226/2275/2301 2225/2274/2301 2288/2398/2301
f 2200/2277/2302 2199/2276/2302 2262/2399/2302
f 2226/2275/2303 2289/2400/2303 2290/2402/2303
f 2200/2277/2304 2263/2401/2304 2264/2403/2304
f 2292/2341/2305 2355/2467/2305 2356/2404/2305
f 2266/2342/2306 2329/2468/2306 2330/2405/2306
f 2294/2345/2307 2293/2343/2307 2356/2404/2307
f 2268/2346/2308 2267/2344/2308 2330/2405/2308
f 2295/2347/2309 2294/2345/2309 2357/2406/2309
f 2269/2348/2310 2268/2346/2310 2331/2407/2310
f 2295/2347/2311 2358/2408/2311 2359/2410/2311
f 2269/2348/2312 2332/2409/2312 2333/2411/2312
f 2297/2351/2313 2296/2349/2313 2359/2410/2313
f 2271/2352/2314 2270/2350/2314 2333/2411/2314
f 2298/2353/2315 2297/2351/2315 2360/2412/2315
f 2271/2352/2316 2334/2413/2316 2335/2415/2316
f 2298/2353/2317 2361/2414/2317 2362/2416/2317
f 2273/2356/2318 2272/2354/2318 2335/2415/2318
f 2300/2357/2319 2299/2355/2319 2362/2416/2319
f 2274/2358/2320 2273/2356/2320 2336/2417/2320
f 2300/2357/2322 2363/2418/2322 2364/2422/2322
f 2274/2358/2323 2337/2419/2323 2338/2423/2323
f 2248/2360/2324 2311/2421/2324 2312/2424/2324
f 2301/2361/2325 2364/2422/2325 2365/2425/2325
f 2275/2362/2326 2338/2423/2326 2339/2426/2326
f 2249/2363/2327 2312/2424/2327 2313/2427/2327
f 2303/2367/2328 2302/2364/2328 2365/2425/2328
f 2277/2368/2329 2276/2365/2329 2339/2426/2329
f 2250/2366/2330 2313/2427/2330 2314/2430/2330
f 2304/2370/2331 2303/2367/2331 2366/2428/2331
f 2277/2368/2332 2340/2429/2332 2341/2432/2332
f 2252/2372/2333 2251/2369/2333 2314/2430/2333
f 2304/2370/2334 2367/2431/2334 2368/2434/2334
f 2279/2374/2335 2278/2371/2335 2341/2432/2335
f 2252/2372/2336 2315/2433/2336 2316/2436/2336
f 2306/2376/2337 2305/2373/2337 2368/2434/2337
f 2279/2374/2338 2342/2435/2338 2343/2438/2338
f 2254/2378/2339 2253/2375/2339 2316/2436/2339
f 2306/2376/2340 2369/2437/2340 2370/2440/2340
f 2281/2380/2341 2280/2377/2341 2343/2438/2341
f 2254/2378/2342 2317/2439/2342 2318/2442/2342
f 2308/2382/2343 2307/2379/2343 2370/2440/2343
f 2281/2380/2344 2344/2441/2344 2345/2444/2344
f 2255/2381/2345 2318/2442/2345 2319/2445/2345
f 2309/2385/2346 2308/2382/2346 2371/2443/2346
f 2283/2386/2347 2282/2383/2347 2345/2444/2347
f 2257/2387/2348 2256/2384/2348 2319/2445/2348
f 2310/2388/2349 2309/2385/2349 2372/2446/2349
f 2284/2389/2350 2283/2386/2350 2346/2447/2350
f 2258/2390/2351 2257/2387/2351 2320/2448/2351
f 2284/2389/2353 2347/2450/2353 2348/2453/2353
f 2258/2390/2354 2321/2451/2354 2322/2454/2354
f 2285/2392/2355 2348/2453/2355 2349/2455/2355
f 2260/2395/2356 2259/2393/2356 2322/2454/2356
f 2287/2396/2357 2286/2394/2357 2349/2455/2357
f 2260/2395/2358 2323/2456/2358 2324/2458/2358
f 2287/2396/2359 2350/2457/2359 2351/2459/2359
f 2261/2397/2360 2324/2458/2360 2325/2460/2360
f 2289/2400/2361 2288/2398/2361 2351/2459/2361
f 2263/2401/2362 2262/2399/2362 2325/2460/2362
f 2289/2400/2363 2352/2461/2363 2353/2463/2363
f 2263/2401/2364 2326/2462/2364 2327/2464/2364
f 2290/2402/2365 2353/2463/2365 2354/2465/2365
f 2264/2403/2366 2327/2464/2366 2328/2466/2366
f 2292/2341/2367 2291/2339/2367 2354/2465/2367
f 2266/2342/2368 2265/2340/2368 2328/2466/2368
f 2358/2408/2369 2357/2406/2369 2420/2469/2369
f 2332/2409/2370 2331/2407/2370 2394/2471/2370
f 2358/2408/2371 2421/2470/2371 2422/2473/2371
f 2332/2409/2372 2395/2472/2372 2396/2474/2372
f 2360/2412/2373 2359/2410/2373 2422/2473/2373
f 2334/2413/2374 2333/2411/2374 2396/2474/2374
f 2361/2414/2375 2360/2412/2375 2423/2475/2375
f 2334/2413/2376 2397/2476/2376 2398/2478/2376
f 2361/2414/2377 2424/2477/2377 2425/2479/2377
f 2336/2417/2378 2335/2415/2378 2398/2478/2378
f 2363/2418/2379 2362/2416/2379 2425/2479/2379
f 2336/2417/2380 2399/2480/2380 2400/2482/2380
f 2364/2422/2382 2363/2418/2382 2426/2481/2382
f 2337/2419/2383 2400/2482/2383 2401/2486/2383
f 2311/2421/2384 2374/2484/2384 2375/2487/2384
f 2364/2422/2385 2427/2485/2385 2428/2488/2385
f 2338/2423/2386 2401/2486/2386 2402/2489/2386
f 2312/2424/2387 2375/2487/2387 2376/2490/2387
f 2366/2428/2388 2365/2425/2388 2428/2488/2388
f 2340/2429/2389 2339/2426/2389 2402/2489/2389
f 2313/2427/2390 2376/2490/2390 2377/2493/2390
f 2367/2431/2391 2366/2428/2391 2429/2491/2391
f 2340/2429/2392 2403/2492/2392 2404/2495/2392
f 2314/2430/2393 2377/2493/2393 2378/2496/2393
f 2367/2431/2394 2430/2494/2394 2431/2497/2394
f 2342/2435/2395 2341/2432/2395 2404/2495/2395
f 2315/2433/2396 2378/2496/2396 2379/2499/2396
f 2368/2434/2397 2431/2497/2397 2432/2500/2397
f 2342/2435/2398 2405/2498/2398 2406/2501/2398
f 2317/2439/2399 2316/2436/2399 2379/2499/2399
f 2369/2437/2400 2432/2500/2400 2433/2503/2400
f 2344/2441/2401 2343/2438/2401 2406/2501/2401
f 2317/2439/2402 2380/2502/2402 2381/2505/2402
f 2371/2443/2403 2370/2440/2403 2433/2503/2403
f 2344/2441/2404 2407/2504/2404 2408/2507/2404
f 2318/2442/2405 2381/2505/2405 2382/2508/2405
f 2372/2446/2406 2371/2443/2406 2434/2506/2406
f 2345/2444/2407 2408/2507/2407 2409/2510/2407
f 2320/2448/2408 2319/2445/2408 2382/2508/2408
f 2373/2449/2409 2372/2446/2409 2435/2509/2409
f 2347/2450/2410 2346/2447/2410 2409/2510/2410
f 2321/2451/2411 2320/2448/2411 2383/2511/2411
f 2348/2453/2413 2347/2450/2413 2410/2513/2413
f 2321/2451/2414 2384/2514/2414 2385/2517/2414
f 2348/2453/2415 2411/2516/2415 2412/2518/2415
f 2323/2456/2416 2322/2454/2416 2385/2517/2416
f 2350/2457/2417 2349/2455/2417 2412/2518/2417
f 2323/2456/2418 2386/2519/2418 2387/2521/2418
f 2350/2457/2419 2413/2520/2419 2414/2522/2419
f 2324/2458/2420 2387/2521/2420 2388/2523/2420
f 2352/2461/2421 2351/2459/2421 2414/2522/2421
f 2326/2462/2422 2325/2460/2422 2388/2523/2422
f 2352/2461/2423 2415/2524/2423 2416/2526/2423
f 2326/2462/2424 2389/2525/2424 2390/2527/2424
f 2353/2463/2425 2416/2526/2425 2417/2528/2425
f 2327/2464/2426 2390/2527/2426 2391/2529/2426
f 2355/2467/4161 2354/2465/4161 2417/2528/4161
f 2329/2468/2428 2328/2466/2428 2391/2529/2428
f 2355/2467/2429 2418/2530/2429 2419/2532/2429
f 2329/2468/4162 2392/2531/4162 2393/2533/4162
f 2357/2406/2431 2356/2404/2431 2419/2532/2431
f 2331/2407/2432 2330/2405/2432 2393/2533/2432
f 2423/2475/2433 2422/2473/2433 2485/2534/2433
f 2397/2476/2434 2396/2474/2434 2459/2536/2434
f 2424/2477/2435 2423/2475/2435 2486/2535/2435
f 2397/2476/2436 2460/2537/2436 2461/2539/2436
f 2424/2477/2437 2487/2538/2437 2488/2540/2437
f 2399/2480/2438 2398/2478/2438 2461/2539/2438
f 2426/2481/2439 2425/2479/2439 2488/2540/2439
f 2399/2480/2440 2462/2541/2440 2463/2543/2440
f 2426/2481/2442 2489/2542/2442 2490/2546/2442
f 2400/2482/2443 2463/2543/2443 2464/2547/2443
f 2374/2484/4163 2437/2545/4163 2438/2548/4163
f 2427/2485/2445 2490/2546/2445 2491/2549/2445
f 2402/2489/2446 2401/2486/2446 2464/2547/2446
f 2375/2487/2447 2438/2548/2447 2439/2551/2447
f 2429/2491/2448 2428/2488/2448 2491/2549/2448
f 2403/2492/2449 2402/2489/2449 2465/2550/2449
f 2377/2493/2450 2376/2490/2450 2439/2551/2450
f 2430/2494/2451 2429/2491/2451 2492/2552/2451
f 2403/2492/2452 2466/2553/2452 2467/2556/2452
f 2378/2496/2453 2377/2493/2453 2440/2554/2453
f 2430/2494/2454 2493/2555/2454 2494/2558/2454
f 2405/2498/2455 2404/2495/2455 2467/2556/2455
f 2378/2496/2456 2441/2557/2456 2442/2560/2456
f 2432/2500/2457 2431/2497/2457 2494/2558/2457
f 2405/2498/2458 2468/2559/2458 2469/2562/2458
f 2380/2502/2459 2379/2499/2459 2442/2560/2459
f 2432/2500/2460 2495/2561/2460 2496/2564/2460
f 2407/2504/2461 2406/2501/2461 2469/2562/2461
f 2380/2502/2462 2443/2563/2462 2444/2566/2462
f 2433/2503/2463 2496/2564/2463 2497/2567/2463
f 2407/2504/2464 2470/2565/2464 2471/2568/2464
f 2381/2505/2465 2444/2566/2465 2445/2569/2465
f 2435/2509/2466 2434/2506/2466 2497/2567/2466
f 2408/2507/2467 2471/2568/2467 2472/2571/2467
f 2383/2511/2468 2382/2508/2468 2445/2569/2468
f 2435/2509/2469 2498/2570/2469 2499/2573/2469
f 2410/2513/2470 2409/2510/2470 2472/2571/2470
f 2384/2514/2471 2383/2511/2471 2446/2572/2471
f 2411/2516/2473 2410/2513/2473 2473/2574/2473
f 2384/2514/2474 2447/2575/2474 2448/2578/2474
f 2411/2516/2475 2474/2577/2475 2475/2579/2475
f 2386/2519/2476 2385/2517/2476 2448/2578/2476
f 2413/2520/2477 2412/2518/2477 2475/2579/2477
f 2386/2519/2478 2449/2580/2478 2450/2582/2478
f 2413/2520/2479 2476/2581/2479 2477/2583/2479
f 2387/2521/2480 2450/2582/2480 2451/2584/2480
f 2415/2524/2481 2414/2522/2481 2477/2583/2481
f 2389/2525/2482 2388/2523/2482 2451/2584/2482
f 2415/2524/2483 2478/2585/2483 2479/2587/2483
f 2389/2525/2484 2452/2586/2484 2453/2588/2484
f 2416/2526/2485 2479/2587/2485 2480/2589/2485
f 2390/2527/2486 2453/2588/2486 2454/2590/2486
f 2418/2530/4164 2417/2528/4164 2480/2589/4164
f 2392/2531/2488 2391/2529/2488 2454/2590/2488
f 2418/2530/2489 2481/2591/2489 2482/2593/2489
f 2392/2531/4165 2455/2592/4165 2456/2594/4165
f 2420/2469/2491 2419/2532/2491 2482/2593/2491
f 2394/2471/2492 2393/2533/2492 2456/2594/2492
f 2421/2470/2493 2420/2469/2493 2483/2595/2493
f 2395/2472/2494 2394/2471/2494 2457/2596/2494
f 2421/2470/2495 2484/2597/2495 2485/2534/2495
f 2395/2472/2496 2458/2598/2496 2459/2536/2496
f 2497/2567/2497 2496/2564/2497 2559/2599/2497
f 2470/2565/2498 2533/2662/2498 2534/2601/2498
f 2444/2566/2499 2507/2663/2499 2508/2602/2499
f 2498/2570/2500 2497/2567/2500 2560/2600/2500
f 2471/2568/2501 2534/2601/2501 2535/2604/2501
f 2446/2572/2502 2445/2569/2502 2508/2602/2502
f 2499/2573/2503 2498/2570/2503 2561/2603/2503
f 2473/2574/2504 2472/2571/2504 2535/2604/2504
f 2447/2575/2505 2446/2572/2505 2509/2605/2505
f 2473/2574/2507 2536/2607/2507 2537/2610/2507
f 2447/2575/2508 2510/2608/2508 2511/2611/2508
f 2474/2577/2509 2537/2610/2509 2538/2612/2509
f 2449/2580/2510 2448/2578/2510 2511/2611/2510
f 2476/2581/2511 2475/2579/2511 2538/2612/2511
f 2449/2580/2512 2512/2613/2512 2513/2615/2512
f 2476/2581/2513 2539/2614/2513 2540/2616/2513
f 2450/2582/2514 2513/2615/2514 2514/2617/2514
f 2478/2585/2515 2477/2583/2515 2540/2616/2515
f 2452/2586/2516 2451/2584/2516 2514/2617/2516
f 2478/2585/2517 2541/2618/2517 2542/2620/2517
f 2452/2586/2518 2515/2619/2518 2516/2621/2518
f 2479/2587/2519 2542/2620/2519 2543/2622/2519
f 2453/2588/2520 2516/2621/2520 2517/2623/2520
f 2481/2591/2521 2480/2589/2521 2543/2622/2521
f 2455/2592/2522 2454/2590/2522 2517/2623/2522
f 2481/2591/2523 2544/2624/2523 2545/2626/2523
f 2455/2592/2524 2518/2625/2524 2519/2627/2524
f 2483/2595/2525 2482/2593/2525 2545/2626/2525
f 2457/2596/2526 2456/2594/2526 2519/2627/2526
f 2484/2597/2527 2483/2595/2527 2546/2628/2527
f 2458/2598/2528 2457/2596/2528 2520/2629/2528
f 2484/2597/2529 2547/2630/2529 2548/2632/2529
f 2458/2598/2530 2521/2631/2530 2522/2633/2530
f 2486/2535/2531 2485/2534/2531 2548/2632/2531
f 2460/2537/2532 2459/2536/2532 2522/2633/2532
f 2487/2538/2533 2486/2535/2533 2549/2634/2533
f 2460/2537/2534 2523/2635/2534 2524/2637/2534
f 2487/2538/2535 2550/2636/2535 2551/2638/2535
f 2462/2541/2536 2461/2539/2536 2524/2637/2536
f 2489/2542/2537 2488/2540/2537 2551/2638/2537
f 2462/2541/2538 2525/2639/2538 2526/2641/2538
f 2489/2542/2540 2552/2640/2540 2553/2644/2540
f 2463/2543/2541 2526/2641/2541 2527/2645/2541
f 2437/2545/2542 2500/2643/2542 2501/2646/2542
f 2490/2546/2543 2553/2644/2543 2554/2647/2543
f 2464/2547/4166 2527/2645/4166 2528/2648/4166
f 2438/2548/2545 2501/2646/2545 2502/2649/2545
f 2492/2552/2546 2491/2549/2546 2554/2647/2546
f 2466/2553/2547 2465/2550/2547 2528/2648/2547
f 2439/2551/2548 2502/2649/2548 2503/2652/2548
f 2493/2555/2549 2492/2552/2549 2555/2650/2549
f 2466/2553/2550 2529/2651/2550 2530/2654/2550
f 2440/2554/2551 2503/2652/2551 2504/2655/2551
f 2493/2555/2552 2556/2653/2552 2557/2656/2552
f 2468/2559/2553 2467/2556/2553 2530/2654/2553
f 2441/2557/2554 2504/2655/2554 2505/2658/2554
f 2495/2561/2555 2494/2558/2555 2557/2656/2555
f 2468/2559/2556 2531/2657/2556 2532/2660/2556
f 2443/2563/2557 2442/2560/2557 2505/2658/2557
f 2495/2561/2558 2558/2659/2558 2559/2599/2558
f 2470/2565/2559 2469/2562/2559 2532/2660/2559
f 2443/2563/2560 2506/2661/2560 2507/2663/2560
f 2562/2606/2561 2561/2603/2561 2624/2664/2561
f 2536/2607/2562 2535/2604/2562 2598/2666/2562
f 2510/2608/2563 2509/2605/2563 2572/2668/2563
f 2537/2610/2565 2536/2607/2565 2599/2667/2565
f 2510/2608/2566 2573/2669/2566 2574/2672/2566
f 2537/2610/2567 2600/2671/2567 2601/2673/2567
f 2512/2613/2568 2511/2611/2568 2574/2672/2568
f 2539/2614/2569 2538/2612/2569 2601/2673/2569
f 2512/2613/2570 2575/2674/2570 2576/2676/2570
f 2539/2614/2571 2602/2675/2571 2603/2677/2571
f 2513/2615/2572 2576/2676/2572 2577/2678/2572
f 2541/2618/2573 2540/2616/2573 2603/2677/2573
f 2515/2619/2574 2514/2617/2574 2577/2678/2574
f 2541/2618/2575 2604/2679/2575 2605/2681/2575
f 2515/2619/2576 2578/2680/2576 2579/2682/2576
f 2542/2620/2577 2605/2681/2577 2606/2683/2577
f 2516/2621/2578 2579/2682/2578 2580/2684/2578
f 2544/2624/2579 2543/2622/2579 2606/2683/2579
f 2518/2625/2580 2517/2623/2580 2580/2684/2580
f 2544/2624/2581 2607/2685/2581 2608/2687/2581
f 2518/2625/4167 2581/2686/4167 2582/2688/4167
f 2546/2628/2583 2545/2626/2583 2608/2687/2583
f 2520/2629/2584 2519/2627/2584 2582/2688/2584
f 2547/2630/2585 2546/2628/2585 2609/2689/2585
f 2521/2631/2586 2520/2629/2586 2583/2690/2586
f 2547/2630/2587 2610/2691/2587 2611/2693/2587
f 2521/2631/2588 2584/2692/2588 2585/2694/2588
f 2548/2632/2589 2611/2693/2589 2612/2695/2589
f 2523/2635/2590 2522/2633/2590 2585/2694/2590
f 2550/2636/2591 2549/2634/2591 2612/2695/2591
f 2523/2635/2592 2586/2696/2592 2587/2698/2592
f 2550/2636/2593 2613/2697/2593 2614/2699/2593
f 2525/2639/2594 2524/2637/2594 2587/2698/2594
f 2552/2640/2595 2551/2638/2595 2614/2699/2595
f 2525/2639/2596 2588/2700/2596 2589/2702/2596
f 2552/2640/2598 2615/2701/2598 2616/2705/2598
f 2526/2641/2599 2589/2702/2599 2590/2706/2599
f 2500/2643/2600 2563/2704/2600 2564/2707/2600
f 2553/2644/2601 2616/2705/2601 2617/2708/2601
f 2528/2648/2602 2527/2645/2602 2590/2706/2602
f 2501/2646/2603 2564/2707/2603 2565/2710/2603
f 2555/2650/2604 2554/2647/2604 2617/2708/2604
f 2528/2648/2605 2591/2709/2605 2592/2712/2605
f 2502/2649/2606 2565/2710/2606 2566/2713/2606
f 2556/2653/2607 2555/2650/2607 2618/2711/2607
f 2529/2651/2608 2592/2712/2608 2593/2715/2608
f 2504/2655/2609 2503/2652/2609 2566/2713/2609
f 2556/2653/2610 2619/2714/2610 2620/2717/2610
f 2531/2657/2611 2530/2654/2611 2593/2715/2611
f 2504/2655/2612 2567/2716/2612 2568/2719/2612
f 2558/2659/2613 2557/2656/2613 2620/2717/2613
f 2531/2657/2614 2594/2718/2614 2595/2721/2614
f 2506/2661/2615 2505/2658/2615 2568/2719/2615
f 2558/2659/2616 2621/2720/2616 2622/2723/2616
f 2533/2662/2617 2532/2660/2617 2595/2721/2617
f 2506/2661/2618 2569/2722/2618 2570/2725/2618
f 2559/2599/2619 2622/2723/2619 2623/2726/2619
f 2533/2662/2620 2596/2724/2620 2597/2727/2620
f 2507/2663/2621 2570/2725/2621 2571/2728/2621
f 2561/2603/2622 2560/2600/2622 2623/2726/2622
f 2534/2601/2623 2597/2727/2623 2598/2666/2623
f 2509/2605/2624 2508/2602/2624 2571/2728/2624
f 2600/2671/2625 2663/2793/2625 2664/2729/2625
f 2575/2674/2626 2574/2672/2626 2637/2730/2626
f 2602/2675/2627 2601/2673/2627 2664/2729/2627
f 2575/2674/2628 2638/2731/2628 2639/2733/2628
f 2602/2675/2629 2665/2732/2629 2666/2734/2629
f 2577/2678/2630 2576/2676/2630 2639/2733/2630
f 2604/2679/2631 2603/2677/2631 2666/2734/2631
f 2578/2680/2632 2577/2678/2632 2640/2735/2632
f 2604/2679/2633 2667/2736/2633 2668/2738/2633
f 2578/2680/2634 2641/2737/2634 2642/2739/2634
f 2605/2681/2635 2668/2738/2635 2669/2740/2635
f 2579/2682/2636 2642/2739/2636 2643/2741/2636
f 2607/2685/2637 2606/2683/2637 2669/2740/2637
f 2581/2686/2638 2580/2684/2638 2643/2741/2638
f 2607/2685/2639 2670/2742/2639 2671/2744/2639
f 2581/2686/2640 2644/2743/2640 2645/2745/2640
f 2609/2689/2641 2608/2687/2641 2671/2744/2641
f 2583/2690/2642 2582/2688/2642 2645/2745/2642
f 2610/2691/2643 2609/2689/2643 2672/2746/2643
f 2584/2692/2644 2583/2690/2644 2646/2747/2644
f 2610/2691/2645 2673/2748/2645 2674/2750/2645
f 2584/2692/2646 2647/2749/2646 2648/2751/2646
f 2611/2693/2647 2674/2750/2647 2675/2752/2647
f 2586/2696/2648 2585/2694/2648 2648/2751/2648
f 2613/2697/2649 2612/2695/2649 2675/2752/2649
f 2586/2696/2650 2649/2753/2650 2650/2755/2650
f 2613/2697/2651 2676/2754/2651 2677/2756/2651
f 2588/2700/2652 2587/2698/2652 2650/2755/2652
f 2615/2701/2653 2614/2699/2653 2677/2756/2653
f 2588/2700/2654 2651/2757/2654 2652/2759/2654
f 2616/2705/2656 2615/2701/2656 2678/2758/2656
f 2589/2702/2657 2652/2759/2657 2653/2763/2657
f 2563/2704/2658 2626/2761/2658 2627/2764/2658
f 2616/2705/2659 2679/2762/2659 2680/2765/2659
f 2591/2709/2660 2590/2706/2660 2653/2763/2660
f 2564/2707/2661 2627/2764/2661 2628/2767/2661
f 2618/2711/2662 2617/2708/2662 2680/2765/2662
f 2592/2712/2663 2591/2709/2663 2654/2766/2663
f 2565/2710/2664 2628/2767/2664 2629/2770/2664
f 2619/2714/2665 2618/2711/2665 2681/2768/2665
f 2592/2712/2666 2655/2769/2666 2656/2772/2666
f 2566/2713/2667 2629/2770/2667 2630/2773/2667
f 2619/2714/2668 2682/2771/2668 2683/2774/2668
f 2594/2718/2669 2593/2715/2669 2656/2772/2669
f 2567/2716/2670 2630/2773/2670 2631/2776/2670
f 2620/2717/2671 2683/2774/2671 2684/2777/2671
f 2594/2718/2672 2657/2775/2672 2658/2778/2672
f 2569/2722/2673 2568/2719/2673 2631/2776/2673
f 2621/2720/2674 2684/2777/2674 2685/2780/2674
f 2596/2724/2675 2595/2721/2675 2658/2778/2675
f 2569/2722/2676 2632/2779/2676 2633/2782/2676
f 2623/2726/2677 2622/2723/2677 2685/2780/2677
f 2596/2724/2678 2659/2781/2678 2660/2784/2678
f 2570/2725/2679 2633/2782/2679 2634/2785/2679
f 2624/2664/2680 2623/2726/2680 2686/2783/2680
f 2597/2727/2681 2660/2784/2681 2661/2787/2681
f 2572/2668/2682 2571/2728/2682 2634/2785/2682
f 2625/2665/2683 2624/2664/2683 2687/2786/2683
f 2599/2667/2684 2598/2666/2684 2661/2787/2684
f 2572/2668/2685 2635/2788/2685 2636/2791/2685
f 2600/2671/2687 2599/2667/2687 2662/2790/2687
f 2573/2669/2688 2636/2791/2688 2637/2730/2688
f 2665/2732/2689 2728/2858/2689 2729/2794/2689
f 2640/2735/2690 2639/2733/2690 2702/2795/2690
f 2667/2736/2691 2666/2734/2691 2729/2794/2691
f 2641/2737/2692 2640/2735/2692 2703/2796/2692
f 2667/2736/2693 2730/2797/2693 2731/2799/2693
f 2641/2737/4168 2704/2798/4168 2705/2800/4168
f 2668/2738/2695 2731/2799/2695 2732/2801/2695
f 2642/2739/2696 2705/2800/2696 2706/2802/2696
f 2670/2742/2697 2669/2740/2697 2732/2801/2697
f 2644/2743/2698 2643/2741/2698 2706/2802/2698
f 2670/2742/2699 2733/2803/2699 2734/2805/2699
f 2644/2743/2700 2707/2804/2700 2708/2806/2700
f 2672/2746/2701 2671/2744/2701 2734/2805/2701
f 2646/2747/2702 2645/2745/2702 2708/2806/2702
f 2673/2748/4169 2672/2746/4169 2735/2807/4169
f 2647/2749/2704 2646/2747/2704 2709/2808/2704
f 2673/2748/2705 2736/2809/2705 2737/2811/2705
f 2647/2749/2706 2710/2810/2706 2711/2812/2706
f 2674/2750/2707 2737/2811/2707 2738/2813/2707
f 2649/2753/2708 2648/2751/2708 2711/2812/2708
f 2676/2754/2709 2675/2752/2709 2738/2813/2709
f 2649/2753/2710 2712/2814/2710 2713/2816/2710
f 2676/2754/2711 2739/2815/2711 2740/2817/2711
f 2651/2757/2712 2650/2755/2712 2713/2816/2712
f 2678/2758/2713 2677/2756/2713 2740/2817/2713
f 2651/2757/2714 2714/2818/2714 2715/2820/2714
f 2679/2762/2716 2678/2758/2716 2741/2819/2716
f 2652/2759/2717 2715/2820/2717 2716/2824/2717
f 2626/2761/2718 2689/2822/2718 2690/2825/2718
f 2679/2762/2719 2742/2823/2719 2743/2826/2719
f 2654/2766/2720 2653/2763/2720 2716/2824/2720
f 2627/2764/2721 2690/2825/2721 2691/2828/2721
f 2680/2765/2722 2743/2826/2722 2744/2829/2722
f 2655/2769/2723 2654/2766/2723 2717/2827/2723
f 2629/2770/2724 2628/2767/2724 2691/2828/2724
f 2682/2771/2725 2681/2768/2725 2744/2829/2725
f 2655/2769/2726 2718/2830/2726 2719/2833/2726
f 2630/2773/2727 2629/2770/2727 2692/2831/2727
f 2682/2771/2728 2745/2832/2728 2746/2835/2728
f 2657/2775/2729 2656/2772/2729 2719/2833/2729
f 2630/2773/2730 2693/2834/2730 2694/2837/2730
f 2684/2777/2731 2683/2774/2731 2746/2835/2731
f 2657/2775/2732 2720/2836/2732 2721/2839/2732
f 2632/2779/2733 2631/2776/2733 2694/2837/2733
f 2684/2777/2734 2747/2838/2734 2748/2841/2734
f 2659/2781/2735 2658/2778/2735 2721/2839/2735
f 2632/2779/2736 2695/2840/2736 2696/2843/2736
f 2686/2783/2737 2685/2780/2737 2748/2841/2737
f 2659/2781/2738 2722/2842/2738 2723/2845/2738
f 2633/2782/2739 2696/2843/2739 2697/2846/2739
f 2686/2783/2740 2749/2844/2740 2750/2847/2740
f 2660/2784/2741 2723/2845/2741 2724/2848/2741
f 2635/2788/2742 2634/2785/2742 2697/2846/2742
f 2687/2786/2743 2750/2847/2743 2751/2850/2743
f 2662/2790/2744 2661/2787/2744 2724/2848/2744
f 2635/2788/2745 2698/2849/2745 2699/2852/2745
f 2663/2793/2747 2662/2790/2747 2725/2851/2747
f 2636/2791/2748 2699/2852/2748 2700/2855/2748
f 2663/2793/2749 2726/2854/2749 2727/2856/2749
f 2638/2731/2750 2637/2730/2750 2700/2855/2750
f 2665/2732/2751 2664/2729/2751 2727/2856/2751
f 2638/2731/2752 2701/2857/2752 2702/2795/2752
f 2730/2797/2753 2794/2922/2753 2795/2859/2753
f 2704/2798/2754 2768/2923/2754 2769/2860/2754
f 2731/2799/2755 2795/2859/2755 2796/2861/2755
f 2705/2800/2756 2769/2860/2756 2770/2862/2756
f 2733/2803/2757 2732/2801/2757 2796/2861/2757
f 2707/2804/2758 2706/2802/2758 2770/2862/2758
f 2733/2803/2759 2797/2863/2759 2798/2865/2759
f 2707/2804/2760 2771/2864/2760 2772/2866/2760
f 2735/2807/2761 2734/2805/2761 2798/2865/2761
f 2709/2808/2762 2708/2806/2762 2772/2866/2762
f 2736/2809/2763 2735/2807/2763 2799/2867/2763
f 2710/2810/2764 2709/2808/2764 2773/2868/2764
f 2736/2809/2765 2800/2869/2765 2801/2871/2765
f 2710/2810/2766 2774/2870/2766 2775/2872/2766
f 2737/2811/2767 2801/2871/2767 2802/2873/2767
f 2712/2814/2768 2711/2812/2768 2775/2872/2768
f 2739/2815/2769 2738/2813/2769 2802/2873/2769
f 2712/2814/2770 2776/2874/2770 2777/2876/2770
f 2739/2815/4170 2803/2875/4170 2804/2877/4170
f 2714/2818/2772 2713/2816/2772 2777/2876/2772
f 2741/2819/2773 2740/2817/2773 2804/2877/2773
f 2714/2818/2774 2778/2878/2774 2779/2880/2774
f 2741/2819/2776 2805/2879/2776 2806/2883/2776
f 2715/2820/2777 2779/2880/2777 2780/2884/2777
f 2690/2825/2778 2689/2822/2778 2753/2882/2778
f 2742/2823/2779 2806/2883/2779 2807/2886/2779
f 2717/2827/2780 2716/2824/2780 2780/2884/2780
f 2690/2825/2781 2754/2885/2781 2755/2888/2781
f 2744/2829/2782 2743/2826/2782 2807/2886/2782
f 2718/2830/2783 2717/2827/2783 2781/2887/2783
f 2691/2828/2784 2755/2888/2784 2756/2891/2784
f 2745/2832/2785 2744/2829/2785 2808/2889/2785
f 2718/2830/2786 2782/2890/2786 2783/2893/2786
f 2693/2834/2787 2692/2831/2787 2756/2891/2787
f 2745/2832/2788 2809/2892/2788 2810/2895/2788
f 2720/2836/2789 2719/2833/2789 2783/2893/2789
f 2694/2837/2790 2693/2834/2790 2757/2894/2790
f 2747/2838/2791 2746/2835/2791 2810/2895/2791
f 2720/2836/2792 2784/2896/2792 2785/2899/2792
f 2695/2840/2793 2694/2837/2793 2758/2897/2793
f 2747/2838/2794 2811/2898/2794 2812/2901/2794
f 2722/2842/2795 2721/2839/2795 2785/2899/2795
f 2695/2840/2796 2759/2900/2796 2760/2903/2796
f 2748/2841/2797 2812/2901/2797 2813/2904/2797
f 2722/2842/2798 2786/2902/2798 2787/2905/2798
f 2696/2843/2799 2760/2903/2799 2761/2906/2799
f 2750/2847/2800 2749/2844/2800 2813/2904/2800
f 2723/2845/2801 2787/2905/2801 2788/2908/2801
f 2698/2849/2802 2697/2846/2802 2761/2906/2802
f 2750/2847/2803 2814/2907/2803 2815/2910/2803
f 2725/2851/2804 2724/2848/2804 2788/2908/2804
f 2699/2852/2805 2698/2849/2805 2762/2909/2805
f 2726/2854/2807 2725/2851/2807 2789/2911/2807
f 2699/2852/2808 2763/2912/2808 2764/2915/2808
f 2726/2854/2809 2790/2914/2809 2791/2916/2809
f 2701/2857/4171 2700/2855/4171 2764/2915/4171
f 2728/2858/2811 2727/2856/2811 2791/2916/2811
f 2701/2857/2812 2765/2917/2812 2766/2919/2812
f 2728/2858/2813 2792/2918/2813 2793/2920/2813
f 2703/2796/2814 2702/2795/2814 2766/2919/2814
f 2730/2797/2815 2729/2794/2815 2793/2920/2815
f 2704/2798/2816 2703/2796/2816 2767/2921/2816
f 2797/2863/2817 2796/2861/2817 2859/2924/2817
f 2771/2864/2818 2770/2862/2818 2833/2926/2818
f 2797/2863/2819 2860/2925/2819 2861/2928/2819
f 2771/2864/2820 2834/2927/2820 2835/2929/2820
f 2799/2867/2821 2798/2865/2821 2861/2928/2821
f 2773/2868/2822 2772/2866/2822 2835/2929/2822
f 2800/2869/2823 2799/2867/2823 2862/2930/2823
f 2774/2870/2824 2773/2868/2824 2836/2931/2824
f 2800/2869/2825 2863/2932/2825 2864/2934/2825
f 2774/2870/2826 2837/2933/2826 2838/2935/2826
f 2801/2871/2827 2864/2934/2827 2865/2936/2827
f 2776/2874/4172 2775/2872/4172 2838/2935/4172
f 2803/2875/2829 2802/2873/2829 2865/2936/2829
f 2776/2874/2830 2839/2937/2830 2840/2939/2830
f 2803/2875/2831 2866/2938/2831 2867/2940/2831
f 2778/2878/2832 2777/2876/2832 2840/2939/2832
f 2805/2879/2833 2804/2877/2833 2867/2940/2833
f 2778/2878/2834 2841/2941/2834 2842/2943/2834
f 2805/2879/2836 2868/2942/2836 2869/2946/2836
f 2779/2880/2837 2842/2943/2837 2843/2947/2837
f 2753/2882/2838 2816/2945/2838 2817/2948/2838
f 2806/2883/2839 2869/2946/2839 2870/2949/2839
f 2781/2887/2840 2780/2884/2840 2843/2947/2840
f 2754/2885/2841 2817/2948/2841 2818/2951/2841
f 2808/2889/2842 2807/2886/2842 2870/2949/2842
f 2782/2890/2843 2781/2887/2843 2844/2950/2843
f 2756/2891/2844 2755/2888/2844 2818/2951/2844
f 2809/2892/2845 2808/2889/2845 2871/2952/2845
f 2782/2890/2846 2845/2953/2846 2846/2956/2846
f 2757/2894/2847 2756/2891/2847 2819/2954/2847
f 2809/2892/2848 2872/2955/2848 2873/2958/2848
f 2784/2896/2849 2783/2893/2849 2846/2956/2849
f 2758/2897/2850 2757/2894/2850 2820/2957/2850
f 2811/2898/2851 2810/2895/2851 2873/2958/2851
f 2784/2896/2852 2847/2959/2852 2848/2962/2852
f 2759/2900/2853 2758/2897/2853 2821/2960/2853
f 2811/2898/2854 2874/2961/2854 2875/2964/2854
f 2786/2902/2855 2785/2899/2855 2848/2962/2855
f 2759/2900/2856 2822/2963/2856 2823/2966/2856
f 2812/2901/2857 2875/2964/2857 2876/2967/2857
f 2786/2902/2858 2849/2965/2858 2850/2968/2858
f 2760/2903/2859 2823/2966/2859 2824/2969/2859
f 2814/2907/2860 2813/2904/2860 2876/2967/2860
f 2787/2905/2861 2850/2968/2861 2851/2971/2861
f 2762/2909/2862 2761/2906/2862 2824/2969/2862
f 2814/2907/4173 2877/2970/4173 2878/2973/4173
f 2789/2911/2864 2788/2908/2864 2851/2971/2864
f 2763/2912/2865 2762/2909/2865 2825/2972/2865
f 2790/2914/2867 2789/2911/2867 2852/2974/2867
f 2763/2912/2868 2826/2975/2868 2827/2978/2868
f 2790/2914/2869 2853/2977/2869 2854/2979/2869
f 2765/2917/2870 2764/2915/2870 2827/2978/2870
f 2792/2918/2871 2791/2916/2871 2854/2979/2871
f 2765/2917/2872 2828/2980/2872 2829/2982/2872
f 2792/2918/4174 2855/2981/4174 2856/2983/4174
f 2767/2921/2874 2766/2919/2874 2829/2982/2874
f 2794/2922/2875 2793/2920/2875 2856/2983/2875
f 2768/2923/2876 2767/2921/2876 2830/2984/2876
f 2794/2922/2877 2857/2985/2877 2858/2987/2877
f 2768/2923/2878 2831/2986/2878 2832/2988/2878
f 2795/2859/2879 2858/2987/2879 2859/2924/2879
f 2769/2860/2880 2832/2988/2880 2833/2926/2880
f 2862/2930/2881 2861/2928/2881 2924/2989/2881
f 2836/2931/2882 2835/2929/2882 2898/2991/2882
f 2863/2932/2883 2862/2930/2883 2925/2990/2883
f 2837/2933/2884 2836/2931/2884 2899/2992/2884
f 2863/2932/4175 2926/2993/4175 2927/2995/4175
f 2837/2933/2886 2900/2994/2886 2901/2996/2886
f 2864/2934/2887 2927/2995/2887 2928/2997/2887
f 2839/2937/2888 2838/2935/2888 2901/2996/2888
f 2866/2938/2889 2865/2936/2889 2928/2997/2889
f 2839/2937/2890 2902/2998/2890 2903/3000/2890
f 2866/2938/2891 2929/2999/2891 2930/3001/2891
f 2841/2941/2892 2840/2939/2892 2903/3000/2892
f 2868/2942/2893 2867/2940/2893 2930/3001/2893
f 2841/2941/2894 2904/3002/2894 2905/3004/2894
f 2869/2946/2896 2868/2942/2896 2931/3003/2896
f 2842/2943/2897 2905/3004/2897 2906/3008/2897
f 2816/2945/2898 2879/3006/2898 2880/3009/2898
f 2869/2946/2899 2932/3007/2899 2933/3010/2899
f 2844/2950/2900 2843/2947/2900 2906/3008/2900
f 2817/2948/2901 2880/3009/2901 2881/3012/2901
f 2870/2949/2902 2933/3010/2902 2934/3013/2902
f 2845/2953/2903 2844/2950/2903 2907/3011/2903
f 2818/2951/2904 2881/3012/2904 2882/3015/2904
f 2872/2955/2905 2871/2952/2905 2934/3013/2905
f 2845/2953/2906 2908/3014/2906 2909/3017/2906
f 2819/2954/2907 2882/3015/2907 2883/3018/2907
f 2872/2955/2908 2935/3016/2908 2936/3019/2908
f 2847/2959/2909 2846/2956/2909 2909/3017/2909
f 2820/2957/2910 2883/3018/2910 2884/3021/2910
f 2873/2958/2911 2936/3019/2911 2937/3022/2911
f 2847/2959/2912 2910/3020/2912 2911/3023/2912
f 2822/2963/2913 2821/2960/2913 2884/3021/2913
f 2874/2961/2914 2937/3022/2914 2938/3025/2914
f 2849/2965/2915 2848/2962/2915 2911/3023/2915
f 2822/2963/2916 2885/3024/2916 2886/3027/2916
f 2876/2967/2917 2875/2964/2917 2938/3025/2917
f 2849/2965/2918 2912/3026/2918 2913/3029/2918
f 2824/2969/2919 2823/2966/2919 2886/3027/2919
f 2877/2970/2920 2876/2967/2920 2939/3028/2920
f 2850/2968/2921 2913/3029/2921 2914/3032/2921
f 2825/2972/2922 2824/2969/2922 2887/3030/2922
f 2877/2970/2923 2940/3031/2923 2941/3034/2923
f 2852/2974/2924 2851/2971/2924 2914/3032/2924
f 2825/2972/2925 2888/3033/2925 2889/3036/2925
f 2853/2977/2927 2852/2974/2927 2915/3035/2927
f 2826/2975/2928 2889/3036/2928 2890/3039/2928
f 2853/2977/2929 2916/3038/2929 2917/3040/2929
f 2828/2980/2930 2827/2978/2930 2890/3039/2930
f 2855/2981/2931 2854/2979/2931 2917/3040/2931
f 2828/2980/2932 2891/3041/2932 2892/3043/2932
f 2855/2981/2933 2918/3042/2933 2919/3044/2933
f 2830/2984/2934 2829/2982/2934 2892/3043/2934
f 2857/2985/2935 2856/2983/2935 2919/3044/2935
f 2831/2986/4176 2830/2984/4176 2893/3045/4176
f 2857/2985/2937 2920/3046/2937 2921/3048/2937
f 2831/2986/2938 2894/3047/2938 2895/3049/2938
f 2858/2987/2939 2921/3048/2939 2922/3050/2939
f 2832/2988/2940 2895/3049/2940 2896/3051/2940
f 2860/2925/2941 2859/2924/2941 2922/3050/2941
f 2834/2927/2942 2833/2926/2942 2896/3051/2942
f 2860/2925/2943 2923/3052/2943 2924/2989/2943
f 2834/2927/2944 2897/3053/2944 2898/2991/2944
f 2926/2993/2945 2989/3117/2945 2990/3054/2945
f 2900/2994/2946 2963/3118/2946 2964/3055/2946
f 2927/2995/2947 2990/3054/2947 2991/3056/2947
f 2902/2998/2948 2901/2996/2948 2964/3055/2948
f 2929/2999/2949 2928/2997/2949 2991/3056/2949
f 2902/2998/2950 2965/3057/2950 2966/3059/2950
f 2929/2999/2951 2992/3058/2951 2993/3060/2951
f 2904/3002/2952 2903/3000/2952 2966/3059/2952
f 2931/3003/2953 2930/3001/2953 2993/3060/2953
f 2904/3002/2954 2967/3061/2954 2968/3063/2954
f 2931/3003/2956 2994/3062/2956 2995/3066/2956
f 2905/3004/2957 2968/3063/2957 2969/3067/2957
f 2879/3006/2958 2942/3065/2958 2943/3068/2958
f 2932/3007/2959 2995/3066/2959 2996/3069/2959
f 2907/3011/2960 2906/3008/2960 2969/3067/2960
f 2880/3009/2961 2943/3068/2961 2944/3071/2961
f 2933/3010/2962 2996/3069/2962 2997/3072/2962
f 2908/3014/2963 2907/3011/2963 2970/3070/2963
f 2882/3015/2964 2881/3012/2964 2944/3071/2964
f 2935/3016/2965 2934/3013/2965 2997/3072/2965
f 2908/3014/2966 2971/3073/2966 2972/3076/2966
f 2883/3018/2967 2882/3015/2967 2945/3074/2967
f 2935/3016/2968 2998/3075/2968 2999/3078/2968
f 2910/3020/2969 2909/3017/2969 2972/3076/2969
f 2883/3018/2970 2946/3077/2970 2947/3080/2970
f 2937/3022/2971 2936/3019/2971 2999/3078/2971
f 2910/3020/2972 2973/3079/2972 2974/3082/2972
f 2885/3024/2973 2884/3021/2973 2947/3080/2973
f 2937/3022/2974 3000/3081/2974 3001/3084/2974
f 2912/3026/2975 2911/3023/2975 2974/3082/2975
f 2885/3024/2976 2948/3083/2976 2949/3086/2976
f 2938/3025/2977 3001/3084/2977 3002/3087/2977
f 2912/3026/2978 2975/3085/2978 2976/3088/2978
f 2887/3030/2979 2886/3027/2979 2949/3086/2979
f 2939/3028/2980 3002/3087/2980 3003/3090/2980
f 2913/3029/2981 2976/3088/2981 2977/3091/2981
f 2888/3033/2982 2887/3030/2982 2950/3089/2982
f 2940/3031/2983 3003/3090/2983 3004/3093/2983
f 2915/3035/2984 2914/3032/2984 2977/3091/2984
f 2889/3036/2985 2888/3033/2985 2951/3092/2985
f 2916/3038/2987 2915/3035/2987 2978/3094/2987
f 2889/3036/2988 2952/3095/2988 2953/3098/2988
f 2916/3038/2989 2979/3097/2989 2980/3099/2989
f 2891/3041/2990 2890/3039/2990 2953/3098/2990
f 2918/3042/2991 2917/3040/2991 2980/3099/2991
f 2891/3041/2992 2954/3100/2992 2955/3102/2992
f 2918/3042/2993 2981/3101/2993 2982/3103/2993
f 2893/3045/2994 2892/3043/2994 2955/3102/2994
f 2920/3046/2995 2919/3044/2995 2982/3103/2995
f 2894/3047/2996 2893/3045/2996 2956/3104/2996
f 2920/3046/2997 2983/3105/2997 2984/3107/2997
f 2894/3047/2998 2957/3106/2998 2958/3108/2998
f 2921/3048/2999 2984/3107/2999 2985/3109/2999
f 2895/3049/3000 2958/3108/3000 2959/3110/3000
f 2923/3052/3001 2922/3050/3001 2985/3109/3001
f 2897/3053/3002 2896/3051/3002 2959/3110/3002
f 2923/3052/3003 2986/3111/3003 2987/3113/3003
f 2897/3053/3004 2960/3112/3004 2961/3114/3004
f 2925/2990/3005 2924/2989/3005 2987/3113/3005
f 2899/2992/3006 2898/2991/3006 2961/3114/3006
f 2926/2993/3007 2925/2990/3007 2988/3115/3007
f 2900/2994/3008 2899/2992/3008 2962/3116/3008
f 2992/3058/3009 2991/3056/3009 3054/3119/3009
f 2965/3057/3010 3028/3183/3010 3029/3121/3010
f 2992/3058/3011 3055/3120/3011 3056/3122/3011
f 2967/3061/3012 2966/3059/3012 3029/3121/3012
f 2994/3062/3013 2993/3060/3013 3056/3122/3013
f 2967/3061/3014 3030/3123/3014 3031/3125/3014
f 2995/3066/3016 2994/3062/3016 3057/3124/3016
f 2968/3063/3017 3031/3125/3017 3032/3129/3017
f 2943/3068/3018 2942/3065/3018 3005/3127/3018
f 2995/3066/3019 3058/3128/3019 3059/3131/3019
f 2970/3070/3020 2969/3067/3020 3032/3129/3020
f 2943/3068/3021 3006/3130/3021 3007/3133/3021
f 2996/3069/3022 3059/3131/3022 3060/3134/3022
f 2971/3073/3023 2970/3070/3023 3033/3132/3023
f 2944/3071/3024 3007/3133/3024 3008/3136/3024
f 2998/3075/3025 2997/3072/3025 3060/3134/3025
f 2971/3073/3026 3034/3135/3026 3035/3138/3026
f 2946/3077/3027 2945/3074/3027 3008/3136/3027
f 2998/3075/3028 3061/3137/3028 3062/3140/3028
f 2973/3079/3029 2972/3076/3029 3035/3138/3029
f 2946/3077/3030 3009/3139/3030 3010/3142/3030
f 3000/3081/3031 2999/3078/3031 3062/3140/3031
f 2973/3079/3032 3036/3141/3032 3037/3144/3032
f 2948/3083/3033 2947/3080/3033 3010/3142/3033
f 3000/3081/3034 3063/3143/3034 3064/3146/3034
f 2975/3085/3035 2974/3082/3035 3037/3144/3035
f 2948/3083/3036 3011/3145/3036 3012/3148/3036
f 3001/3084/3037 3064/3146/3037 3065/3149/3037
f 2975/3085/3038 3038/3147/3038 3039/3150/3038
f 2949/3086/3039 3012/3148/3039 3013/3151/3039
f 3003/3090/3040 3002/3087/3040 3065/3149/3040
f 2976/3088/3041 3039/3150/3041 3040/3153/3041
f 2951/3092/3042 2950/3089/3042 3013/3151/3042
f 3003/3090/3043 3066/3152/3043 3067/3155/3043
f 2978/3094/3044 2977/3091/3044 3040/3153/3044
f 2952/3095/3045 2951/3092/3045 3014/3154/3045
f 2979/3097/3047 2978/3094/3047 3041/3156/3047
f 2952/3095/3048 3015/3157/3048 3016/3160/3048
f 2979/3097/3049 3042/3159/3049 3043/3161/3049
f 2954/3100/3050 2953/3098/3050 3016/3160/3050
f 2981/3101/3051 2980/3099/3051 3043/3161/3051
f 2954/3100/3052 3017/3162/3052 3018/3164/3052
f 2981/3101/3053 3044/3163/3053 3045/3165/3053
f 2956/3104/3054 2955/3102/3054 3018/3164/3054
f 2983/3105/3055 2982/3103/3055 3045/3165/3055
f 2957/3106/3056 2956/3104/3056 3019/3166/3056
f 2983/3105/3057 3046/3167/3057 3047/3169/3057
f 2957/3106/3058 3020/3168/3058 3021/3170/3058
f 2984/3107/3059 3047/3169/3059 3048/3171/3059
f 2958/3108/3060 3021/3170/3060 3022/3172/3060
f 2986/3111/3061 2985/3109/3061 3048/3171/3061
f 2960/3112/3062 2959/3110/3062 3022/3172/3062
f 2986/3111/3063 3049/3173/3063 3050/3175/3063
f 2960/3112/3064 3023/3174/3064 3024/3176/3064
f 2988/3115/3065 2987/3113/3065 3050/3175/3065
f 2962/3116/3066 2961/3114/3066 3024/3176/3066
f 2989/3117/3067 2988/3115/3067 3051/3177/3067
f 2963/3118/3068 2962/3116/3068 3025/3178/3068
f 2989/3117/3069 3052/3179/3069 3053/3181/3069
f 2963/3118/3070 3026/3180/3070 3027/3182/3070
f 2990/3054/3071 3053/3181/3071 3054/3119/3071
f 2965/3057/3072 2964/3055/3072 3027/3182/3072
f 3057/3184/3073 3056/3310/3073 3119/3185/3073
f 3030/3187/3074 3093/3311/3074 3094/3188/3074
f 3057/3184/3076 3120/3186/3076 3121/3193/3076
f 3031/3189/3077 3094/3188/3077 3095/3195/3077
f 3006/3197/3078 3005/3190/3078 3068/3192/3078
f 3058/3194/3079 3121/3193/3079 3122/3199/3079
f 3033/3201/3080 3032/3196/3080 3095/3195/3080
f 3006/3197/3081 3069/3198/3081 3070/3203/3081
f 3059/3200/3082 3122/3199/3082 3123/3205/3082
f 3034/3207/3083 3033/3201/3083 3096/3202/3083
f 3007/3204/3084 3070/3203/3084 3071/3209/3084
f 3061/3211/3085 3060/3206/3085 3123/3205/3085
f 3034/3207/3086 3097/3208/3086 3098/3213/3086
f 3009/3215/3087 3008/3210/3087 3071/3209/3087
f 3061/3211/3088 3124/3212/3088 3125/3217/3088
f 3036/3219/3089 3035/3214/3089 3098/3213/3089
f 3009/3215/3090 3072/3216/3090 3073/3221/3090
f 3062/3218/3091 3125/3217/3091 3126/3223/3091
f 3036/3219/3092 3099/3220/3092 3100/3225/3092
f 3011/3227/3093 3010/3222/3093 3073/3221/3093
f 3063/3224/3094 3126/3223/3094 3127/3229/3094
f 3038/3231/3095 3037/3226/3095 3100/3225/3095
f 3011/3227/3096 3074/3228/3096 3075/3233/3096
f 3065/3235/3097 3064/3230/3097 3127/3229/3097
f 3038/3231/3098 3101/3232/3098 3102/3237/3098
f 3012/3234/3099 3075/3233/3099 3076/3239/3099
f 3066/3241/3100 3065/3235/3100 3128/3236/3100
f 3039/3238/3101 3102/3237/3101 3103/3243/3101
f 3014/3245/3102 3013/3240/3102 3076/3239/3102
f 3066/3241/3103 3129/3242/3103 3130/3247/3103
f 3041/3249/3104 3040/3244/3104 3103/3243/3104
f 3015/3251/3105 3014/3245/3105 3077/3246/3105
f 3042/3254/3107 3041/3249/3107 3104/3250/3107
f 3015/3251/3108 3078/3252/3108 3079/3256/3108
f 3042/3254/3109 3105/3255/3109 3106/3258/3109
f 3017/3260/3110 3016/3257/3110 3079/3256/3110
f 3044/3262/3111 3043/3259/3111 3106/3258/3111
f 3017/3260/3112 3080/3261/3112 3081/3264/3112
f 3044/3262/3113 3107/3263/3113 3108/3266/3113
f 3019/3268/3114 3018/3265/3114 3081/3264/3114
f 3046/3270/3115 3045/3267/3115 3108/3266/3115
f 3020/3272/3116 3019/3268/3116 3082/3269/3116
f 3046/3270/3117 3109/3271/3117 3110/3274/3117
f 3020/3272/3118 3083/3273/3118 3084/3276/3118
f 3047/3275/3119 3110/3274/3119 3111/3278/3119
f 3021/3277/3120 3084/3276/3120 3085/3280/3120
f 3049/3282/3121 3048/3279/3121 3111/3278/3121
f 3023/3284/3122 3022/3281/3122 3085/3280/3122
f 3049/3282/3123 3112/3283/3123 3113/3286/3123
f 3023/3284/3124 3086/3285/3124 3087/3288/3124
f 3051/3290/3125 3050/3287/3125 3113/3286/3125
f 3025/3292/3126 3024/3289/3126 3087/3288/3126
f 3052/3294/3127 3051/3290/3127 3114/3291/3127
f 3026/3296/3128 3025/3292/3128 3088/3293/3128
f 3052/3294/3129 3115/3295/3129 3116/3298/3129
f 3026/3296/3130 3089/3297/3130 3090/3300/3130
f 3053/3299/3131 3116/3298/3131 3117/3302/3131
f 3028/3304/3132 3027/3301/3132 3090/3300/3132
f 3055/3306/3133 3054/3303/3133 3117/3302/3133
f 3028/3304/3134 3091/3305/3134 3092/3308/3134
f 3055/3306/3135 3118/3307/3135 3119/3185/3135
f 3030/3187/3136 3029/3309/3136 3092/3308/3136
f 3121/3193/3137 3184/3375/3137 3185/3312/3137
f 3096/3202/3138 3095/3195/3138 3158/3313/3138
f 3069/3198/3139 3132/3376/3139 3133/3315/3139
f 3122/3199/3140 3185/3312/3140 3186/3316/3140
f 3097/3208/3141 3096/3202/3141 3159/3314/3141
f 3070/3203/3142 3133/3315/3142 3134/3318/3142
f 3124/3212/3143 3123/3205/3143 3186/3316/3143
f 3097/3208/3144 3160/3317/3144 3161/3320/3144
f 3072/3216/3145 3071/3209/3145 3134/3318/3145
f 3124/3212/3146 3187/3319/3146 3188/3322/3146
f 3099/3220/3147 3098/3213/3147 3161/3320/3147
f 3072/3216/3148 3135/3321/3148 3136/3324/3148
f 3126/3223/3149 3125/3217/3149 3188/3322/3149
f 3099/3220/3150 3162/3323/3150 3163/3326/3150
f 3074/3228/3151 3073/3221/3151 3136/3324/3151
f 3126/3223/3152 3189/3325/3152 3190/3328/3152
f 3101/3232/3153 3100/3225/3153 3163/3326/3153
f 3074/3228/3154 3137/3327/3154 3138/3330/3154
f 3128/3236/3155 3127/3229/3155 3190/3328/3155
f 3101/3232/3156 3164/3329/3156 3165/3332/3156
f 3075/3233/3157 3138/3330/3157 3139/3333/3157
f 3129/3242/3158 3128/3236/3158 3191/3331/3158
f 3102/3237/3159 3165/3332/3159 3166/3335/3159
f 3077/3246/3160 3076/3239/3160 3139/3333/3160
f 3130/3247/3161 3129/3242/3161 3192/3334/3161
f 3104/3250/3162 3103/3243/3162 3166/3335/3162
f 3077/3246/3163 3140/3336/3163 3141/3339/3163
f 3105/3255/3165 3104/3250/3165 3167/3338/3165
f 3078/3252/3166 3141/3339/3166 3142/3342/3166
f 3105/3255/3167 3168/3341/3167 3169/3343/3167
f 3080/3261/3168 3079/3256/3168 3142/3342/3168
f 3107/3263/3169 3106/3258/3169 3169/3343/3169
f 3080/3261/3170 3143/3344/3170 3144/3346/3170
f 3107/3263/3171 3170/3345/3171 3171/3347/3171
f 3082/3269/3172 3081/3264/3172 3144/3346/3172
f 3109/3271/3173 3108/3266/3173 3171/3347/3173
f 3083/3273/3174 3082/3269/3174 3145/3348/3174
f 3109/3271/3175 3172/3349/3175 3173/3351/3175
f 3083/3273/3176 3146/3350/3176 3147/3352/3176
f 3110/3274/3177 3173/3351/3177 3174/3353/3177
f 3084/3276/3178 3147/3352/3178 3148/3354/3178
f 3112/3283/3179 3111/3278/3179 3174/3353/3179
f 3086/3285/3180 3085/3280/3180 3148/3354/3180
f 3112/3283/3181 3175/3355/3181 3176/3357/3181
f 3086/3285/3182 3149/3356/3182 3150/3358/3182
f 3114/3291/3183 3113/3286/3183 3176/3357/3183
f 3088/3293/3184 3087/3288/3184 3150/3358/3184
f 3115/3295/3185 3114/3291/3185 3177/3359/3185
f 3089/3297/3186 3088/3293/3186 3151/3360/3186
f 3115/3295/3187 3178/3361/3187 3179/3363/3187
f 3089/3297/3188 3152/3362/3188 3153/3364/3188
f 3116/3298/3189 3179/3363/3189 3180/3365/3189
f 3091/3305/3190 3090/3300/3190 3153/3364/3190
f 3118/3307/3191 3117/3302/3191 3180/3365/3191
f 3091/3305/3192 3154/3366/3192 3155/3368/3192
f 3118/3307/3193 3181/3367/3193 3182/3369/3193
f 3093/3311/3194 3092/3308/3194 3155/3368/3194
f 3120/3186/3195 3119/3185/3195 3182/3369/3195
f 3093/3311/3196 3156/3370/3196 3157/3372/3196
f 3121/3193/3198 3120/3186/3198 3183/3371/3198
f 3094/3188/3199 3157/3372/3199 3158/3313/3199
f 3068/3192/3200 3131/3374/3200 3132/3376/3200
f 3187/3319/3201 3186/3316/3201 3249/3377/3201
f 3160/3317/3202 3223/3441/3202 3224/3379/3202
f 3135/3321/3203 3134/3318/3203 3197/3380/3203
f 3187/3319/3204 3250/3378/3204 3251/3382/3204
f 3162/3323/3205 3161/3320/3205 3224/3379/3205
f 3135/3321/3206 3198/3381/3206 3199/3384/3206
f 3189/3325/3207 3188/3322/3207 3251/3382/3207
f 3162/3323/3208 3225/3383/3208 3226/3386/3208
f 3137/3327/3209 3136/3324/3209 3199/3384/3209
f 3189/3325/3210 3252/3385/3210 3253/3388/3210
f 3164/3329/3211 3163/3326/3211 3226/3386/3211
f 3137/3327/3212 3200/3387/3212 3201/3390/3212
f 3190/3328/3213 3253/3388/3213 3254/3391/3213
f 3164/3329/3214 3227/3389/3214 3228/3392/3214
f 3138/3330/3215 3201/3390/3215 3202/3393/3215
f 3192/3334/3216 3191/3331/3216 3254/3391/3216
f 3165/3332/3217 3228/3392/3217 3229/3395/3217
f 3140/3336/3218 3139/3333/3218 3202/3393/3218
f 3193/3337/3219 3192/3334/3219 3255/3394/3219
f 3167/3338/3220 3166/3335/3220 3229/3395/3220
f 3141/3339/3221 3140/3336/3221 3203/3396/3221
f 3168/3341/3223 3167/3338/3223 3230/3398/3223
f 3141/3339/3224 3204/3399/3224 3205/3402/3224
f 3168/3341/3225 3231/3401/3225 3232/3403/3225
f 3143/3344/3226 3142/3342/3226 3205/3402/3226
f 3170/3345/3227 3169/3343/3227 3232/3403/3227
f 3143/3344/3228 3206/3404/3228 3207/3406/3228
f 3170/3345/3229 3233/3405/3229 3234/3407/3229
f 3145/3348/3230 3144/3346/3230 3207/3406/3230
f 3172/3349/3231 3171/3347/3231 3234/3407/3231
f 3146/3350/3232 3145/3348/3232 3208/3408/3232
f 3172/3349/3233 3235/3409/3233 3236/3411/3233
f 3146/3350/3234 3209/3410/3234 3210/3412/3234
f 3173/3351/3235 3236/3411/3235 3237/3413/3235
f 3147/3352/3236 3210/3412/3236 3211/3414/3236
f 3175/3355/3237 3174/3353/3237 3237/3413/3237
f 3149/3356/3238 3148/3354/3238 3211/3414/3238
f 3175/3355/3239 3238/3415/3239 3239/3417/3239
f 3149/3356/3240 3212/3416/3240 3213/3418/3240
f 3177/3359/3241 3176/3357/3241 3239/3417/3241
f 3151/3360/3242 3150/3358/3242 3213/3418/3242
f 3178/3361/3243 3177/3359/3243 3240/3419/3243
f 3152/3362/3244 3151/3360/3244 3214/3420/3244
f 3178/3361/3245 3241/3421/3245 3242/3423/3245
f 3152/3362/3246 3215/3422/3246 3216/3424/3246
f 3179/3363/3247 3242/3423/3247 3243/3425/3247
f 3154/3366/3248 3153/3364/3248 3216/3424/3248
f 3181/3367/3249 3180/3365/3249 3243/3425/3249
f 3154/3366/3250 3217/3426/3250 3218/3428/3250
f 3181/3367/3251 3244/3427/3251 3245/3429/3251
f 3156/3370/3252 3155/3368/3252 3218/3428/3252
f 3183/3371/3253 3182/3369/3253 3245/3429/3253
f 3156/3370/3254 3219/3430/3254 3220/3432/3254
f 3183/3371/3256 3246/3431/3256 3247/3435/3256
f 3157/3372/3257 3220/3432/3257 3221/3436/3257
f 3131/3374/3258 3194/3434/3258 3195/3437/3258
f 3184/3375/3259 3247/3435/3259 3248/3438/3259
f 3159/3314/3260 3158/3313/3260 3221/3436/3260
f 3132/3376/3261 3195/3437/3261 3196/3440/3261
f 3185/3312/3262 3248/3438/3262 3249/3377/3262
f 3159/3314/3263 3222/3439/3263 3223/3441/3263
f 3133/3315/3264 3196/3440/3264 3197/3380/3264
f 3225/3383/3265 3288/3505/3265 3289/3442/3265
f 3233/3405/4177 3296/3506/4177 3297/3443/4177
f 3200/3387/3267 3199/3384/3267 3262/3444/3267
f 3227/3389/3268 3226/3386/3268 3289/3442/3268
f 3235/3409/3269 3234/3407/3269 3297/3443/3269
f 3200/3387/3270 3263/3445/3270 3264/3448/3270
f 3227/3389/3271 3290/3446/3271 3291/3449/3271
f 3201/3390/3272 3264/3448/3272 3265/3450/3272
f 3235/3409/3273 3298/3447/3273 3299/3451/3273
f 3228/3392/3274 3291/3449/3274 3292/3452/3274
f 3203/3396/3275 3202/3393/3275 3265/3450/3275
f 3236/3411/3276 3299/3451/3276 3300/3454/3276
f 3230/3398/3277 3229/3395/3277 3292/3452/3277
f 3203/3396/3278 3266/3453/3278 3267/3456/3278
f 3238/3415/3279 3237/3413/3279 3300/3454/3279
f 3231/3401/3280 3230/3398/3280 3293/3455/3280
f 3204/3399/4178 3267/3456/4178 3268/3459/4178
f 3238/3415/3282 3301/3457/3282 3302/3460/3282
f 3206/3404/3283 3205/3402/3283 3268/3459/3283
f 3240/3419/3284 3239/3417/3284 3302/3460/3284
f 3206/3404/3285 3269/3461/3285 3270/3463/3285
f 3241/3421/3286 3240/3419/3286 3303/3462/3286
f 3241/3421/3287 3304/3464/3287 3305/3465/3287
f 3208/3408/3288 3207/3406/3288 3270/3463/3288
f 3242/3423/3289 3305/3465/3289 3306/3467/3289
f 3209/3410/3290 3208/3408/3290 3271/3466/3290
f 3244/3427/3291 3243/3425/3291 3306/3467/3291
f 3209/3410/3292 3272/3468/3292 3273/3470/3292
f 3244/3427/3293 3307/3469/3293 3308/3471/3293
f 3210/3412/3294 3273/3470/3294 3274/3472/3294
f 3246/3431/4179 3245/3429/4179 3308/3471/4179
f 3212/3416/3296 3211/3414/3296 3274/3472/3296
f 3246/3431/3297 3309/3473/3297 3310/3475/3297
f 3212/3416/3298 3275/3474/3298 3276/3476/3298
f 3247/3435/3299 3310/3475/3299 3311/3477/3299
f 3214/3420/3300 3213/3418/3300 3276/3476/3300
f 3248/3438/3301 3311/3477/3301 3312/3479/3301
f 3215/3422/3302 3214/3420/3302 3277/3478/3302
f 3250/3378/3303 3249/3377/3303 3312/3479/3303
f 3215/3422/3304 3278/3480/3304 3279/3482/3304
f 3250/3378/3305 3313/3481/3305 3314/3483/3305
f 3217/3426/4180 3216/3424/4180 3279/3482/4180
f 3252/3385/3307 3251/3382/3307 3314/3483/3307
f 3217/3426/3308 3280/3484/3308 3281/3486/3308
f 3252/3385/3309 3315/3485/3309 3316/3487/3309
f 3219/3430/3310 3218/3428/3310 3281/3486/3310
f 3253/3388/3311 3316/3487/3311 3317/3489/3311
f 3219/3430/3312 3282/3488/3312 3283/3490/3312
f 3255/3394/3314 3254/3391/3314 3317/3489/3314
f 3220/3432/3315 3283/3490/3315 3284/3494/3315
f 3194/3434/4181 3257/3492/4181 3258/3495/4181
f 3255/3394/3317 3318/3493/3317 3319/3496/3317
f 3222/3439/3318 3221/3436/3318 3284/3494/3318
f 3195/3437/3319 3258/3495/3319 3259/3498/3319
f 3222/3439/3321 3285/3497/3321 3286/3500/3321
f 3197/3380/3322 3196/3440/3322 3259/3498/3322
f 3223/3441/3323 3286/3500/3323 3287/3502/3323
f 3231/3401/3324 3294/3458/3324 3295/3503/3324
f 3198/3381/3325 3197/3380/3325 3260/3501/3325
f 3225/3383/3326 3224/3379/3326 3287/3502/3326
f 3233/3405/3327 3232/3403/3327 3295/3503/3327
f 3198/3381/3328 3261/3504/3328 3262/3444/3328
f 3298/3447/3329 3361/3570/3329 3362/3507/3329
f 3272/3468/3330 3335/3571/3330 3336/3508/3330
f 3299/3451/3331 3362/3507/3331 3363/3509/3331
f 3273/3470/3332 3336/3508/3332 3337/3510/3332
f 3301/3457/3333 3300/3454/3333 3363/3509/3333
f 3275/3474/3334 3274/3472/3334 3337/3510/3334
f 3301/3457/3335 3364/3511/3335 3365/3513/3335
f 3275/3474/3336 3338/3512/3336 3339/3514/3336
f 3303/3462/3337 3302/3460/3337 3365/3513/3337
f 3277/3478/3338 3276/3476/3338 3339/3514/3338
f 3304/3464/3339 3303/3462/3339 3366/3515/3339
f 3278/3480/3340 3277/3478/3340 3340/3516/3340
f 3304/3464/3341 3367/3517/3341 3368/3519/3341
f 3278/3480/3342 3341/3518/3342 3342/3520/3342
f 3305/3465/3343 3368/3519/3343 3369/3521/3343
f 3280/3484/3344 3279/3482/3344 3342/3520/3344
f 3307/3469/3345 3306/3467/3345 3369/3521/3345
f 3280/3484/3346 3343/3522/3346 3344/3524/3346
f 3307/3469/3347 3370/3523/3347 3371/3525/3347
f 3282/3488/3348 3281/3486/3348 3344/3524/3348
f 3309/3473/3349 3308/3471/3349 3371/3525/3349
f 3282/3488/3350 3345/3526/3350 3346/3528/3350
f 3309/3473/3352 3372/3527/3352 3373/3531/3352
f 3283/3490/3353 3346/3528/3353 3347/3532/3353
f 3257/3492/3354 3320/3530/3354 3321/3533/3354
f 3310/3475/3355 3373/3531/3355 3374/3534/3355
f 3285/3497/3356 3284/3494/3356 3347/3532/3356
f 3258/3495/3357 3321/3533/3357 3322/3536/3357
f 3312/3479/3358 3311/3477/3358 3374/3534/3358
f 3285/3497/3359 3348/3535/3359 3349/3538/3359
f 3259/3498/3360 3322/3536/3360 3323/3539/3360
f 3313/3481/3361 3312/3479/3361 3375/3537/3361
f 3286/3500/3362 3349/3538/3362 3350/3541/3362
f 3261/3504/3363 3260/3501/3363 3323/3539/3363
f 3313/3481/3364 3376/3540/3364 3377/3543/3364
f 3288/3505/3365 3287/3502/3365 3350/3541/3365
f 3261/3504/3366 3324/3542/3366 3325/3545/3366
f 3315/3485/3367 3314/3483/3367 3377/3543/3367
f 3288/3505/3368 3351/3544/3368 3352/3547/3368
f 3263/3445/3369 3262/3444/3369 3325/3545/3369
f 3315/3485/3370 3378/3546/3370 3379/3549/3370
f 3290/3446/3371 3289/3442/3371 3352/3547/3371
f 3263/3445/3372 3326/3548/3372 3327/3551/3372
f 3316/3487/3373 3379/3549/3373 3380/3552/3373
f 3291/3449/3374 3290/3446/3374 3353/3550/3374
f 3264/3448/3375 3327/3551/3375 3328/3554/3375
f 3318/3493/3376 3317/3489/3376 3380/3552/3376
f 3291/3449/3377 3354/3553/3377 3355/3556/3377
f 3266/3453/3378 3265/3450/3378 3328/3554/3378
f 3318/3493/3379 3381/3555/3379 3382/3558/3379
f 3293/3455/3380 3292/3452/3380 3355/3556/3380
f 3267/3456/3381 3266/3453/3381 3329/3557/3381
f 3294/3458/3383 3293/3455/3383 3356/3559/3383
f 3267/3456/3384 3330/3560/3384 3331/3563/3384
f 3294/3458/3385 3357/3562/3385 3358/3564/3385
f 3269/3461/3386 3268/3459/3386 3331/3563/3386
f 3296/3506/3387 3295/3503/3387 3358/3564/3387
f 3269/3461/3388 3332/3565/3388 3333/3567/3388
f 3296/3506/3389 3359/3566/3389 3360/3568/3389
f 3271/3466/3390 3270/3463/3390 3333/3567/3390
f 3298/3447/3391 3297/3443/3391 3360/3568/3391
f 3272/3468/3392 3271/3466/3392 3334/3569/3392
f 3364/3511/3393 3363/3509/3393 3426/3572/3393
f 3338/3512/3394 3337/3510/3394 3400/3574/3394
f 3364/3511/3395 3427/3573/3395 3428/3576/3395
f 3338/3512/3396 3401/3575/3396 3402/3577/3396
f 3366/3515/3397 3365/3513/3397 3428/3576/3397
f 3340/3516/3398 3339/3514/3398 3402/3577/3398
f 3367/3517/3399 3366/3515/3399 3429/3578/3399
f 3341/3518/3400 3340/3516/3400 3403/3579/3400
f 3367/3517/3401 3430/3580/3401 3431/3582/3401
f 3341/3518/3402 3404/3581/3402 3405/3583/3402
f 3368/3519/3403 3431/3582/3403 3432/3584/3403
f 3343/3522/3404 3342/3520/3404 3405/3583/3404
f 3370/3523/3405 3369/3521/3405 3432/3584/3405
f 3343/3522/3406 3406/3585/3406 3407/3587/3406
f 3370/3523/3407 3433/3586/3407 3434/3588/3407
f 3345/3526/3408 3344/3524/3408 3407/3587/3408
f 3372/3527/3409 3371/3525/3409 3434/3588/3409
f 3345/3526/3410 3408/3589/3410 3409/3591/3410
f 3372/3527/3412 3435/3590/3412 3436/3594/3412
f 3346/3528/3413 3409/3591/3413 3410/3595/3413
f 3320/3530/3414 3383/3593/3414 3384/3596/3414
f 3373/3531/3415 3436/3594/3415 3437/3597/3415
f 3348/3535/3416 3347/3532/3416 3410/3595/3416
f 3321/3533/3417 3384/3596/3417 3385/3599/3417
f 3375/3537/3418 3374/3534/3418 3437/3597/3418
f 3348/3535/3419 3411/3598/3419 3412/3601/3419
f 3322/3536/3420 3385/3599/3420 3386/3602/3420
f 3376/3540/3421 3375/3537/3421 3438/3600/3421
f 3350/3541/3422 3349/3538/3422 3412/3601/3422
f 3324/3542/3423 3323/3539/3423 3386/3602/3423
f 3376/3540/4182 3439/3603/4182 3440/3606/4182
f 3351/3544/3425 3350/3541/3425 3413/3604/3425
f 3325/3545/3426 3324/3542/3426 3387/3605/3426
f 3377/3543/3427 3440/3606/3427 3441/3609/3427
f 3351/3544/3428 3414/3607/3428 3415/3610/3428
f 3326/3548/4183 3325/3545/4183 3388/3608/4183
f 3378/3546/3430 3441/3609/3430 3442/3612/3430
f 3352/3547/3431 3415/3610/3431 3416/3613/3431
f 3326/3548/3432 3389/3611/3432 3390/3614/3432
f 3379/3549/3433 3442/3612/3433 3443/3615/3433
f 3354/3553/3434 3353/3550/3434 3416/3613/3434
f 3327/3551/3435 3390/3614/3435 3391/3617/3435
f 3381/3555/3436 3380/3552/3436 3443/3615/3436
f 3354/3553/3437 3417/3616/3437 3418/3619/3437
f 3329/3557/3438 3328/3554/3438 3391/3617/3438
f 3382/3558/3439 3381/3555/3439 3444/3618/3439
f 3356/3559/3440 3355/3556/3440 3418/3619/3440
f 3330/3560/3441 3329/3557/3441 3392/3620/3441
f 3357/3562/3443 3356/3559/3443 3419/3622/3443
f 3330/3560/3444 3393/3623/3444 3394/3626/3444
f 3357/3562/3445 3420/3625/3445 3421/3627/3445
f 3332/3565/3446 3331/3563/3446 3394/3626/3446
f 3359/3566/3447 3358/3564/3447 3421/3627/3447
f 3332/3565/3448 3395/3628/3448 3396/3630/3448
f 3359/3566/3449 3422/3629/3449 3423/3631/3449
f 3334/3569/3450 3333/3567/3450 3396/3630/3450
f 3361/3570/3451 3360/3568/3451 3423/3631/3451
f 3335/3571/3452 3334/3569/3452 3397/3632/3452
f 3361/3570/3453 3424/3633/3453 3425/3635/3453
f 3335/3571/3454 3398/3634/3454 3399/3636/3454
f 3362/3507/3455 3425/3635/3455 3426/3572/3455
f 3336/3508/3456 3399/3636/3456 3400/3574/3456
f 3429/3578/3457 3428/3576/3457 3491/3637/3457
f 3403/3579/3458 3402/3577/3458 3465/3639/3458
f 3430/3580/3459 3429/3578/3459 3492/3638/3459
f 3404/3581/3460 3403/3579/3460 3466/3640/3460
f 3430/3580/3461 3493/3641/3461 3494/3643/3461
f 3404/3581/3462 3467/3642/3462 3468/3644/3462
f 3431/3582/3463 3494/3643/3463 3495/3645/3463
f 3406/3585/3464 3405/3583/3464 3468/3644/3464
f 3433/3586/3465 3432/3584/3465 3495/3645/3465
f 3406/3585/3466 3469/3646/3466 3470/3648/3466
f 3433/3586/3467 3496/3647/3467 3497/3649/3467
f 3408/3589/3468 3407/3587/3468 3470/3648/3468
f 3435/3590/3469 3434/3588/3469 3497/3649/3469
f 3408/3589/3470 3471/3650/3470 3472/3652/3470
f 3435/3590/3472 3498/3651/3472 3499/3655/3472
f 3409/3591/3473 3472/3652/3473 3473/3656/3473
f 3383/3593/4184 3446/3654/4184 3447/3657/4184
f 3436/3594/3475 3499/3655/3475 3500/3658/3475
f 3411/3598/3476 3410/3595/3476 3473/3656/3476
f 3384/3596/3477 3447/3657/3477 3448/3660/3477
f 3438/3600/3478 3437/3597/3478 3500/3658/3478
f 3411/3598/3479 3474/3659/3479 3475/3662/3479
f 3385/3599/3480 3448/3660/3480 3449/3663/3480
f 3439/3603/3481 3438/3600/3481 3501/3661/3481
f 3412/3601/3482 3475/3662/3482 3476/3665/3482
f 3387/3605/3483 3386/3602/3483 3449/3663/3483
f 3439/3603/3484 3502/3664/3484 3503/3667/3484
f 3414/3607/3485 3413/3604/3485 3476/3665/3485
f 3387/3605/3486 3450/3666/3486 3451/3669/3486
f 3441/3609/3487 3440/3606/3487 3503/3667/3487
f 3414/3607/3488 3477/3668/3488 3478/3671/3488
f 3389/3611/3489 3388/3608/3489 3451/3669/3489
f 3441/3609/3490 3504/3670/3490 3505/3673/3490
f 3416/3613/3491 3415/3610/3491 3478/3671/3491
f 3389/3611/3492 3452/3672/3492 3453/3675/3492
f 3443/3615/3493 3442/3612/3493 3505/3673/3493
f 3417/3616/3494 3416/3613/3494 3479/3674/3494
f 3390/3614/3495 3453/3675/3495 3454/3678/3495
f 3443/3615/3496 3506/3676/3496 3507/3679/3496
f 3417/3616/3497 3480/3677/3497 3481/3680/3497
f 3392/3620/3498 3391/3617/3498 3454/3678/3498
f 3444/3618/3499 3507/3679/3499 3508/3682/3499
f 3419/3622/3500 3418/3619/3500 3481/3680/3500
f 3393/3623/3501 3392/3620/3501 3455/3681/3501
f 3420/3625/3503 3419/3622/3503 3482/3683/3503
f 3393/3623/3504 3456/3684/3504 3457/3687/3504
f 3420/3625/3505 3483/3686/3505 3484/3688/3505
f 3395/3628/3506 3394/3626/3506 3457/3687/3506
f 3422/3629/3507 3421/3627/3507 3484/3688/3507
f 3395/3628/3508 3458/3689/3508 3459/3691/3508
f 3422/3629/3509 3485/3690/3509 3486/3692/3509
f 3397/3632/3510 3396/3630/3510 3459/3691/3510
f 3424/3633/3511 3423/3631/3511 3486/3692/3511
f 3398/3634/3512 3397/3632/3512 3460/3693/3512
f 3424/3633/3513 3487/3694/3513 3488/3696/3513
f 3398/3634/3514 3461/3695/3514 3462/3697/3514
f 3425/3635/3515 3488/3696/3515 3489/3698/3515
f 3399/3636/3516 3462/3697/3516 3463/3699/3516
f 3427/3573/3517 3426/3572/3517 3489/3698/3517
f 3401/3575/3518 3400/3574/3518 3463/3699/3518
f 3427/3573/3519 3490/3700/3519 3491/3637/3519
f 3401/3575/3520 3464/3701/3520 3465/3639/3520
f 3493/3641/3521 3556/3765/3521 3557/3702/3521
f 3467/3642/3522 3530/3766/3522 3531/3703/3522
f 3494/3643/3523 3557/3702/3523 3558/3704/3523
f 3469/3646/3524 3468/3644/3524 3531/3703/3524
f 3496/3647/3525 3495/3645/3525 3558/3704/3525
f 3469/3646/3526 3532/3705/3526 3533/3707/3526
f 3496/3647/3527 3559/3706/3527 3560/3708/3527
f 3471/3650/3528 3470/3648/3528 3533/3707/3528
f 3498/3651/3529 3497/3649/3529 3560/3708/3529
f 3471/3650/3530 3534/3709/3530 3535/3711/3530
f 3498/3651/3532 3561/3710/3532 3562/3714/3532
f 3472/3652/3533 3535/3711/3533 3536/3715/3533
f 3446/3654/4185 3509/3713/4185 3510/3716/4185
f 3499/3655/3535 3562/3714/3535 3563/3717/3535
f 3474/3659/3536 3473/3656/3536 3536/3715/3536
f 3447/3657/3537 3510/3716/3537 3511/3719/3537
f 3501/3661/3538 3500/3658/3538 3563/3717/3538
f 3474/3659/3539 3537/3718/3539 3538/3721/3539
f 3448/3660/3540 3511/3719/3540 3512/3722/3540
f 3502/3664/3541 3501/3661/3541 3564/3720/3541
f 3475/3662/3542 3538/3721/3542 3539/3724/3542
f 3450/3666/3543 3449/3663/3543 3512/3722/3543
f 3502/3664/3544 3565/3723/3544 3566/3726/3544
f 3477/3668/3545 3476/3665/3545 3539/3724/3545
f 3450/3666/3546 3513/3725/3546 3514/3728/3546
f 3504/3670/3547 3503/3667/3547 3566/3726/3547
f 3477/3668/3548 3540/3727/3548 3541/3730/3548
f 3452/3672/3549 3451/3669/3549 3514/3728/3549
f 3504/3670/3550 3567/3729/3550 3568/3732/3550
f 3479/3674/3551 3478/3671/3551 3541/3730/3551
f 3452/3672/3552 3515/3731/3552 3516/3734/3552
f 3505/3673/3553 3568/3732/3553 3569/3735/3553
f 3480/3677/3554 3479/3674/3554 3542/3733/3554
f 3453/3675/3555 3516/3734/3555 3517/3737/3555
f 3507/3679/3556 3506/3676/3556 3569/3735/3556
f 3480/3677/3557 3543/3736/3557 3544/3739/3557
f 3455/3681/3558 3454/3678/3558 3517/3737/3558
f 3508/3682/4186 3507/3679/4186 3570/3738/4186
f 3482/3683/3560 3481/3680/3560 3544/3739/3560
f 3455/3681/3561 3518/3740/3561 3519/3743/3561
f 3483/3686/3563 3482/3683/3563 3545/3742/3563
f 3456/3684/3564 3519/3743/3564 3520/3746/3564
f 3483/3686/3565 3546/3745/3565 3547/3747/3565
f 3458/3689/3566 3457/3687/3566 3520/3746/3566
f 3485/3690/3567 3484/3688/3567 3547/3747/3567
f 3458/3689/3568 3521/3748/3568 3522/3750/3568
f 3485/3690/3569 3548/3749/3569 3549/3751/3569
f 3460/3693/3570 3459/3691/3570 3522/3750/3570
f 3487/3694/3571 3486/3692/3571 3549/3751/3571
f 3461/3695/3572 3460/3693/3572 3523/3752/3572
f 3487/3694/3573 3550/3753/3573 3551/3755/3573
f 3461/3695/3574 3524/3754/3574 3525/3756/3574
f 3488/3696/3575 3551/3755/3575 3552/3757/3575
f 3462/3697/3576 3525/3756/3576 3526/3758/3576
f 3490/3700/3577 3489/3698/3577 3552/3757/3577
f 3464/3701/3578 3463/3699/3578 3526/3758/3578
f 3490/3700/3579 3553/3759/3579 3554/3761/3579
f 3464/3701/3580 3527/3760/3580 3528/3762/3580
f 3492/3638/3581 3491/3637/3581 3554/3761/3581
f 3466/3640/3582 3465/3639/3582 3528/3762/3582
f 3493/3641/3583 3492/3638/3583 3555/3763/3583
f 3467/3642/3584 3466/3640/3584 3529/3764/3584
f 3559/3706/3585 3558/3704/3585 3621/3767/3585
f 3532/3705/3586 3595/3831/3586 3596/3769/3586
f 3559/3706/3587 3622/3768/3587 3623/3770/3587
f 3534/3709/3588 3533/3707/3588 3596/3769/3588
f 3561/3710/3589 3560/3708/3589 3623/3770/3589
f 3534/3709/3590 3597/3771/3590 3598/3773/3590
f 3561/3710/3592 3624/3772/3592 3625/3776/3592
f 3535/3711/3593 3598/3773/3593 3599/3777/3593
f 3509/3713/3594 3572/3775/3594 3573/3778/3594
f 3562/3714/3595 3625/3776/3595 3626/3779/3595
f 3537/3718/3596 3536/3715/3596 3599/3777/3596
f 3510/3716/3597 3573/3778/3597 3574/3781/3597
f 3564/3720/3598 3563/3717/3598 3626/3779/3598
f 3537/3718/3599 3600/3780/3599 3601/3783/3599
f 3511/3719/4187 3574/3781/4187 3575/3784/4187
f 3565/3723/3601 3564/3720/3601 3627/3782/3601
f 3539/3724/3602 3538/3721/3602 3601/3783/3602
f 3513/3725/3603 3512/3722/3603 3575/3784/3603
f 3565/3723/3604 3628/3785/3604 3629/3788/3604
f 3540/3727/3605 3539/3724/3605 3602/3786/3605
f 3513/3725/3606 3576/3787/3606 3577/3790/3606
f 3567/3729/3607 3566/3726/3607 3629/3788/3607
f 3540/3727/3608 3603/3789/3608 3604/3792/3608
f 3515/3731/3609 3514/3728/3609 3577/3790/3609
f 3567/3729/3610 3630/3791/3610 3631/3794/3610
f 3541/3730/3611 3604/3792/3611 3605/3795/3611
f 3515/3731/3612 3578/3793/3612 3579/3796/3612
f 3569/3735/4188 3568/3732/4188 3631/3794/4188
f 3543/3736/3614 3542/3733/3614 3605/3795/3614
f 3516/3734/3615 3579/3796/3615 3580/3799/3615
f 3570/3738/3616 3569/3735/3616 3632/3797/3616
f 3543/3736/3617 3606/3798/3617 3607/3801/3617
f 3518/3740/3618 3517/3737/3618 3580/3799/3618
f 3571/3741/3619 3570/3738/3619 3633/3800/3619
f 3545/3742/3620 3544/3739/3620 3607/3801/3620
f 3518/3740/3621 3581/3802/3621 3582/3805/3621
f 3545/3742/3623 3608/3804/3623 3609/3807/3623
f 3519/3743/3624 3582/3805/3624 3583/3808/3624
f 3546/3745/3625 3609/3807/3625 3610/3809/3625
f 3521/3748/3626 3520/3746/3626 3583/3808/3626
f 3548/3749/3627 3547/3747/3627 3610/3809/3627
f 3521/3748/3628 3584/3810/3628 3585/3812/3628
f 3548/3749/3629 3611/3811/3629 3612/3813/3629
f 3523/3752/3630 3522/3750/3630 3585/3812/3630
f 3550/3753/3631 3549/3751/3631 3612/3813/3631
f 3524/3754/3632 3523/3752/3632 3586/3814/3632
f 3550/3753/4189 3613/3815/4189 3614/3817/4189
f 3524/3754/3634 3587/3816/3634 3588/3818/3634
f 3551/3755/3635 3614/3817/3635 3615/3819/3635
f 3525/3756/3636 3588/3818/3636 3589/3820/3636
f 3553/3759/3637 3552/3757/3637 3615/3819/3637
f 3527/3760/3638 3526/3758/3638 3589/3820/3638
f 3553/3759/3639 3616/3821/3639 3617/3823/3639
f 3527/3760/3640 3590/3822/3640 3591/3824/3640
f 3555/3763/3641 3554/3761/3641 3617/3823/3641
f 3529/3764/3642 3528/3762/3642 3591/3824/3642
f 3556/3765/3643 3555/3763/3643 3618/3825/3643
f 3530/3766/4190 3529/3764/4190 3592/3826/4190
f 3556/3765/3645 3619/3827/3645 3620/3829/3645
f 3530/3766/3646 3593/3828/3646 3594/3830/3646
f 3557/3702/3647 3620/3829/3647 3621/3767/3647
f 3532/3705/3648 3531/3703/3648 3594/3830/3648
f 3624/3772/3649 3623/3770/3649 3686/3832/3649
f 3597/3771/3650 3660/3896/3650 3661/3834/3650
f 3624/3772/3652 3687/3833/3652 3688/3837/3652
f 3598/3773/3653 3661/3834/3653 3662/3838/3653
f 3572/3775/3654 3635/3836/3654 3636/3839/3654
f 3625/3776/3655 3688/3837/3655 3689/3840/3655
f 3600/3780/3656 3599/3777/3656 3662/3838/3656
f 3573/3778/3657 3636/3839/3657 3637/3842/3657
f 3627/3782/3658 3626/3779/3658 3689/3840/3658
f 3600/3780/3659 3663/3841/3659 3664/3844/3659
f 3574/3781/3660 3637/3842/3660 3638/3845/3660
f 3628/3785/3661 3627/3782/3661 3690/3843/3661
f 3602/3786/3662 3601/3783/3662 3664/3844/3662
f 3576/3787/3663 3575/3784/3663 3638/3845/3663
f 3628/3785/3664 3691/3846/3664 3692/3849/3664
f 3603/3789/3665 3602/3786/3665 3665/3847/3665
f 3576/3787/3666 3639/3848/3666 3640/3851/3666
f 3629/3788/3667 3692/3849/3667 3693/3852/3667
f 3603/3789/3668 3666/3850/3668 3667/3853/3668
f 3578/3793/3669 3577/3790/3669 3640/3851/3669
f 3630/3791/3670 3693/3852/3670 3694/3855/3670
f 3604/3792/3671 3667/3853/3671 3668/3856/3671
f 3578/3793/3672 3641/3854/3672 3642/3857/3672
f 3631/3794/3673 3694/3855/3673 3695/3858/3673
f 3606/3798/3674 3605/3795/3674 3668/3856/3674
f 3579/3796/3675 3642/3857/3675 3643/3860/3675
f 3633/3800/3676 3632/3797/3676 3695/3858/3676
f 3606/3798/3677 3669/3859/3677 3670/3862/3677
f 3581/3802/3678 3580/3799/3678 3643/3860/3678
f 3634/3803/3679 3633/3800/3679 3696/3861/3679
f 3608/3804/3680 3607/3801/3680 3670/3862/3680
f 3582/3805/3681 3581/3802/3681 3644/3863/3681
f 3609/3807/3683 3608/3804/3683 3671/3865/3683
f 3582/3805/3684 3645/3866/3684 3646/3869/3684
f 3609/3807/3685 3672/3868/3685 3673/3870/3685
f 3584/3810/3686 3583/3808/3686 3646/3869/3686
f 3611/3811/3687 3610/3809/3687 3673/3870/3687
f 3584/3810/3688 3647/3871/3688 3648/3873/3688
f 3611/3811/3689 3674/3872/3689 3675/3874/3689
f 3586/3814/3690 3585/3812/3690 3648/3873/3690
f 3613/3815/3691 3612/3813/3691 3675/3874/3691
f 3587/3816/3692 3586/3814/3692 3649/3875/3692
f 3613/3815/3693 3676/3876/3693 3677/3878/3693
f 3587/3816/3694 3650/3877/3694 3651/3879/3694
f 3614/3817/3695 3677/3878/3695 3678/3880/3695
f 3588/3818/3696 3651/3879/3696 3652/3881/3696
f 3616/3821/3697 3615/3819/3697 3678/3880/3697
f 3590/3822/3698 3589/3820/3698 3652/3881/3698
f 3616/3821/3699 3679/3882/3699 3680/3884/3699
f 3590/3822/3700 3653/3883/3700 3654/3885/3700
f 3618/3825/3701 3617/3823/3701 3680/3884/3701
f 3592/3826/3702 3591/3824/3702 3654/3885/3702
f 3619/3827/3703 3618/3825/3703 3681/3886/3703
f 3593/3828/3704 3592/3826/3704 3655/3887/3704
f 3619/3827/3705 3682/3888/3705 3683/3890/3705
f 3593/3828/3706 3656/3889/3706 3657/3891/3706
f 3620/3829/3707 3683/3890/3707 3684/3892/3707
f 3595/3831/3708 3594/3830/3708 3657/3891/3708
f 3622/3768/3709 3621/3767/3709 3684/3892/3709
f 3595/3831/3710 3658/3893/3710 3659/3895/3710
f 3622/3768/3711 3685/3894/3711 3686/3832/3711
f 3597/3771/3712 3596/3769/3712 3659/3895/3712
f 3635/3836/3713 3698/3960/3713 3699/3897/3713
f 3688/3837/3714 3751/3961/3714 3752/3898/3714
f 3663/3841/3715 3662/3838/3715 3725/3899/3715
f 3636/3839/3716 3699/3897/3716 3700/3901/3716
f 3690/3843/3717 3689/3840/3717 3752/3898/3717
f 3663/3841/3718 3726/3900/3718 3727/3903/3718
f 3637/3842/3719 3700/3901/3719 3701/3904/3719
f 3691/3846/3720 3690/3843/3720 3753/3902/3720
f 3665/3847/3721 3664/3844/3721 3727/3903/3721
f 3639/3848/3722 3638/3845/3722 3701/3904/3722
f 3691/3846/3723 3754/3905/3723 3755/3908/3723
f 3666/3850/3724 3665/3847/3724 3728/3906/3724
f 3639/3848/3725 3702/3907/3725 3703/3910/3725
f 3693/3852/3726 3692/3849/3726 3755/3908/3726
f 3666/3850/3727 3729/3909/3727 3730/3912/3727
f 3641/3854/3728 3640/3851/3728 3703/3910/3728
f 3693/3852/3729 3756/3911/3729 3757/3914/3729
f 3667/3853/3730 3730/3912/3730 3731/3915/3730
f 3641/3854/3731 3704/3913/3731 3705/3916/3731
f 3694/3855/3732 3757/3914/3732 3758/3917/3732
f 3669/3859/3733 3668/3856/3733 3731/3915/3733
f 3642/3857/3734 3705/3916/3734 3706/3919/3734
f 3696/3861/3735 3695/3858/3735 3758/3917/3735
f 3669/3859/3736 3732/3918/3736 3733/3921/3736
f 3644/3863/3737 3643/3860/3737 3706/3919/3737
f 3696/3861/3738 3759/3920/3738 3760/3923/3738
f 3671/3865/3739 3670/3862/3739 3733/3921/3739
f 3645/3866/3740 3644/3863/3740 3707/3922/3740
f 3672/3868/3742 3671/3865/3742 3734/3924/3742
f 3645/3866/3743 3708/3925/3743 3709/3928/3743
f 3672/3868/4191 3735/3927/4191 3736/3929/4191
f 3647/3871/3745 3646/3869/3745 3709/3928/3745
f 3674/3872/3746 3673/3870/3746 3736/3929/3746
f 3647/3871/3747 3710/3930/3747 3711/3932/3747
f 3674/3872/3748 3737/3931/3748 3738/3933/3748
f 3649/3875/3749 3648/3873/3749 3711/3932/3749
f 3676/3876/3750 3675/3874/3750 3738/3933/3750
f 3650/3877/3751 3649/3875/3751 3712/3934/3751
f 3676/3876/4192 3739/3935/4192 3740/3937/4192
f 3650/3877/3753 3713/3936/3753 3714/3938/3753
f 3677/3878/3754 3740/3937/3754 3741/3939/3754
f 3651/3879/3755 3714/3938/3755 3715/3940/3755
f 3679/3882/3756 3678/3880/3756 3741/3939/3756
f 3653/3883/3757 3652/3881/3757 3715/3940/3757
f 3679/3882/3758 3742/3941/3758 3743/3943/3758
f 3653/3883/3759 3716/3942/3759 3717/3944/3759
f 3681/3886/3760 3680/3884/3760 3743/3943/3760
f 3655/3887/3761 3654/3885/3761 3717/3944/3761
f 3682/3888/3762 3681/3886/3762 3744/3945/3762
f 3656/3889/4193 3655/3887/4193 3718/3946/4193
f 3682/3888/3764 3745/3947/3764 3746/3949/3764
f 3656/3889/3765 3719/3948/3765 3720/3950/3765
f 3683/3890/3766 3746/3949/3766 3747/3951/3766
f 3658/3893/3767 3657/3891/3767 3720/3950/3767
f 3685/3894/3768 3684/3892/3768 3747/3951/3768
f 3658/3893/3769 3721/3952/3769 3722/3954/3769
f 3685/3894/3770 3748/3953/3770 3749/3955/3770
f 3660/3896/4194 3659/3895/4194 3722/3954/4194
f 3687/3833/3772 3686/3832/3772 3749/3955/3772
f 3660/3896/3773 3723/3956/3773 3724/3958/3773
f 3688/3837/3775 3687/3833/3775 3750/3957/3775
f 3661/3834/3776 3724/3958/3776 3725/3899/3776
f 3700/3901/3777 3763/4026/3777 3764/3962/3777
f 3754/3905/3778 3753/3902/3778 3816/3963/3778
f 3728/3906/3779 3727/3903/3779 3790/3965/3779
f 3702/3907/3780 3701/3904/3780 3764/3962/3780
f 3754/3905/3781 3817/3964/3781 3818/3968/3781
f 3729/3909/3782 3728/3906/3782 3791/3966/3782
f 3702/3907/3783 3765/3967/3783 3766/3970/3783
f 3756/3911/3784 3755/3908/3784 3818/3968/3784
f 3729/3909/3785 3792/3969/3785 3793/3972/3785
f 3704/3913/3786 3703/3910/3786 3766/3970/3786
f 3756/3911/3787 3819/3971/3787 3820/3974/3787
f 3730/3912/3788 3793/3972/3788 3794/3975/3788
f 3704/3913/3789 3767/3973/3789 3768/3976/3789
f 3757/3914/3790 3820/3974/3790 3821/3977/3790
f 3732/3918/3791 3731/3915/3791 3794/3975/3791
f 3705/3916/3792 3768/3976/3792 3769/3979/3792
f 3759/3920/3793 3758/3917/3793 3821/3977/3793
f 3732/3918/3794 3795/3978/3794 3796/3981/3794
f 3706/3919/3795 3769/3979/3795 3770/3982/3795
f 3759/3920/3796 3822/3980/3796 3823/3983/3796
f 3734/3924/3797 3733/3921/3797 3796/3981/3797
f 3707/3922/3798 3770/3982/3798 3771/3985/3798
f 3735/3927/3800 3734/3924/3800 3797/3984/3800
f 3708/3925/3801 3771/3985/3801 3772/3988/3801
f 3735/3927/3802 3798/3987/3802 3799/3989/3802
f 3710/3930/3803 3709/3928/3803 3772/3988/3803
f 3737/3931/3804 3736/3929/3804 3799/3989/3804
f 3710/3930/3805 3773/3990/3805 3774/3992/3805
f 3737/3931/3806 3800/3991/3806 3801/3993/3806
f 3712/3934/3807 3711/3932/3807 3774/3992/3807
f 3739/3935/3808 3738/3933/3808 3801/3993/3808
f 3712/3934/3809 3775/3994/3809 3776/3996/3809
f 3739/3935/4195 3802/3995/4195 3803/3997/4195
f 3713/3936/3811 3776/3996/3811 3777/3998/3811
f 3740/3937/3812 3803/3997/3812 3804/3999/3812
f 3714/3938/3813 3777/3998/3813 3778/4000/3813
f 3742/3941/3814 3741/3939/3814 3804/3999/3814
f 3716/3942/3815 3715/3940/3815 3778/4000/3815
f 3742/3941/3816 3805/4001/3816 3806/4003/3816
f 3716/3942/3817 3779/4002/3817 3780/4004/3817
f 3744/3945/3818 3743/3943/3818 3806/4003/3818
f 3718/3946/3819 3717/3944/3819 3780/4004/3819
f 3745/3947/3820 3744/3945/3820 3807/4005/3820
f 3719/3948/4196 3718/3946/4196 3781/4006/4196
f 3745/3947/3822 3808/4007/3822 3809/4009/3822
f 3719/3948/3823 3782/4008/3823 3783/4010/3823
f 3746/3949/3824 3809/4009/3824 3810/4011/3824
f 3721/3952/3825 3720/3950/3825 3783/4010/3825
f 3748/3953/3826 3747/3951/3826 3810/4011/3826
f 3721/3952/3827 3784/4012/3827 3785/4014/3827
f 3748/3953/3828 3811/4013/3828 3812/4015/3828
f 3723/3956/3829 3722/3954/3829 3785/4014/3829
f 3750/3957/3830 3749/3955/3830 3812/4015/3830
f 3723/3956/3831 3786/4016/3831 3787/4018/3831
f 3750/3957/3833 3813/4017/3833 3814/4021/3833
f 3724/3958/3834 3787/4018/3834 3788/4022/3834
f 3698/3960/3835 3761/4020/3835 3762/4023/3835
f 3752/3898/3836 3751/3961/3836 3814/4021/3836
f 3726/3900/3837 3725/3899/3837 3788/4022/3837
f 3699/3897/3838 3762/4023/3838 3763/4026/3838
f 3752/3898/3839 3815/4024/3839 3816/3963/3839
f 3726/3900/3840 3789/4025/3840 3790/3965/3840
f 3765/3967/3841 3828/4090/3841 3829/4027/3841
f 3819/3971/3842 3818/3968/3842 3881/4028/3842
f 3792/3969/3843 3855/4091/3843 3856/4030/3843
f 3767/3973/3844 3766/3970/3844 3829/4027/3844
f 3819/3971/3845 3882/4029/3845 3883/4032/3845
f 3793/3972/3846 3856/4030/3846 3857/4033/3846
f 3767/3973/3847 3830/4031/3847 3831/4034/3847
f 3820/3974/3848 3883/4032/3848 3884/4035/3848
f 3795/3978/3849 3794/3975/3849 3857/4033/3849
f 3768/3976/3850 3831/4034/3850 3832/4037/3850
f 3822/3980/3851 3821/3977/3851 3884/4035/3851
f 3795/3978/3852 3858/4036/3852 3859/4039/3852
f 3770/3982/3853 3769/3979/3853 3832/4037/3853
f 3822/3980/3854 3885/4038/3854 3886/4041/3854
f 3797/3984/3855 3796/3981/3855 3859/4039/3855
f 3771/3985/3856 3770/3982/3856 3833/4040/3856
f 3798/3987/3858 3797/3984/3858 3860/4042/3858
f 3771/3985/3859 3834/4043/3859 3835/4046/3859
f 3798/3987/3860 3861/4045/3860 3862/4047/3860
f 3773/3990/3861 3772/3988/3861 3835/4046/3861
f 3800/3991/3862 3799/3989/3862 3862/4047/3862
f 3773/3990/3863 3836/4048/3863 3837/4050/3863
f 3800/3991/3864 3863/4049/3864 3864/4051/3864
f 3775/3994/3865 3774/3992/3865 3837/4050/3865
f 3802/3995/3866 3801/3993/3866 3864/4051/3866
f 3776/3996/3867 3775/3994/3867 3838/4052/3867
f 3802/3995/4197 3865/4053/4197 3866/4055/4197
f 3776/3996/3869 3839/4054/3869 3840/4056/3869
f 3803/3997/3870 3866/4055/3870 3867/4057/3870
f 3777/3998/3871 3840/4056/3871 3841/4058/3871
f 3805/4001/3872 3804/3999/3872 3867/4057/3872
f 3779/4002/3873 3778/4000/3873 3841/4058/3873
f 3805/4001/3874 3868/4059/3874 3869/4061/3874
f 3779/4002/3875 3842/4060/3875 3843/4062/3875
f 3807/4005/3876 3806/4003/3876 3869/4061/3876
f 3781/4006/3877 3780/4004/3877 3843/4062/3877
f 3808/4007/3878 3807/4005/3878 3870/4063/3878
f 3782/4008/4198 3781/4006/4198 3844/4064/4198
f 3808/4007/3880 3871/4065/3880 3872/4067/3880
f 3782/4008/3881 3845/4066/3881 3846/4068/3881
f 3809/4009/3882 3872/4067/3882 3873/4069/3882
f 3784/4012/3883 3783/4010/3883 3846/4068/3883
f 3811/4013/3884 3810/4011/3884 3873/4069/3884
f 3784/4012/3885 3847/4070/3885 3848/4072/3885
f 3811/4013/3886 3874/4071/3886 3875/4073/3886
f 3786/4016/3887 3785/4014/3887 3848/4072/3887
f 3813/4017/3888 3812/4015/3888 3875/4073/3888
f 3786/4016/3889 3849/4074/3889 3850/4076/3889
f 3813/4017/3891 3876/4075/3891 3877/4079/3891
f 3787/4018/3892 3850/4076/3892 3851/4080/3892
f 3761/4020/3893 3824/4078/3893 3825/4081/3893
f 3814/4021/3894 3877/4079/3894 3878/4082/3894
f 3789/4025/3895 3788/4022/3895 3851/4080/3895
f 3762/4023/3896 3825/4081/3896 3826/4084/3896
f 3815/4024/3897 3878/4082/3897 3879/4085/3897
f 3789/4025/3898 3852/4083/3898 3853/4086/3898
f 3763/4026/3899 3826/4084/3899 3827/4087/3899
f 3817/3964/3900 3816/3963/3900 3879/4085/3900
f 3791/3966/3901 3790/3965/3901 3853/4086/3901
f 3765/3967/3902 3764/3962/3902 3827/4087/3902
f 3817/3964/3903 3880/4088/3903 3881/4028/3903
f 3792/3969/3904 3791/3966/3904 3854/4089/3904
f 3830/4031/3905 3893/4155/3905 3894/4092/3905
f 3883/4032/3906 3946/4156/3906 3947/4093/3906
f 3858/4036/3907 3857/4033/3907 3920/4094/3907
f 3832/4037/3908 3831/4034/3908 3894/4092/3908
f 3884/4035/3909 3947/4093/3909 3948/4097/3909
f 3858/4036/3910 3921/4095/3910 3922/4098/3910
f 3832/4037/4199 3895/4096/4199 3896/4099/4199
f 3885/4038/3912 3948/4097/3912 3949/4100/3912
f 3860/4042/3913 3859/4039/3913 3922/4098/3913
f 3834/4043/3914 3833/4040/3914 3896/4099/3914
f 3861/4045/3916 3860/4042/3916 3923/4101/3916
f 3834/4043/3917 3897/4102/3917 3898/4105/3917
f 3861/4045/3918 3924/4104/3918 3925/4106/3918
f 3836/4048/3919 3835/4046/3919 3898/4105/3919
f 3863/4049/3920 3862/4047/3920 3925/4106/3920
f 3836/4048/3921 3899/4107/3921 3900/4109/3921
f 3863/4049/3922 3926/4108/3922 3927/4110/3922
f 3838/4052/3923 3837/4050/3923 3900/4109/3923
f 3865/4053/3924 3864/4051/3924 3927/4110/3924
f 3838/4052/4200 3901/4111/4200 3902/4113/4200
f 3865/4053/3926 3928/4112/3926 3929/4114/3926
f 3839/4054/3927 3902/4113/3927 3903/4115/3927
f 3866/4055/3928 3929/4114/3928 3930/4116/3928
f 3840/4056/3929 3903/4115/3929 3904/4117/3929
f 3868/4059/3930 3867/4057/3930 3930/4116/3930
f 3842/4060/3931 3841/4058/3931 3904/4117/3931
f 3868/4059/3932 3931/4118/3932 3932/4120/3932
f 3842/4060/3933 3905/4119/3933 3906/4121/3933
f 3870/4063/3934 3869/4061/3934 3932/4120/3934
f 3844/4064/3935 3843/4062/3935 3906/4121/3935
f 3871/4065/3936 3870/4063/3936 3933/4122/3936
f 3845/4066/3937 3844/4064/3937 3907/4123/3937
f 3872/4067/4201 3871/4065/4201 3934/4124/4201
f 3845/4066/3939 3908/4125/3939 3909/4127/3939
f 3872/4067/3940 3935/4126/3940 3936/4128/3940
f 3847/4070/3941 3846/4068/3941 3909/4127/3941
f 3874/4071/3942 3873/4069/3942 3936/4128/3942
f 3847/4070/3943 3910/4129/3943 3911/4131/3943
f 3874/4071/3944 3937/4130/3944 3938/4132/3944
f 3849/4074/3945 3848/4072/3945 3911/4131/3945
f 3876/4075/3946 3875/4073/3946 3938/4132/3946
f 3849/4074/3947 3912/4133/3947 3913/4135/3947
f 3876/4075/3949 3939/4134/3949 3940/4138/3949
f 3850/4076/3950 3913/4135/3950 3914/4139/3950
f 3825/4081/3951 3824/4078/3951 3887/4137/3951
f 3878/4082/4202 3877/4079/4202 3940/4138/4202
f 3852/4083/3953 3851/4080/3953 3914/4139/3953
f 3825/4081/3954 3888/4140/3954 3889/4143/3954
f 3878/4082/3955 3941/4141/3955 3942/4144/3955
f 3852/4083/3956 3915/4142/3956 3916/4145/3956
f 3826/4084/3957 3889/4143/3957 3890/4146/3957
f 3880/4088/3958 3879/4085/3958 3942/4144/3958
f 3853/4086/3959 3916/4145/3959 3917/4148/3959
f 3828/4090/3960 3827/4087/3960 3890/4146/3960
f 3880/4088/3961 3943/4147/3961 3944/4150/3961
f 3855/4091/3962 3854/4089/3962 3917/4148/3962
f 3828/4090/3963 3891/4149/3963 3892/4152/3963
f 3882/4029/3964 3881/4028/3964 3944/4150/3964
f 3855/4091/3965 3918/4151/3965 3919/4154/3965
f 3830/4031/3966 3829/4027/3966 3892/4152/3966
f 3882/4029/3967 3945/4153/3967 3946/4156/3967
f 3857/4033/3968 3856/4030/3968 3919/4154/3968
f 3895/4096/3969 3958/4220/3969 3959/4157/3969
f 3948/4097/3970 4011/4221/3970 4012/4158/3970
f 3923/4101/3971 3922/4098/3971 3985/4159/3971
f 3897/4102/3972 3896/4099/3972 3959/4157/3972
f 3924/4104/3974 3923/4101/3974 3986/4160/3974
f 3897/4102/3975 3960/4161/3975 3961/4164/3975
f 3924/4104/3976 3987/4163/3976 3988/4165/3976
f 3899/4107/3977 3898/4105/3977 3961/4164/3977
f 3926/4108/3978 3925/4106/3978 3988/4165/3978
f 3899/4107/3979 3962/4166/3979 3963/4168/3979
f 3926/4108/3980 3989/4167/3980 3990/4169/3980
f 3901/4111/3981 3900/4109/3981 3963/4168/3981
f 3928/4112/3982 3927/4110/3982 3990/4169/3982
f 3901/4111/3983 3964/4170/3983 3965/4172/3983
f 3928/4112/3984 3991/4171/3984 3992/4173/3984
f 3902/4113/3985 3965/4172/3985 3966/4174/3985
f 3929/4114/3986 3992/4173/3986 3993/4175/3986
f 3903/4115/3987 3966/4174/3987 3967/4176/3987
f 3931/4118/3988 3930/4116/3988 3993/4175/3988
f 3905/4119/3989 3904/4117/3989 3967/4176/3989
f 3931/4118/3990 3994/4177/3990 3995/4179/3990
f 3905/4119/3991 3968/4178/3991 3969/4180/3991
f 3933/4122/3992 3932/4120/3992 3995/4179/3992
f 3907/4123/3993 3906/4121/3993 3969/4180/3993
f 3934/4124/3994 3933/4122/3994 3996/4181/3994
f 3908/4125/3995 3907/4123/3995 3970/4182/3995
f 3935/4126/3996 3934/4124/3996 3997/4183/3996
f 3908/4125/3997 3971/4184/3997 3972/4186/3997
f 3935/4126/3998 3998/4185/3998 3999/4187/3998
f 3910/4129/3999 3909/4127/3999 3972/4186/3999
f 3937/4130/4000 3936/4128/4000 3999/4187/4000
f 3910/4129/4001 3973/4188/4001 3974/4190/4001
f 3937/4130/4002 4000/4189/4002 4001/4191/4002
f 3912/4133/4003 3911/4131/4003 3974/4190/4003
f 3939/4134/4004 3938/4132/4004 4001/4191/4004
f 3912/4133/4005 3975/4192/4005 3976/4194/4005
f 3939/4134/4007 4002/4193/4007 4003/4197/4007
f 3913/4135/4008 3976/4194/4008 3977/4198/4008
f 3887/4137/4009 3950/4196/4009 3951/4199/4009
f 3941/4141/4010 3940/4138/4010 4003/4197/4010
f 3915/4142/4011 3914/4139/4011 3977/4198/4011
f 3888/4140/4012 3951/4199/4012 3952/4202/4012
f 3942/4144/4013 3941/4141/4013 4004/4200/4013
f 3915/4142/4014 3978/4201/4014 3979/4204/4014
f 3889/4143/4015 3952/4202/4015 3953/4205/4015
f 3943/4147/4016 3942/4144/4016 4005/4203/4016
f 3916/4145/4017 3979/4204/4017 3980/4207/4017
f 3890/4146/4018 3953/4205/4018 3954/4208/4018
f 3943/4147/4019 4006/4206/4019 4007/4209/4019
f 3918/4151/4020 3917/4148/4020 3980/4207/4020
f 3891/4149/4021 3954/4208/4021 3955/4211/4021
f 3945/4153/4022 3944/4150/4022 4007/4209/4022
f 3918/4151/4023 3981/4210/4023 3982/4213/4023
f 3893/4155/4024 3892/4152/4024 3955/4211/4024
f 3945/4153/4025 4008/4212/4025 4009/4215/4025
f 3920/4094/4026 3919/4154/4026 3982/4213/4026
f 3893/4155/4027 3956/4214/4027 3957/4217/4027
f 3947/4093/4028 3946/4156/4028 4009/4215/4028
f 3921/4095/4029 3920/4094/4029 3983/4216/4029
f 3894/4092/4030 3957/4217/4030 3958/4220/4030
f 3948/4097/4031 3947/4093/4031 4010/4218/4031
f 3921/4095/4032 3984/4219/4032 3985/4159/4032
f 3960/4161/4033 4021/72/4033 4022/77/4033
f 3987/4163/4034 23/76/4034 4028/80/4034
f 3962/4166/4035 3961/4164/4035 4022/77/4035
f 3989/4167/4036 3988/4165/4036 4028/80/4036
f 3963/4168/4203 3962/4166/4203 3/82/4203
f 3989/4167/4038 24/83/4038 25/88/4038
f 3964/4170/4039 3963/4168/4039 4023/86/4039
f 3991/4171/4040 3990/4169/4040 25/88/4040
f 3965/4172/4041 3964/4170/4041 4/89/4041
f 3991/4171/4204 26/92/4204 27/96/4204
f 3966/4174/4043 3965/4172/4043 5/93/4043
f 3992/4173/4044 27/96/4044 28/100/4044
f 3966/4174/4045 6/98/4045 4024/101/4045
f 3994/4177/4205 3993/4175/4205 28/100/4205
f 3968/4178/4047 3967/4176/4047 4024/101/4047
f 3994/4177/4048 29/103/4048 4029/108/4048
f 3968/4178/4206 7/105/4206 8/110/4206
f 3995/4179/4050 4029/108/4050 30/112/4050
f 3970/4182/4051 3969/4180/4051 8/110/4051
f 3996/4181/4052 30/112/4052 31/115/4052
f 3971/4184/4207 3970/4182/4207 9/114/4207
f 3997/4183/4054 31/115/4054 32/120/4054
f 3971/4184/4055 10/118/4055 11/122/4055
f 3998/4185/4056 32/120/4056 33/124/4056
f 3973/4188/4057 3972/4186/4057 11/122/4057
f 3999/4187/4058 33/124/4058 34/127/4058
f 3973/4188/4059 12/125/4059 13/4/4059
f 4000/4189/4060 34/127/4060 4030/1/4060
f 3975/4192/4061 3974/4190/4061 13/4/4061
f 4001/4191/4062 4030/1/4062 35/7/4062
f 3976/4194/4063 3975/4192/4063 14/6/4063
f 4002/4193/4065 35/7/4065 36/14/4065
f 3976/4194/4208 15/10/4208 4025/16/4208
f 3951/4199/4067 3950/4196/4067 4013/11/4067
f 4003/4197/4068 36/14/4068 37/21/4068
f 3978/4201/4209 3977/4198/4209 4025/16/4209
f 3951/4199/4070 4014/18/4070 4015/24/4070
f 4004/4200/4071 37/21/4071 38/26/4071
f 3978/4201/4072 16/23/4072 17/29/4072
f 3953/4205/4073 3952/4202/4073 4015/24/4073
f 4005/4203/4074 38/26/4074 39/32/4074
f 3980/4207/4075 3979/4204/4075 17/29/4075
f 3954/4208/4076 3953/4205/4076 1/30/4076
f 4006/4206/4077 39/32/4077 40/39/4077
f 3981/4210/4078 3980/4207/4078 18/35/4078
f 3954/4208/4079 4016/36/4079 2/42/4079
f 4008/4212/4080 4007/4209/4080 40/39/4080
f 3981/4210/4081 19/40/4081 4026/46/4081
f 3956/4214/4082 3955/4211/4082 2/42/4082
f 4008/4212/4083 4031/45/4083 41/51/4083
f 3982/4213/4084 4026/46/4084 20/53/4084
f 3956/4214/4085 4017/48/4085 4018/54/4085
f 4009/4215/4086 41/51/4086 4032/57/4086
f 3984/4219/4087 3983/4216/4087 20/53/4087
f 3957/4217/4088 4018/54/4088 4019/60/4088
f 4011/4221/4089 4010/4218/4089 4032/57/4089
f 3984/4219/4210 21/59/4210 4027/64/4210
f 3958/4220/4091 4019/60/4091 4020/66/4091
f 4011/4221/4092 4033/63/4092 4034/69/4092
f 3986/4160/4211 3985/4159/4211 4027/64/4211
f 3960/4161/4094 3959/4157/4094 4020/66/4094
f 3986/4160/4096 22/71/4096 23/76/4096
